source_entity_ref,cohort_name,cohort_dim,metric_name,value,sample_size,timestamp
mlflow://experiment-1/patient-readmission-risk,18-30,age_group,accuracy,0.8908,341,2026-05-02T16:00:00Z
mlflow://experiment-1/patient-readmission-risk,31-45,age_group,accuracy,0.955,3829,2026-05-02T16:00:00Z
mlflow://experiment-1/patient-readmission-risk,46-60,age_group,accuracy,0.8548,2409,2026-05-02T16:00:00Z
mlflow://experiment-1/patient-readmission-risk,61-75,age_group,accuracy,0.9416,1653,2026-05-02T16:00:00Z
mlflow://experiment-1/patient-readmission-risk,75+,age_group,accuracy,0.9216,3850,2026-05-02T16:00:00Z
mlflow://experiment-1/patient-readmission-risk,Female,sex,accuracy,0.9012,1495,2026-05-02T16:00:00Z
mlflow://experiment-1/patient-readmission-risk,Male,sex,accuracy,0.9164,3547,2026-05-02T16:00:00Z
mlflow://experiment-1/patient-readmission-risk,Other,sex,accuracy,0.9392,4373,2026-05-02T16:00:00Z
mlflow://experiment-1/patient-readmission-risk,Commercial,insurance,accuracy,0.9335,2878,2026-05-02T16:00:00Z
mlflow://experiment-1/patient-readmission-risk,Medicare,insurance,accuracy,0.9064,896,2026-05-02T16:00:00Z
mlflow://experiment-1/patient-readmission-risk,Medicaid,insurance,accuracy,0.9093,3131,2026-05-02T16:00:00Z
mlflow://experiment-1/patient-readmission-risk,Self-pay,insurance,accuracy,0.9487,2144,2026-05-02T16:00:00Z
mlflow://experiment-1/patient-readmission-risk,18-30,age_group,accuracy,0.9016,1224,2026-05-08T16:00:00Z
mlflow://experiment-1/patient-readmission-risk,31-45,age_group,accuracy,0.956,2562,2026-05-08T16:00:00Z
mlflow://experiment-1/patient-readmission-risk,46-60,age_group,accuracy,0.8787,3279,2026-05-08T16:00:00Z
mlflow://experiment-1/patient-readmission-risk,61-75,age_group,accuracy,0.9056,2754,2026-05-08T16:00:00Z
mlflow://experiment-1/patient-readmission-risk,75+,age_group,accuracy,0.9199,2396,2026-05-08T16:00:00Z
mlflow://experiment-1/patient-readmission-risk,Female,sex,accuracy,0.9967,4896,2026-05-08T16:00:00Z
mlflow://experiment-1/patient-readmission-risk,Male,sex,accuracy,0.9247,4685,2026-05-08T16:00:00Z
mlflow://experiment-1/patient-readmission-risk,Other,sex,accuracy,0.9199,1044,2026-05-08T16:00:00Z
mlflow://experiment-1/patient-readmission-risk,Commercial,insurance,accuracy,0.9209,2611,2026-05-08T16:00:00Z
mlflow://experiment-1/patient-readmission-risk,Medicare,insurance,accuracy,0.9285,3590,2026-05-08T16:00:00Z
mlflow://experiment-1/patient-readmission-risk,Medicaid,insurance,accuracy,0.8668,194,2026-05-08T16:00:00Z
mlflow://experiment-1/patient-readmission-risk,Self-pay,insurance,accuracy,0.9035,4016,2026-05-08T16:00:00Z
mlflow://experiment-1/patient-readmission-risk,18-30,age_group,accuracy,0.8653,2876,2026-05-14T16:00:00Z
mlflow://experiment-1/patient-readmission-risk,31-45,age_group,accuracy,0.8611,1684,2026-05-14T16:00:00Z
mlflow://experiment-1/patient-readmission-risk,46-60,age_group,accuracy,0.9186,4932,2026-05-14T16:00:00Z
mlflow://experiment-1/patient-readmission-risk,61-75,age_group,accuracy,0.8927,743,2026-05-14T16:00:00Z
mlflow://experiment-1/patient-readmission-risk,75+,age_group,accuracy,0.9815,1561,2026-05-14T16:00:00Z
mlflow://experiment-1/patient-readmission-risk,Female,sex,accuracy,0.9501,3520,2026-05-14T16:00:00Z
mlflow://experiment-1/patient-readmission-risk,Male,sex,accuracy,0.9041,1895,2026-05-14T16:00:00Z
mlflow://experiment-1/patient-readmission-risk,Other,sex,accuracy,0.8998,4076,2026-05-14T16:00:00Z
mlflow://experiment-1/patient-readmission-risk,Commercial,insurance,accuracy,0.8752,2878,2026-05-14T16:00:00Z
mlflow://experiment-1/patient-readmission-risk,Medicare,insurance,accuracy,0.9533,4577,2026-05-14T16:00:00Z
mlflow://experiment-1/patient-readmission-risk,Medicaid,insurance,accuracy,0.9611,1376,2026-05-14T16:00:00Z
mlflow://experiment-1/patient-readmission-risk,Self-pay,insurance,accuracy,0.8862,1089,2026-05-14T16:00:00Z
mlflow://experiment-1/patient-readmission-risk,18-30,age_group,accuracy,0.9066,4215,2026-05-20T16:00:00Z
mlflow://experiment-1/patient-readmission-risk,31-45,age_group,accuracy,0.9479,4075,2026-05-20T16:00:00Z
mlflow://experiment-1/patient-readmission-risk,46-60,age_group,accuracy,0.96,2600,2026-05-20T16:00:00Z
mlflow://experiment-1/patient-readmission-risk,61-75,age_group,accuracy,0.9648,4172,2026-05-20T16:00:00Z
mlflow://experiment-1/patient-readmission-risk,75+,age_group,accuracy,0.9177,4683,2026-05-20T16:00:00Z
mlflow://experiment-1/patient-readmission-risk,Female,sex,accuracy,0.8585,3805,2026-05-20T16:00:00Z
mlflow://experiment-1/patient-readmission-risk,Male,sex,accuracy,0.9266,460,2026-05-20T16:00:00Z
mlflow://experiment-1/patient-readmission-risk,Other,sex,accuracy,0.9077,3016,2026-05-20T16:00:00Z
mlflow://experiment-1/patient-readmission-risk,Commercial,insurance,accuracy,0.8721,1992,2026-05-20T16:00:00Z
mlflow://experiment-1/patient-readmission-risk,Medicare,insurance,accuracy,0.8551,4861,2026-05-20T16:00:00Z
mlflow://experiment-1/patient-readmission-risk,Medicaid,insurance,accuracy,0.9584,1894,2026-05-20T16:00:00Z
mlflow://experiment-1/patient-readmission-risk,Self-pay,insurance,accuracy,0.8756,1875,2026-05-20T16:00:00Z
mlflow://experiment-1/patient-readmission-risk,18-30,age_group,accuracy,0.8822,4231,2026-05-26T16:00:00Z
mlflow://experiment-1/patient-readmission-risk,31-45,age_group,accuracy,0.9162,3172,2026-05-26T16:00:00Z
mlflow://experiment-1/patient-readmission-risk,46-60,age_group,accuracy,0.8939,2812,2026-05-26T16:00:00Z
mlflow://experiment-1/patient-readmission-risk,61-75,age_group,accuracy,0.9212,4913,2026-05-26T16:00:00Z
mlflow://experiment-1/patient-readmission-risk,75+,age_group,accuracy,0.9196,966,2026-05-26T16:00:00Z
mlflow://experiment-1/patient-readmission-risk,Female,sex,accuracy,0.9498,3057,2026-05-26T16:00:00Z
mlflow://experiment-1/patient-readmission-risk,Male,sex,accuracy,0.9277,3861,2026-05-26T16:00:00Z
mlflow://experiment-1/patient-readmission-risk,Other,sex,accuracy,0.8745,4570,2026-05-26T16:00:00Z
mlflow://experiment-1/patient-readmission-risk,Commercial,insurance,accuracy,0.9158,3106,2026-05-26T16:00:00Z
mlflow://experiment-1/patient-readmission-risk,Medicare,insurance,accuracy,0.857,1109,2026-05-26T16:00:00Z
mlflow://experiment-1/patient-readmission-risk,Medicaid,insurance,accuracy,0.8989,2502,2026-05-26T16:00:00Z
mlflow://experiment-1/patient-readmission-risk,Self-pay,insurance,accuracy,0.9218,3700,2026-05-26T16:00:00Z
mlflow://experiment-1/patient-readmission-risk,18-30,age_group,accuracy,0.9478,252,2026-06-01T16:00:00Z
mlflow://experiment-1/patient-readmission-risk,31-45,age_group,accuracy,0.9385,528,2026-06-01T16:00:00Z
mlflow://experiment-1/patient-readmission-risk,46-60,age_group,accuracy,0.888,1194,2026-06-01T16:00:00Z
mlflow://experiment-1/patient-readmission-risk,61-75,age_group,accuracy,0.928,3899,2026-06-01T16:00:00Z
mlflow://experiment-1/patient-readmission-risk,75+,age_group,accuracy,0.9341,4441,2026-06-01T16:00:00Z
mlflow://experiment-1/patient-readmission-risk,Female,sex,accuracy,0.9128,4611,2026-06-01T16:00:00Z
mlflow://experiment-1/patient-readmission-risk,Male,sex,accuracy,0.9243,4233,2026-06-01T16:00:00Z
mlflow://experiment-1/patient-readmission-risk,Other,sex,accuracy,0.9772,406,2026-06-01T16:00:00Z
mlflow://experiment-1/patient-readmission-risk,Commercial,insurance,accuracy,0.9325,441,2026-06-01T16:00:00Z
mlflow://experiment-1/patient-readmission-risk,Medicare,insurance,accuracy,0.952,3122,2026-06-01T16:00:00Z
mlflow://experiment-1/patient-readmission-risk,Medicaid,insurance,accuracy,0.9257,4559,2026-06-01T16:00:00Z
mlflow://experiment-1/patient-readmission-risk,Self-pay,insurance,accuracy,0.8718,3407,2026-06-01T16:00:00Z
mlflow://experiment-1/patient-readmission-risk,18-30,age_group,accuracy,0.929,3914,2026-06-07T16:00:00Z
mlflow://experiment-1/patient-readmission-risk,31-45,age_group,accuracy,0.9544,3946,2026-06-07T16:00:00Z
mlflow://experiment-1/patient-readmission-risk,46-60,age_group,accuracy,0.8444,4651,2026-06-07T16:00:00Z
mlflow://experiment-1/patient-readmission-risk,61-75,age_group,accuracy,0.9259,1125,2026-06-07T16:00:00Z
mlflow://experiment-1/patient-readmission-risk,75+,age_group,accuracy,0.8848,1173,2026-06-07T16:00:00Z
mlflow://experiment-1/patient-readmission-risk,Female,sex,accuracy,0.9354,3212,2026-06-07T16:00:00Z
mlflow://experiment-1/patient-readmission-risk,Male,sex,accuracy,0.9071,4514,2026-06-07T16:00:00Z
mlflow://experiment-1/patient-readmission-risk,Other,sex,accuracy,0.9685,2158,2026-06-07T16:00:00Z
mlflow://experiment-1/patient-readmission-risk,Commercial,insurance,accuracy,0.912,4899,2026-06-07T16:00:00Z
mlflow://experiment-1/patient-readmission-risk,Medicare,insurance,accuracy,0.8922,1719,2026-06-07T16:00:00Z
mlflow://experiment-1/patient-readmission-risk,Medicaid,insurance,accuracy,0.9732,1164,2026-06-07T16:00:00Z
mlflow://experiment-1/patient-readmission-risk,Self-pay,insurance,accuracy,0.868,4635,2026-06-07T16:00:00Z
mlflow://experiment-1/patient-readmission-risk,18-30,age_group,accuracy,0.8569,1413,2026-06-13T16:00:00Z
mlflow://experiment-1/patient-readmission-risk,31-45,age_group,accuracy,0.9544,4277,2026-06-13T16:00:00Z
mlflow://experiment-1/patient-readmission-risk,46-60,age_group,accuracy,0.9435,3250,2026-06-13T16:00:00Z
mlflow://experiment-1/patient-readmission-risk,61-75,age_group,accuracy,0.9336,4217,2026-06-13T16:00:00Z
mlflow://experiment-1/patient-readmission-risk,75+,age_group,accuracy,0.9528,2275,2026-06-13T16:00:00Z
mlflow://experiment-1/patient-readmission-risk,Female,sex,accuracy,0.9659,2472,2026-06-13T16:00:00Z
mlflow://experiment-1/patient-readmission-risk,Male,sex,accuracy,0.9026,527,2026-06-13T16:00:00Z
mlflow://experiment-1/patient-readmission-risk,Other,sex,accuracy,0.9633,553,2026-06-13T16:00:00Z
mlflow://experiment-1/patient-readmission-risk,Commercial,insurance,accuracy,0.9549,142,2026-06-13T16:00:00Z
mlflow://experiment-1/patient-readmission-risk,Medicare,insurance,accuracy,0.8924,2435,2026-06-13T16:00:00Z
mlflow://experiment-1/patient-readmission-risk,Medicaid,insurance,accuracy,0.8958,1705,2026-06-13T16:00:00Z
mlflow://experiment-1/patient-readmission-risk,Self-pay,insurance,accuracy,0.9472,201,2026-06-13T16:00:00Z
mlflow://experiment-1/patient-readmission-risk,18-30,age_group,accuracy,0.9291,3245,2026-06-19T16:00:00Z
mlflow://experiment-1/patient-readmission-risk,31-45,age_group,accuracy,0.9518,1426,2026-06-19T16:00:00Z
mlflow://experiment-1/patient-readmission-risk,46-60,age_group,accuracy,0.903,3964,2026-06-19T16:00:00Z
mlflow://experiment-1/patient-readmission-risk,61-75,age_group,accuracy,0.8957,4385,2026-06-19T16:00:00Z
mlflow://experiment-1/patient-readmission-risk,75+,age_group,accuracy,0.9677,1213,2026-06-19T16:00:00Z
mlflow://experiment-1/patient-readmission-risk,Female,sex,accuracy,0.9641,3799,2026-06-19T16:00:00Z
mlflow://experiment-1/patient-readmission-risk,Male,sex,accuracy,0.8772,1269,2026-06-19T16:00:00Z
mlflow://experiment-1/patient-readmission-risk,Other,sex,accuracy,0.8708,820,2026-06-19T16:00:00Z
mlflow://experiment-1/patient-readmission-risk,Commercial,insurance,accuracy,0.9001,4839,2026-06-19T16:00:00Z
mlflow://experiment-1/patient-readmission-risk,Medicare,insurance,accuracy,0.9253,1872,2026-06-19T16:00:00Z
mlflow://experiment-1/patient-readmission-risk,Medicaid,insurance,accuracy,0.9296,4235,2026-06-19T16:00:00Z
mlflow://experiment-1/patient-readmission-risk,Self-pay,insurance,accuracy,0.9425,2472,2026-06-19T16:00:00Z
mlflow://experiment-1/patient-readmission-risk,18-30,age_group,accuracy,0.889,1415,2026-06-25T16:00:00Z
mlflow://experiment-1/patient-readmission-risk,31-45,age_group,accuracy,0.8627,121,2026-06-25T16:00:00Z
mlflow://experiment-1/patient-readmission-risk,46-60,age_group,accuracy,0.9734,3792,2026-06-25T16:00:00Z
mlflow://experiment-1/patient-readmission-risk,61-75,age_group,accuracy,0.9483,3761,2026-06-25T16:00:00Z
mlflow://experiment-1/patient-readmission-risk,75+,age_group,accuracy,0.9628,3404,2026-06-25T16:00:00Z
mlflow://experiment-1/patient-readmission-risk,Female,sex,accuracy,0.8889,128,2026-06-25T16:00:00Z
mlflow://experiment-1/patient-readmission-risk,Male,sex,accuracy,0.9562,407,2026-06-25T16:00:00Z
mlflow://experiment-1/patient-readmission-risk,Other,sex,accuracy,0.9331,3136,2026-06-25T16:00:00Z
mlflow://experiment-1/patient-readmission-risk,Commercial,insurance,accuracy,0.9484,1377,2026-06-25T16:00:00Z
mlflow://experiment-1/patient-readmission-risk,Medicare,insurance,accuracy,0.9428,4582,2026-06-25T16:00:00Z
mlflow://experiment-1/patient-readmission-risk,Medicaid,insurance,accuracy,0.9259,4198,2026-06-25T16:00:00Z
mlflow://experiment-1/patient-readmission-risk,Self-pay,insurance,accuracy,0.9087,122,2026-06-25T16:00:00Z
mlflow://experiment-1/patient-readmission-risk,18-30,age_group,accuracy,0.9069,1143,2026-07-01T16:00:00Z
mlflow://experiment-1/patient-readmission-risk,31-45,age_group,accuracy,0.8861,1449,2026-07-01T16:00:00Z
mlflow://experiment-1/patient-readmission-risk,46-60,age_group,accuracy,0.9036,1248,2026-07-01T16:00:00Z
mlflow://experiment-1/patient-readmission-risk,61-75,age_group,accuracy,0.8741,4982,2026-07-01T16:00:00Z
mlflow://experiment-1/patient-readmission-risk,75+,age_group,accuracy,0.9661,2400,2026-07-01T16:00:00Z
mlflow://experiment-1/patient-readmission-risk,Female,sex,accuracy,0.9011,2766,2026-07-01T16:00:00Z
mlflow://experiment-1/patient-readmission-risk,Male,sex,accuracy,0.8894,3072,2026-07-01T16:00:00Z
mlflow://experiment-1/patient-readmission-risk,Other,sex,accuracy,0.9025,2001,2026-07-01T16:00:00Z
mlflow://experiment-1/patient-readmission-risk,Commercial,insurance,accuracy,0.8772,2854,2026-07-01T16:00:00Z
mlflow://experiment-1/patient-readmission-risk,Medicare,insurance,accuracy,0.896,172,2026-07-01T16:00:00Z
mlflow://experiment-1/patient-readmission-risk,Medicaid,insurance,accuracy,0.9709,3085,2026-07-01T16:00:00Z
mlflow://experiment-1/patient-readmission-risk,Self-pay,insurance,accuracy,0.9457,2609,2026-07-01T16:00:00Z
mlflow://experiment-1/patient-readmission-risk,18-30,age_group,accuracy,0.9472,2273,2026-07-07T16:00:00Z
mlflow://experiment-1/patient-readmission-risk,31-45,age_group,accuracy,0.9142,169,2026-07-07T16:00:00Z
mlflow://experiment-1/patient-readmission-risk,46-60,age_group,accuracy,0.9271,3565,2026-07-07T16:00:00Z
mlflow://experiment-1/patient-readmission-risk,61-75,age_group,accuracy,0.9652,1500,2026-07-07T16:00:00Z
mlflow://experiment-1/patient-readmission-risk,75+,age_group,accuracy,0.892,1351,2026-07-07T16:00:00Z
mlflow://experiment-1/patient-readmission-risk,Female,sex,accuracy,0.9689,1969,2026-07-07T16:00:00Z
mlflow://experiment-1/patient-readmission-risk,Male,sex,accuracy,0.9248,3550,2026-07-07T16:00:00Z
mlflow://experiment-1/patient-readmission-risk,Other,sex,accuracy,0.8472,2470,2026-07-07T16:00:00Z
mlflow://experiment-1/patient-readmission-risk,Commercial,insurance,accuracy,0.9391,299,2026-07-07T16:00:00Z
mlflow://experiment-1/patient-readmission-risk,Medicare,insurance,accuracy,0.9395,4642,2026-07-07T16:00:00Z
mlflow://experiment-1/patient-readmission-risk,Medicaid,insurance,accuracy,0.9123,1719,2026-07-07T16:00:00Z
mlflow://experiment-1/patient-readmission-risk,Self-pay,insurance,accuracy,0.9624,917,2026-07-07T16:00:00Z
mlflow://experiment-1/patient-readmission-risk,18-30,age_group,accuracy,0.9112,3821,2026-07-13T16:00:00Z
mlflow://experiment-1/patient-readmission-risk,31-45,age_group,accuracy,0.9062,3760,2026-07-13T16:00:00Z
mlflow://experiment-1/patient-readmission-risk,46-60,age_group,accuracy,0.9537,1740,2026-07-13T16:00:00Z
mlflow://experiment-1/patient-readmission-risk,61-75,age_group,accuracy,0.9753,3562,2026-07-13T16:00:00Z
mlflow://experiment-1/patient-readmission-risk,75+,age_group,accuracy,0.9171,2916,2026-07-13T16:00:00Z
mlflow://experiment-1/patient-readmission-risk,Female,sex,accuracy,0.9015,727,2026-07-13T16:00:00Z
mlflow://experiment-1/patient-readmission-risk,Male,sex,accuracy,0.9198,4843,2026-07-13T16:00:00Z
mlflow://experiment-1/patient-readmission-risk,Other,sex,accuracy,0.9392,3907,2026-07-13T16:00:00Z
mlflow://experiment-1/patient-readmission-risk,Commercial,insurance,accuracy,0.9435,974,2026-07-13T16:00:00Z
mlflow://experiment-1/patient-readmission-risk,Medicare,insurance,accuracy,0.9366,3378,2026-07-13T16:00:00Z
mlflow://experiment-1/patient-readmission-risk,Medicaid,insurance,accuracy,0.9278,1448,2026-07-13T16:00:00Z
mlflow://experiment-1/patient-readmission-risk,Self-pay,insurance,accuracy,0.9134,2925,2026-07-13T16:00:00Z
mlflow://experiment-1/patient-readmission-risk,18-30,age_group,accuracy,0.8671,2924,2026-07-19T16:00:00Z
mlflow://experiment-1/patient-readmission-risk,31-45,age_group,accuracy,0.8747,2107,2026-07-19T16:00:00Z
mlflow://experiment-1/patient-readmission-risk,46-60,age_group,accuracy,0.9381,3410,2026-07-19T16:00:00Z
mlflow://experiment-1/patient-readmission-risk,61-75,age_group,accuracy,0.9076,4530,2026-07-19T16:00:00Z
mlflow://experiment-1/patient-readmission-risk,75+,age_group,accuracy,0.9753,2229,2026-07-19T16:00:00Z
mlflow://experiment-1/patient-readmission-risk,Female,sex,accuracy,0.9241,4068,2026-07-19T16:00:00Z
mlflow://experiment-1/patient-readmission-risk,Male,sex,accuracy,0.945,1151,2026-07-19T16:00:00Z
mlflow://experiment-1/patient-readmission-risk,Other,sex,accuracy,0.9498,436,2026-07-19T16:00:00Z
mlflow://experiment-1/patient-readmission-risk,Commercial,insurance,accuracy,0.8588,1098,2026-07-19T16:00:00Z
mlflow://experiment-1/patient-readmission-risk,Medicare,insurance,accuracy,0.8494,3503,2026-07-19T16:00:00Z
mlflow://experiment-1/patient-readmission-risk,Medicaid,insurance,accuracy,0.8947,1086,2026-07-19T16:00:00Z
mlflow://experiment-1/patient-readmission-risk,Self-pay,insurance,accuracy,0.9679,4275,2026-07-19T16:00:00Z
mlflow://experiment-1/patient-readmission-risk,18-30,age_group,accuracy,0.8872,3133,2026-07-25T16:00:00Z
mlflow://experiment-1/patient-readmission-risk,31-45,age_group,accuracy,0.8933,1675,2026-07-25T16:00:00Z
mlflow://experiment-1/patient-readmission-risk,46-60,age_group,accuracy,0.941,1937,2026-07-25T16:00:00Z
mlflow://experiment-1/patient-readmission-risk,61-75,age_group,accuracy,0.9312,2148,2026-07-25T16:00:00Z
mlflow://experiment-1/patient-readmission-risk,75+,age_group,accuracy,0.8598,2443,2026-07-25T16:00:00Z
mlflow://experiment-1/patient-readmission-risk,Female,sex,accuracy,0.8928,2363,2026-07-25T16:00:00Z
mlflow://experiment-1/patient-readmission-risk,Male,sex,accuracy,0.9387,3632,2026-07-25T16:00:00Z
mlflow://experiment-1/patient-readmission-risk,Other,sex,accuracy,0.8672,1034,2026-07-25T16:00:00Z
mlflow://experiment-1/patient-readmission-risk,Commercial,insurance,accuracy,0.8971,1479,2026-07-25T16:00:00Z
mlflow://experiment-1/patient-readmission-risk,Medicare,insurance,accuracy,0.9743,938,2026-07-25T16:00:00Z
mlflow://experiment-1/patient-readmission-risk,Medicaid,insurance,accuracy,0.9039,1761,2026-07-25T16:00:00Z
mlflow://experiment-1/patient-readmission-risk,Self-pay,insurance,accuracy,0.9391,906,2026-07-25T16:00:00Z
mlflow://experiment-2/adverse-drug-event-detector,18-30,age_group,accuracy,0.957,671,2026-05-02T16:00:00Z
mlflow://experiment-2/adverse-drug-event-detector,31-45,age_group,accuracy,0.8735,158,2026-05-02T16:00:00Z
mlflow://experiment-2/adverse-drug-event-detector,46-60,age_group,accuracy,0.9237,1664,2026-05-02T16:00:00Z
mlflow://experiment-2/adverse-drug-event-detector,61-75,age_group,accuracy,0.8583,959,2026-05-02T16:00:00Z
mlflow://experiment-2/adverse-drug-event-detector,75+,age_group,accuracy,0.9491,1948,2026-05-02T16:00:00Z
mlflow://experiment-2/adverse-drug-event-detector,Female,sex,accuracy,0.8651,4108,2026-05-02T16:00:00Z
mlflow://experiment-2/adverse-drug-event-detector,Male,sex,accuracy,0.8717,4018,2026-05-02T16:00:00Z
mlflow://experiment-2/adverse-drug-event-detector,Other,sex,accuracy,0.8952,3230,2026-05-02T16:00:00Z
mlflow://experiment-2/adverse-drug-event-detector,Commercial,insurance,accuracy,0.9516,583,2026-05-02T16:00:00Z
mlflow://experiment-2/adverse-drug-event-detector,Medicare,insurance,accuracy,0.9469,1557,2026-05-02T16:00:00Z
mlflow://experiment-2/adverse-drug-event-detector,Medicaid,insurance,accuracy,0.88,2903,2026-05-02T16:00:00Z
mlflow://experiment-2/adverse-drug-event-detector,Self-pay,insurance,accuracy,0.8613,3975,2026-05-02T16:00:00Z
mlflow://experiment-2/adverse-drug-event-detector,18-30,age_group,accuracy,0.8572,354,2026-05-08T16:00:00Z
mlflow://experiment-2/adverse-drug-event-detector,31-45,age_group,accuracy,0.8701,4154,2026-05-08T16:00:00Z
mlflow://experiment-2/adverse-drug-event-detector,46-60,age_group,accuracy,0.8377,4814,2026-05-08T16:00:00Z
mlflow://experiment-2/adverse-drug-event-detector,61-75,age_group,accuracy,0.8742,4482,2026-05-08T16:00:00Z
mlflow://experiment-2/adverse-drug-event-detector,75+,age_group,accuracy,0.8955,4704,2026-05-08T16:00:00Z
mlflow://experiment-2/adverse-drug-event-detector,Female,sex,accuracy,0.8474,967,2026-05-08T16:00:00Z
mlflow://experiment-2/adverse-drug-event-detector,Male,sex,accuracy,0.8679,1123,2026-05-08T16:00:00Z
mlflow://experiment-2/adverse-drug-event-detector,Other,sex,accuracy,0.9461,4173,2026-05-08T16:00:00Z
mlflow://experiment-2/adverse-drug-event-detector,Commercial,insurance,accuracy,0.8457,2057,2026-05-08T16:00:00Z
mlflow://experiment-2/adverse-drug-event-detector,Medicare,insurance,accuracy,0.876,4001,2026-05-08T16:00:00Z
mlflow://experiment-2/adverse-drug-event-detector,Medicaid,insurance,accuracy,0.8878,453,2026-05-08T16:00:00Z
mlflow://experiment-2/adverse-drug-event-detector,Self-pay,insurance,accuracy,0.8811,1652,2026-05-08T16:00:00Z
mlflow://experiment-2/adverse-drug-event-detector,18-30,age_group,accuracy,0.9122,4187,2026-05-14T16:00:00Z
mlflow://experiment-2/adverse-drug-event-detector,31-45,age_group,accuracy,0.9153,2758,2026-05-14T16:00:00Z
mlflow://experiment-2/adverse-drug-event-detector,46-60,age_group,accuracy,0.8678,4050,2026-05-14T16:00:00Z
mlflow://experiment-2/adverse-drug-event-detector,61-75,age_group,accuracy,0.8871,1509,2026-05-14T16:00:00Z
mlflow://experiment-2/adverse-drug-event-detector,75+,age_group,accuracy,0.8708,189,2026-05-14T16:00:00Z
mlflow://experiment-2/adverse-drug-event-detector,Female,sex,accuracy,0.8693,1868,2026-05-14T16:00:00Z
mlflow://experiment-2/adverse-drug-event-detector,Male,sex,accuracy,0.8624,4376,2026-05-14T16:00:00Z
mlflow://experiment-2/adverse-drug-event-detector,Other,sex,accuracy,0.836,2276,2026-05-14T16:00:00Z
mlflow://experiment-2/adverse-drug-event-detector,Commercial,insurance,accuracy,0.8784,1018,2026-05-14T16:00:00Z
mlflow://experiment-2/adverse-drug-event-detector,Medicare,insurance,accuracy,0.9344,3374,2026-05-14T16:00:00Z
mlflow://experiment-2/adverse-drug-event-detector,Medicaid,insurance,accuracy,0.9234,4778,2026-05-14T16:00:00Z
mlflow://experiment-2/adverse-drug-event-detector,Self-pay,insurance,accuracy,0.897,239,2026-05-14T16:00:00Z
mlflow://experiment-2/adverse-drug-event-detector,18-30,age_group,accuracy,0.9238,1954,2026-05-20T16:00:00Z
mlflow://experiment-2/adverse-drug-event-detector,31-45,age_group,accuracy,0.8436,4277,2026-05-20T16:00:00Z
mlflow://experiment-2/adverse-drug-event-detector,46-60,age_group,accuracy,0.9373,4739,2026-05-20T16:00:00Z
mlflow://experiment-2/adverse-drug-event-detector,61-75,age_group,accuracy,0.9317,4102,2026-05-20T16:00:00Z
mlflow://experiment-2/adverse-drug-event-detector,75+,age_group,accuracy,0.8325,2789,2026-05-20T16:00:00Z
mlflow://experiment-2/adverse-drug-event-detector,Female,sex,accuracy,0.8916,3212,2026-05-20T16:00:00Z
mlflow://experiment-2/adverse-drug-event-detector,Male,sex,accuracy,0.8678,2809,2026-05-20T16:00:00Z
mlflow://experiment-2/adverse-drug-event-detector,Other,sex,accuracy,0.9025,1877,2026-05-20T16:00:00Z
mlflow://experiment-2/adverse-drug-event-detector,Commercial,insurance,accuracy,0.8677,1611,2026-05-20T16:00:00Z
mlflow://experiment-2/adverse-drug-event-detector,Medicare,insurance,accuracy,0.8335,4906,2026-05-20T16:00:00Z
mlflow://experiment-2/adverse-drug-event-detector,Medicaid,insurance,accuracy,0.8519,2285,2026-05-20T16:00:00Z
mlflow://experiment-2/adverse-drug-event-detector,Self-pay,insurance,accuracy,0.8554,247,2026-05-20T16:00:00Z
mlflow://experiment-2/adverse-drug-event-detector,18-30,age_group,accuracy,0.8617,4908,2026-05-26T16:00:00Z
mlflow://experiment-2/adverse-drug-event-detector,31-45,age_group,accuracy,0.9133,4132,2026-05-26T16:00:00Z
mlflow://experiment-2/adverse-drug-event-detector,46-60,age_group,accuracy,0.8176,4404,2026-05-26T16:00:00Z
mlflow://experiment-2/adverse-drug-event-detector,61-75,age_group,accuracy,0.9216,2295,2026-05-26T16:00:00Z
mlflow://experiment-2/adverse-drug-event-detector,75+,age_group,accuracy,0.8172,1144,2026-05-26T16:00:00Z
mlflow://experiment-2/adverse-drug-event-detector,Female,sex,accuracy,0.8841,529,2026-05-26T16:00:00Z
mlflow://experiment-2/adverse-drug-event-detector,Male,sex,accuracy,0.817,4834,2026-05-26T16:00:00Z
mlflow://experiment-2/adverse-drug-event-detector,Other,sex,accuracy,0.8385,1354,2026-05-26T16:00:00Z
mlflow://experiment-2/adverse-drug-event-detector,Commercial,insurance,accuracy,0.8893,1559,2026-05-26T16:00:00Z
mlflow://experiment-2/adverse-drug-event-detector,Medicare,insurance,accuracy,0.8904,3378,2026-05-26T16:00:00Z
mlflow://experiment-2/adverse-drug-event-detector,Medicaid,insurance,accuracy,0.8912,1392,2026-05-26T16:00:00Z
mlflow://experiment-2/adverse-drug-event-detector,Self-pay,insurance,accuracy,0.8291,717,2026-05-26T16:00:00Z
mlflow://experiment-2/adverse-drug-event-detector,18-30,age_group,accuracy,0.9081,3806,2026-06-01T16:00:00Z
mlflow://experiment-2/adverse-drug-event-detector,31-45,age_group,accuracy,0.8599,2793,2026-06-01T16:00:00Z
mlflow://experiment-2/adverse-drug-event-detector,46-60,age_group,accuracy,0.812,3425,2026-06-01T16:00:00Z
mlflow://experiment-2/adverse-drug-event-detector,61-75,age_group,accuracy,0.8188,4970,2026-06-01T16:00:00Z
mlflow://experiment-2/adverse-drug-event-detector,75+,age_group,accuracy,0.8206,3316,2026-06-01T16:00:00Z
mlflow://experiment-2/adverse-drug-event-detector,Female,sex,accuracy,0.8354,2064,2026-06-01T16:00:00Z
mlflow://experiment-2/adverse-drug-event-detector,Male,sex,accuracy,0.8615,3449,2026-06-01T16:00:00Z
mlflow://experiment-2/adverse-drug-event-detector,Other,sex,accuracy,0.876,1641,2026-06-01T16:00:00Z
mlflow://experiment-2/adverse-drug-event-detector,Commercial,insurance,accuracy,0.9277,3472,2026-06-01T16:00:00Z
mlflow://experiment-2/adverse-drug-event-detector,Medicare,insurance,accuracy,0.8649,3999,2026-06-01T16:00:00Z
mlflow://experiment-2/adverse-drug-event-detector,Medicaid,insurance,accuracy,0.8647,1800,2026-06-01T16:00:00Z
mlflow://experiment-2/adverse-drug-event-detector,Self-pay,insurance,accuracy,0.8103,3115,2026-06-01T16:00:00Z
mlflow://experiment-2/adverse-drug-event-detector,18-30,age_group,accuracy,0.8434,2160,2026-06-07T16:00:00Z
mlflow://experiment-2/adverse-drug-event-detector,31-45,age_group,accuracy,0.8034,4848,2026-06-07T16:00:00Z
mlflow://experiment-2/adverse-drug-event-detector,46-60,age_group,accuracy,0.9042,4074,2026-06-07T16:00:00Z
mlflow://experiment-2/adverse-drug-event-detector,61-75,age_group,accuracy,0.8826,4574,2026-06-07T16:00:00Z
mlflow://experiment-2/adverse-drug-event-detector,75+,age_group,accuracy,0.8519,4492,2026-06-07T16:00:00Z
mlflow://experiment-2/adverse-drug-event-detector,Female,sex,accuracy,0.8981,896,2026-06-07T16:00:00Z
mlflow://experiment-2/adverse-drug-event-detector,Male,sex,accuracy,0.9061,2098,2026-06-07T16:00:00Z
mlflow://experiment-2/adverse-drug-event-detector,Other,sex,accuracy,0.8943,810,2026-06-07T16:00:00Z
mlflow://experiment-2/adverse-drug-event-detector,Commercial,insurance,accuracy,0.8418,4131,2026-06-07T16:00:00Z
mlflow://experiment-2/adverse-drug-event-detector,Medicare,insurance,accuracy,0.8266,152,2026-06-07T16:00:00Z
mlflow://experiment-2/adverse-drug-event-detector,Medicaid,insurance,accuracy,0.8584,1812,2026-06-07T16:00:00Z
mlflow://experiment-2/adverse-drug-event-detector,Self-pay,insurance,accuracy,0.8983,3192,2026-06-07T16:00:00Z
mlflow://experiment-2/adverse-drug-event-detector,18-30,age_group,accuracy,0.8656,1263,2026-06-13T16:00:00Z
mlflow://experiment-2/adverse-drug-event-detector,31-45,age_group,accuracy,0.8438,812,2026-06-13T16:00:00Z
mlflow://experiment-2/adverse-drug-event-detector,46-60,age_group,accuracy,0.8989,227,2026-06-13T16:00:00Z
mlflow://experiment-2/adverse-drug-event-detector,61-75,age_group,accuracy,0.8648,2512,2026-06-13T16:00:00Z
mlflow://experiment-2/adverse-drug-event-detector,75+,age_group,accuracy,0.8522,1015,2026-06-13T16:00:00Z
mlflow://experiment-2/adverse-drug-event-detector,Female,sex,accuracy,0.8497,1513,2026-06-13T16:00:00Z
mlflow://experiment-2/adverse-drug-event-detector,Male,sex,accuracy,0.8622,3125,2026-06-13T16:00:00Z
mlflow://experiment-2/adverse-drug-event-detector,Other,sex,accuracy,0.8477,4553,2026-06-13T16:00:00Z
mlflow://experiment-2/adverse-drug-event-detector,Commercial,insurance,accuracy,0.8768,3438,2026-06-13T16:00:00Z
mlflow://experiment-2/adverse-drug-event-detector,Medicare,insurance,accuracy,0.8416,3645,2026-06-13T16:00:00Z
mlflow://experiment-2/adverse-drug-event-detector,Medicaid,insurance,accuracy,0.866,176,2026-06-13T16:00:00Z
mlflow://experiment-2/adverse-drug-event-detector,Self-pay,insurance,accuracy,0.8272,3547,2026-06-13T16:00:00Z
mlflow://experiment-2/adverse-drug-event-detector,18-30,age_group,accuracy,0.8412,479,2026-06-19T16:00:00Z
mlflow://experiment-2/adverse-drug-event-detector,31-45,age_group,accuracy,0.8887,1813,2026-06-19T16:00:00Z
mlflow://experiment-2/adverse-drug-event-detector,46-60,age_group,accuracy,0.8654,4729,2026-06-19T16:00:00Z
mlflow://experiment-2/adverse-drug-event-detector,61-75,age_group,accuracy,0.8697,268,2026-06-19T16:00:00Z
mlflow://experiment-2/adverse-drug-event-detector,75+,age_group,accuracy,0.858,1765,2026-06-19T16:00:00Z
mlflow://experiment-2/adverse-drug-event-detector,Female,sex,accuracy,0.8384,4565,2026-06-19T16:00:00Z
mlflow://experiment-2/adverse-drug-event-detector,Male,sex,accuracy,0.898,4905,2026-06-19T16:00:00Z
mlflow://experiment-2/adverse-drug-event-detector,Other,sex,accuracy,0.9034,3196,2026-06-19T16:00:00Z
mlflow://experiment-2/adverse-drug-event-detector,Commercial,insurance,accuracy,0.8501,2876,2026-06-19T16:00:00Z
mlflow://experiment-2/adverse-drug-event-detector,Medicare,insurance,accuracy,0.7919,181,2026-06-19T16:00:00Z
mlflow://experiment-2/adverse-drug-event-detector,Medicaid,insurance,accuracy,0.8836,2347,2026-06-19T16:00:00Z
mlflow://experiment-2/adverse-drug-event-detector,Self-pay,insurance,accuracy,0.8385,280,2026-06-19T16:00:00Z
mlflow://experiment-2/adverse-drug-event-detector,18-30,age_group,accuracy,0.7811,1169,2026-06-25T16:00:00Z
mlflow://experiment-2/adverse-drug-event-detector,31-45,age_group,accuracy,0.8059,2390,2026-06-25T16:00:00Z
mlflow://experiment-2/adverse-drug-event-detector,46-60,age_group,accuracy,0.8745,4446,2026-06-25T16:00:00Z
mlflow://experiment-2/adverse-drug-event-detector,61-75,age_group,accuracy,0.8157,1847,2026-06-25T16:00:00Z
mlflow://experiment-2/adverse-drug-event-detector,75+,age_group,accuracy,0.8638,1872,2026-06-25T16:00:00Z
mlflow://experiment-2/adverse-drug-event-detector,Female,sex,accuracy,0.8223,616,2026-06-25T16:00:00Z
mlflow://experiment-2/adverse-drug-event-detector,Male,sex,accuracy,0.8751,4919,2026-06-25T16:00:00Z
mlflow://experiment-2/adverse-drug-event-detector,Other,sex,accuracy,0.7865,2366,2026-06-25T16:00:00Z
mlflow://experiment-2/adverse-drug-event-detector,Commercial,insurance,accuracy,0.879,1244,2026-06-25T16:00:00Z
mlflow://experiment-2/adverse-drug-event-detector,Medicare,insurance,accuracy,0.8431,4327,2026-06-25T16:00:00Z
mlflow://experiment-2/adverse-drug-event-detector,Medicaid,insurance,accuracy,0.8463,3119,2026-06-25T16:00:00Z
mlflow://experiment-2/adverse-drug-event-detector,Self-pay,insurance,accuracy,0.8474,962,2026-06-25T16:00:00Z
mlflow://experiment-2/adverse-drug-event-detector,18-30,age_group,accuracy,0.8198,712,2026-07-01T16:00:00Z
mlflow://experiment-2/adverse-drug-event-detector,31-45,age_group,accuracy,0.8284,4959,2026-07-01T16:00:00Z
mlflow://experiment-2/adverse-drug-event-detector,46-60,age_group,accuracy,0.8477,1185,2026-07-01T16:00:00Z
mlflow://experiment-2/adverse-drug-event-detector,61-75,age_group,accuracy,0.8064,3538,2026-07-01T16:00:00Z
mlflow://experiment-2/adverse-drug-event-detector,75+,age_group,accuracy,0.8325,3459,2026-07-01T16:00:00Z
mlflow://experiment-2/adverse-drug-event-detector,Female,sex,accuracy,0.8905,2277,2026-07-01T16:00:00Z
mlflow://experiment-2/adverse-drug-event-detector,Male,sex,accuracy,0.7993,3150,2026-07-01T16:00:00Z
mlflow://experiment-2/adverse-drug-event-detector,Other,sex,accuracy,0.7904,1599,2026-07-01T16:00:00Z
mlflow://experiment-2/adverse-drug-event-detector,Commercial,insurance,accuracy,0.8975,605,2026-07-01T16:00:00Z
mlflow://experiment-2/adverse-drug-event-detector,Medicare,insurance,accuracy,0.8891,442,2026-07-01T16:00:00Z
mlflow://experiment-2/adverse-drug-event-detector,Medicaid,insurance,accuracy,0.7868,3328,2026-07-01T16:00:00Z
mlflow://experiment-2/adverse-drug-event-detector,Self-pay,insurance,accuracy,0.8418,3072,2026-07-01T16:00:00Z
mlflow://experiment-2/adverse-drug-event-detector,18-30,age_group,accuracy,0.7939,2252,2026-07-07T16:00:00Z
mlflow://experiment-2/adverse-drug-event-detector,31-45,age_group,accuracy,0.8446,1406,2026-07-07T16:00:00Z
mlflow://experiment-2/adverse-drug-event-detector,46-60,age_group,accuracy,0.7973,2405,2026-07-07T16:00:00Z
mlflow://experiment-2/adverse-drug-event-detector,61-75,age_group,accuracy,0.793,3529,2026-07-07T16:00:00Z
mlflow://experiment-2/adverse-drug-event-detector,75+,age_group,accuracy,0.7959,4406,2026-07-07T16:00:00Z
mlflow://experiment-2/adverse-drug-event-detector,Female,sex,accuracy,0.8385,2849,2026-07-07T16:00:00Z
mlflow://experiment-2/adverse-drug-event-detector,Male,sex,accuracy,0.85,163,2026-07-07T16:00:00Z
mlflow://experiment-2/adverse-drug-event-detector,Other,sex,accuracy,0.793,4238,2026-07-07T16:00:00Z
mlflow://experiment-2/adverse-drug-event-detector,Commercial,insurance,accuracy,0.8657,484,2026-07-07T16:00:00Z
mlflow://experiment-2/adverse-drug-event-detector,Medicare,insurance,accuracy,0.8558,1200,2026-07-07T16:00:00Z
mlflow://experiment-2/adverse-drug-event-detector,Medicaid,insurance,accuracy,0.8157,3425,2026-07-07T16:00:00Z
mlflow://experiment-2/adverse-drug-event-detector,Self-pay,insurance,accuracy,0.8053,2118,2026-07-07T16:00:00Z
mlflow://experiment-2/adverse-drug-event-detector,18-30,age_group,accuracy,0.765,3063,2026-07-13T16:00:00Z
mlflow://experiment-2/adverse-drug-event-detector,31-45,age_group,accuracy,0.8542,1755,2026-07-13T16:00:00Z
mlflow://experiment-2/adverse-drug-event-detector,46-60,age_group,accuracy,0.8591,3494,2026-07-13T16:00:00Z
mlflow://experiment-2/adverse-drug-event-detector,61-75,age_group,accuracy,0.8711,1519,2026-07-13T16:00:00Z
mlflow://experiment-2/adverse-drug-event-detector,75+,age_group,accuracy,0.8292,1105,2026-07-13T16:00:00Z
mlflow://experiment-2/adverse-drug-event-detector,Female,sex,accuracy,0.849,4073,2026-07-13T16:00:00Z
mlflow://experiment-2/adverse-drug-event-detector,Male,sex,accuracy,0.866,2030,2026-07-13T16:00:00Z
mlflow://experiment-2/adverse-drug-event-detector,Other,sex,accuracy,0.8387,5000,2026-07-13T16:00:00Z
mlflow://experiment-2/adverse-drug-event-detector,Commercial,insurance,accuracy,0.8521,4177,2026-07-13T16:00:00Z
mlflow://experiment-2/adverse-drug-event-detector,Medicare,insurance,accuracy,0.7759,404,2026-07-13T16:00:00Z
mlflow://experiment-2/adverse-drug-event-detector,Medicaid,insurance,accuracy,0.823,1931,2026-07-13T16:00:00Z
mlflow://experiment-2/adverse-drug-event-detector,Self-pay,insurance,accuracy,0.8526,3925,2026-07-13T16:00:00Z
mlflow://experiment-2/adverse-drug-event-detector,18-30,age_group,accuracy,0.8395,605,2026-07-19T16:00:00Z
mlflow://experiment-2/adverse-drug-event-detector,31-45,age_group,accuracy,0.7911,4481,2026-07-19T16:00:00Z
mlflow://experiment-2/adverse-drug-event-detector,46-60,age_group,accuracy,0.8294,759,2026-07-19T16:00:00Z
mlflow://experiment-2/adverse-drug-event-detector,61-75,age_group,accuracy,0.8236,3250,2026-07-19T16:00:00Z
mlflow://experiment-2/adverse-drug-event-detector,75+,age_group,accuracy,0.8305,4770,2026-07-19T16:00:00Z
mlflow://experiment-2/adverse-drug-event-detector,Female,sex,accuracy,0.8674,2801,2026-07-19T16:00:00Z
mlflow://experiment-2/adverse-drug-event-detector,Male,sex,accuracy,0.86,2890,2026-07-19T16:00:00Z
mlflow://experiment-2/adverse-drug-event-detector,Other,sex,accuracy,0.8046,1149,2026-07-19T16:00:00Z
mlflow://experiment-2/adverse-drug-event-detector,Commercial,insurance,accuracy,0.8629,2342,2026-07-19T16:00:00Z
mlflow://experiment-2/adverse-drug-event-detector,Medicare,insurance,accuracy,0.7898,4299,2026-07-19T16:00:00Z
mlflow://experiment-2/adverse-drug-event-detector,Medicaid,insurance,accuracy,0.8556,1560,2026-07-19T16:00:00Z
mlflow://experiment-2/adverse-drug-event-detector,Self-pay,insurance,accuracy,0.8398,619,2026-07-19T16:00:00Z
mlflow://experiment-2/adverse-drug-event-detector,18-30,age_group,accuracy,0.7846,2908,2026-07-25T16:00:00Z
mlflow://experiment-2/adverse-drug-event-detector,31-45,age_group,accuracy,0.846,3528,2026-07-25T16:00:00Z
mlflow://experiment-2/adverse-drug-event-detector,46-60,age_group,accuracy,0.8518,1021,2026-07-25T16:00:00Z
mlflow://experiment-2/adverse-drug-event-detector,61-75,age_group,accuracy,0.7864,4460,2026-07-25T16:00:00Z
mlflow://experiment-2/adverse-drug-event-detector,75+,age_group,accuracy,0.8271,1993,2026-07-25T16:00:00Z
mlflow://experiment-2/adverse-drug-event-detector,Female,sex,accuracy,0.8584,4998,2026-07-25T16:00:00Z
mlflow://experiment-2/adverse-drug-event-detector,Male,sex,accuracy,0.8652,4200,2026-07-25T16:00:00Z
mlflow://experiment-2/adverse-drug-event-detector,Other,sex,accuracy,0.8275,206,2026-07-25T16:00:00Z
mlflow://experiment-2/adverse-drug-event-detector,Commercial,insurance,accuracy,0.7601,1374,2026-07-25T16:00:00Z
mlflow://experiment-2/adverse-drug-event-detector,Medicare,insurance,accuracy,0.8079,1501,2026-07-25T16:00:00Z
mlflow://experiment-2/adverse-drug-event-detector,Medicaid,insurance,accuracy,0.8116,3331,2026-07-25T16:00:00Z
mlflow://experiment-2/adverse-drug-event-detector,Self-pay,insurance,accuracy,0.7612,2031,2026-07-25T16:00:00Z
mlflow://experiment-3/clinical-trial-enrollment-pred,18-30,age_group,accuracy,0.8068,665,2026-05-02T16:00:00Z
mlflow://experiment-3/clinical-trial-enrollment-pred,31-45,age_group,accuracy,0.8984,109,2026-05-02T16:00:00Z
mlflow://experiment-3/clinical-trial-enrollment-pred,46-60,age_group,accuracy,0.8181,373,2026-05-02T16:00:00Z
mlflow://experiment-3/clinical-trial-enrollment-pred,61-75,age_group,accuracy,0.8045,303,2026-05-02T16:00:00Z
mlflow://experiment-3/clinical-trial-enrollment-pred,75+,age_group,accuracy,0.8681,4798,2026-05-02T16:00:00Z
mlflow://experiment-3/clinical-trial-enrollment-pred,Female,sex,accuracy,0.9096,1648,2026-05-02T16:00:00Z
mlflow://experiment-3/clinical-trial-enrollment-pred,Male,sex,accuracy,0.8603,4990,2026-05-02T16:00:00Z
mlflow://experiment-3/clinical-trial-enrollment-pred,Other,sex,accuracy,0.8962,3529,2026-05-02T16:00:00Z
mlflow://experiment-3/clinical-trial-enrollment-pred,Commercial,insurance,accuracy,0.8104,1316,2026-05-02T16:00:00Z
mlflow://experiment-3/clinical-trial-enrollment-pred,Medicare,insurance,accuracy,0.8682,526,2026-05-02T16:00:00Z
mlflow://experiment-3/clinical-trial-enrollment-pred,Medicaid,insurance,accuracy,0.8956,199,2026-05-02T16:00:00Z
mlflow://experiment-3/clinical-trial-enrollment-pred,Self-pay,insurance,accuracy,0.8204,2744,2026-05-02T16:00:00Z
mlflow://experiment-3/clinical-trial-enrollment-pred,18-30,age_group,accuracy,0.8179,1258,2026-05-08T16:00:00Z
mlflow://experiment-3/clinical-trial-enrollment-pred,31-45,age_group,accuracy,0.8359,1168,2026-05-08T16:00:00Z
mlflow://experiment-3/clinical-trial-enrollment-pred,46-60,age_group,accuracy,0.8226,4058,2026-05-08T16:00:00Z
mlflow://experiment-3/clinical-trial-enrollment-pred,61-75,age_group,accuracy,0.893,277,2026-05-08T16:00:00Z
mlflow://experiment-3/clinical-trial-enrollment-pred,75+,age_group,accuracy,0.8219,4949,2026-05-08T16:00:00Z
mlflow://experiment-3/clinical-trial-enrollment-pred,Female,sex,accuracy,0.8574,3812,2026-05-08T16:00:00Z
mlflow://experiment-3/clinical-trial-enrollment-pred,Male,sex,accuracy,0.8639,306,2026-05-08T16:00:00Z
mlflow://experiment-3/clinical-trial-enrollment-pred,Other,sex,accuracy,0.871,1532,2026-05-08T16:00:00Z
mlflow://experiment-3/clinical-trial-enrollment-pred,Commercial,insurance,accuracy,0.8361,4899,2026-05-08T16:00:00Z
mlflow://experiment-3/clinical-trial-enrollment-pred,Medicare,insurance,accuracy,0.8495,2297,2026-05-08T16:00:00Z
mlflow://experiment-3/clinical-trial-enrollment-pred,Medicaid,insurance,accuracy,0.8775,483,2026-05-08T16:00:00Z
mlflow://experiment-3/clinical-trial-enrollment-pred,Self-pay,insurance,accuracy,0.8603,1491,2026-05-08T16:00:00Z
mlflow://experiment-3/clinical-trial-enrollment-pred,18-30,age_group,accuracy,0.8605,3644,2026-05-14T16:00:00Z
mlflow://experiment-3/clinical-trial-enrollment-pred,31-45,age_group,accuracy,0.8607,4614,2026-05-14T16:00:00Z
mlflow://experiment-3/clinical-trial-enrollment-pred,46-60,age_group,accuracy,0.7941,4122,2026-05-14T16:00:00Z
mlflow://experiment-3/clinical-trial-enrollment-pred,61-75,age_group,accuracy,0.7929,4824,2026-05-14T16:00:00Z
mlflow://experiment-3/clinical-trial-enrollment-pred,75+,age_group,accuracy,0.8249,4112,2026-05-14T16:00:00Z
mlflow://experiment-3/clinical-trial-enrollment-pred,Female,sex,accuracy,0.8091,715,2026-05-14T16:00:00Z
mlflow://experiment-3/clinical-trial-enrollment-pred,Male,sex,accuracy,0.8659,3250,2026-05-14T16:00:00Z
mlflow://experiment-3/clinical-trial-enrollment-pred,Other,sex,accuracy,0.8357,4493,2026-05-14T16:00:00Z
mlflow://experiment-3/clinical-trial-enrollment-pred,Commercial,insurance,accuracy,0.8111,2496,2026-05-14T16:00:00Z
mlflow://experiment-3/clinical-trial-enrollment-pred,Medicare,insurance,accuracy,0.7917,2817,2026-05-14T16:00:00Z
mlflow://experiment-3/clinical-trial-enrollment-pred,Medicaid,insurance,accuracy,0.873,1956,2026-05-14T16:00:00Z
mlflow://experiment-3/clinical-trial-enrollment-pred,Self-pay,insurance,accuracy,0.801,4456,2026-05-14T16:00:00Z
mlflow://experiment-3/clinical-trial-enrollment-pred,18-30,age_group,accuracy,0.8609,1548,2026-05-20T16:00:00Z
mlflow://experiment-3/clinical-trial-enrollment-pred,31-45,age_group,accuracy,0.8631,2691,2026-05-20T16:00:00Z
mlflow://experiment-3/clinical-trial-enrollment-pred,46-60,age_group,accuracy,0.8646,2592,2026-05-20T16:00:00Z
mlflow://experiment-3/clinical-trial-enrollment-pred,61-75,age_group,accuracy,0.8022,2793,2026-05-20T16:00:00Z
mlflow://experiment-3/clinical-trial-enrollment-pred,75+,age_group,accuracy,0.8088,1879,2026-05-20T16:00:00Z
mlflow://experiment-3/clinical-trial-enrollment-pred,Female,sex,accuracy,0.8634,689,2026-05-20T16:00:00Z
mlflow://experiment-3/clinical-trial-enrollment-pred,Male,sex,accuracy,0.8179,3113,2026-05-20T16:00:00Z
mlflow://experiment-3/clinical-trial-enrollment-pred,Other,sex,accuracy,0.7985,4622,2026-05-20T16:00:00Z
mlflow://experiment-3/clinical-trial-enrollment-pred,Commercial,insurance,accuracy,0.7744,3877,2026-05-20T16:00:00Z
mlflow://experiment-3/clinical-trial-enrollment-pred,Medicare,insurance,accuracy,0.7875,2244,2026-05-20T16:00:00Z
mlflow://experiment-3/clinical-trial-enrollment-pred,Medicaid,insurance,accuracy,0.8047,2829,2026-05-20T16:00:00Z
mlflow://experiment-3/clinical-trial-enrollment-pred,Self-pay,insurance,accuracy,0.7893,1310,2026-05-20T16:00:00Z
mlflow://experiment-3/clinical-trial-enrollment-pred,18-30,age_group,accuracy,0.7837,586,2026-05-26T16:00:00Z
mlflow://experiment-3/clinical-trial-enrollment-pred,31-45,age_group,accuracy,0.781,4346,2026-05-26T16:00:00Z
mlflow://experiment-3/clinical-trial-enrollment-pred,46-60,age_group,accuracy,0.8293,4282,2026-05-26T16:00:00Z
mlflow://experiment-3/clinical-trial-enrollment-pred,61-75,age_group,accuracy,0.8302,3201,2026-05-26T16:00:00Z
mlflow://experiment-3/clinical-trial-enrollment-pred,75+,age_group,accuracy,0.8325,2136,2026-05-26T16:00:00Z
mlflow://experiment-3/clinical-trial-enrollment-pred,Female,sex,accuracy,0.7592,3243,2026-05-26T16:00:00Z
mlflow://experiment-3/clinical-trial-enrollment-pred,Male,sex,accuracy,0.7611,2870,2026-05-26T16:00:00Z
mlflow://experiment-3/clinical-trial-enrollment-pred,Other,sex,accuracy,0.8016,1502,2026-05-26T16:00:00Z
mlflow://experiment-3/clinical-trial-enrollment-pred,Commercial,insurance,accuracy,0.8466,171,2026-05-26T16:00:00Z
mlflow://experiment-3/clinical-trial-enrollment-pred,Medicare,insurance,accuracy,0.8442,3834,2026-05-26T16:00:00Z
mlflow://experiment-3/clinical-trial-enrollment-pred,Medicaid,insurance,accuracy,0.7995,4662,2026-05-26T16:00:00Z
mlflow://experiment-3/clinical-trial-enrollment-pred,Self-pay,insurance,accuracy,0.8355,4009,2026-05-26T16:00:00Z
mlflow://experiment-3/clinical-trial-enrollment-pred,18-30,age_group,accuracy,0.8188,114,2026-06-01T16:00:00Z
mlflow://experiment-3/clinical-trial-enrollment-pred,31-45,age_group,accuracy,0.8171,4056,2026-06-01T16:00:00Z
mlflow://experiment-3/clinical-trial-enrollment-pred,46-60,age_group,accuracy,0.762,269,2026-06-01T16:00:00Z
mlflow://experiment-3/clinical-trial-enrollment-pred,61-75,age_group,accuracy,0.8369,1602,2026-06-01T16:00:00Z
mlflow://experiment-3/clinical-trial-enrollment-pred,75+,age_group,accuracy,0.8474,580,2026-06-01T16:00:00Z
mlflow://experiment-3/clinical-trial-enrollment-pred,Female,sex,accuracy,0.7426,197,2026-06-01T16:00:00Z
mlflow://experiment-3/clinical-trial-enrollment-pred,Male,sex,accuracy,0.8264,996,2026-06-01T16:00:00Z
mlflow://experiment-3/clinical-trial-enrollment-pred,Other,sex,accuracy,0.7591,1520,2026-06-01T16:00:00Z
mlflow://experiment-3/clinical-trial-enrollment-pred,Commercial,insurance,accuracy,0.834,1478,2026-06-01T16:00:00Z
mlflow://experiment-3/clinical-trial-enrollment-pred,Medicare,insurance,accuracy,0.7532,4555,2026-06-01T16:00:00Z
mlflow://experiment-3/clinical-trial-enrollment-pred,Medicaid,insurance,accuracy,0.8326,4440,2026-06-01T16:00:00Z
mlflow://experiment-3/clinical-trial-enrollment-pred,Self-pay,insurance,accuracy,0.7968,2478,2026-06-01T16:00:00Z
mlflow://experiment-3/clinical-trial-enrollment-pred,18-30,age_group,accuracy,0.7426,4226,2026-06-07T16:00:00Z
mlflow://experiment-3/clinical-trial-enrollment-pred,31-45,age_group,accuracy,0.797,552,2026-06-07T16:00:00Z
mlflow://experiment-3/clinical-trial-enrollment-pred,46-60,age_group,accuracy,0.824,3327,2026-06-07T16:00:00Z
mlflow://experiment-3/clinical-trial-enrollment-pred,61-75,age_group,accuracy,0.7463,3008,2026-06-07T16:00:00Z
mlflow://experiment-3/clinical-trial-enrollment-pred,75+,age_group,accuracy,0.8348,3103,2026-06-07T16:00:00Z
mlflow://experiment-3/clinical-trial-enrollment-pred,Female,sex,accuracy,0.7705,4773,2026-06-07T16:00:00Z
mlflow://experiment-3/clinical-trial-enrollment-pred,Male,sex,accuracy,0.7919,4860,2026-06-07T16:00:00Z
mlflow://experiment-3/clinical-trial-enrollment-pred,Other,sex,accuracy,0.7348,1533,2026-06-07T16:00:00Z
mlflow://experiment-3/clinical-trial-enrollment-pred,Commercial,insurance,accuracy,0.8242,520,2026-06-07T16:00:00Z
mlflow://experiment-3/clinical-trial-enrollment-pred,Medicare,insurance,accuracy,0.7549,4361,2026-06-07T16:00:00Z
mlflow://experiment-3/clinical-trial-enrollment-pred,Medicaid,insurance,accuracy,0.7324,613,2026-06-07T16:00:00Z
mlflow://experiment-3/clinical-trial-enrollment-pred,Self-pay,insurance,accuracy,0.825,2798,2026-06-07T16:00:00Z
mlflow://experiment-3/clinical-trial-enrollment-pred,18-30,age_group,accuracy,0.7415,3419,2026-06-13T16:00:00Z
mlflow://experiment-3/clinical-trial-enrollment-pred,31-45,age_group,accuracy,0.739,2486,2026-06-13T16:00:00Z
mlflow://experiment-3/clinical-trial-enrollment-pred,46-60,age_group,accuracy,0.8233,3310,2026-06-13T16:00:00Z
mlflow://experiment-3/clinical-trial-enrollment-pred,61-75,age_group,accuracy,0.7581,2199,2026-06-13T16:00:00Z
mlflow://experiment-3/clinical-trial-enrollment-pred,75+,age_group,accuracy,0.778,1359,2026-06-13T16:00:00Z
mlflow://experiment-3/clinical-trial-enrollment-pred,Female,sex,accuracy,0.7499,219,2026-06-13T16:00:00Z
mlflow://experiment-3/clinical-trial-enrollment-pred,Male,sex,accuracy,0.7298,2491,2026-06-13T16:00:00Z
mlflow://experiment-3/clinical-trial-enrollment-pred,Other,sex,accuracy,0.7654,653,2026-06-13T16:00:00Z
mlflow://experiment-3/clinical-trial-enrollment-pred,Commercial,insurance,accuracy,0.7615,596,2026-06-13T16:00:00Z
mlflow://experiment-3/clinical-trial-enrollment-pred,Medicare,insurance,accuracy,0.7801,3861,2026-06-13T16:00:00Z
mlflow://experiment-3/clinical-trial-enrollment-pred,Medicaid,insurance,accuracy,0.7712,2184,2026-06-13T16:00:00Z
mlflow://experiment-3/clinical-trial-enrollment-pred,Self-pay,insurance,accuracy,0.8031,1864,2026-06-13T16:00:00Z
mlflow://experiment-3/clinical-trial-enrollment-pred,18-30,age_group,accuracy,0.8064,356,2026-06-19T16:00:00Z
mlflow://experiment-3/clinical-trial-enrollment-pred,31-45,age_group,accuracy,0.7631,1533,2026-06-19T16:00:00Z
mlflow://experiment-3/clinical-trial-enrollment-pred,46-60,age_group,accuracy,0.7176,2966,2026-06-19T16:00:00Z
mlflow://experiment-3/clinical-trial-enrollment-pred,61-75,age_group,accuracy,0.7635,4605,2026-06-19T16:00:00Z
mlflow://experiment-3/clinical-trial-enrollment-pred,75+,age_group,accuracy,0.7897,1107,2026-06-19T16:00:00Z
mlflow://experiment-3/clinical-trial-enrollment-pred,Female,sex,accuracy,0.7935,1549,2026-06-19T16:00:00Z
mlflow://experiment-3/clinical-trial-enrollment-pred,Male,sex,accuracy,0.7764,4311,2026-06-19T16:00:00Z
mlflow://experiment-3/clinical-trial-enrollment-pred,Other,sex,accuracy,0.7234,2074,2026-06-19T16:00:00Z
mlflow://experiment-3/clinical-trial-enrollment-pred,Commercial,insurance,accuracy,0.7705,4812,2026-06-19T16:00:00Z
mlflow://experiment-3/clinical-trial-enrollment-pred,Medicare,insurance,accuracy,0.7072,4840,2026-06-19T16:00:00Z
mlflow://experiment-3/clinical-trial-enrollment-pred,Medicaid,insurance,accuracy,0.7796,2931,2026-06-19T16:00:00Z
mlflow://experiment-3/clinical-trial-enrollment-pred,Self-pay,insurance,accuracy,0.7705,4623,2026-06-19T16:00:00Z
mlflow://experiment-3/clinical-trial-enrollment-pred,18-30,age_group,accuracy,0.7808,3269,2026-06-25T16:00:00Z
mlflow://experiment-3/clinical-trial-enrollment-pred,31-45,age_group,accuracy,0.7498,938,2026-06-25T16:00:00Z
mlflow://experiment-3/clinical-trial-enrollment-pred,46-60,age_group,accuracy,0.7349,4648,2026-06-25T16:00:00Z
mlflow://experiment-3/clinical-trial-enrollment-pred,61-75,age_group,accuracy,0.7243,3326,2026-06-25T16:00:00Z
mlflow://experiment-3/clinical-trial-enrollment-pred,75+,age_group,accuracy,0.718,2016,2026-06-25T16:00:00Z
mlflow://experiment-3/clinical-trial-enrollment-pred,Female,sex,accuracy,0.7548,3894,2026-06-25T16:00:00Z
mlflow://experiment-3/clinical-trial-enrollment-pred,Male,sex,accuracy,0.7907,1731,2026-06-25T16:00:00Z
mlflow://experiment-3/clinical-trial-enrollment-pred,Other,sex,accuracy,0.7577,1344,2026-06-25T16:00:00Z
mlflow://experiment-3/clinical-trial-enrollment-pred,Commercial,insurance,accuracy,0.7514,2603,2026-06-25T16:00:00Z
mlflow://experiment-3/clinical-trial-enrollment-pred,Medicare,insurance,accuracy,0.7234,2720,2026-06-25T16:00:00Z
mlflow://experiment-3/clinical-trial-enrollment-pred,Medicaid,insurance,accuracy,0.7204,3260,2026-06-25T16:00:00Z
mlflow://experiment-3/clinical-trial-enrollment-pred,Self-pay,insurance,accuracy,0.7261,3733,2026-06-25T16:00:00Z
mlflow://experiment-3/clinical-trial-enrollment-pred,18-30,age_group,accuracy,0.6921,3300,2026-07-01T16:00:00Z
mlflow://experiment-3/clinical-trial-enrollment-pred,31-45,age_group,accuracy,0.7816,1238,2026-07-01T16:00:00Z
mlflow://experiment-3/clinical-trial-enrollment-pred,46-60,age_group,accuracy,0.7248,3553,2026-07-01T16:00:00Z
mlflow://experiment-3/clinical-trial-enrollment-pred,61-75,age_group,accuracy,0.7126,2551,2026-07-01T16:00:00Z
mlflow://experiment-3/clinical-trial-enrollment-pred,75+,age_group,accuracy,0.7188,3966,2026-07-01T16:00:00Z
mlflow://experiment-3/clinical-trial-enrollment-pred,Female,sex,accuracy,0.7373,4137,2026-07-01T16:00:00Z
mlflow://experiment-3/clinical-trial-enrollment-pred,Male,sex,accuracy,0.7489,4882,2026-07-01T16:00:00Z
mlflow://experiment-3/clinical-trial-enrollment-pred,Other,sex,accuracy,0.7727,1388,2026-07-01T16:00:00Z
mlflow://experiment-3/clinical-trial-enrollment-pred,Commercial,insurance,accuracy,0.7314,4182,2026-07-01T16:00:00Z
mlflow://experiment-3/clinical-trial-enrollment-pred,Medicare,insurance,accuracy,0.7847,4626,2026-07-01T16:00:00Z
mlflow://experiment-3/clinical-trial-enrollment-pred,Medicaid,insurance,accuracy,0.7682,4365,2026-07-01T16:00:00Z
mlflow://experiment-3/clinical-trial-enrollment-pred,Self-pay,insurance,accuracy,0.7756,2723,2026-07-01T16:00:00Z
mlflow://experiment-3/clinical-trial-enrollment-pred,18-30,age_group,accuracy,0.7358,4655,2026-07-07T16:00:00Z
mlflow://experiment-3/clinical-trial-enrollment-pred,31-45,age_group,accuracy,0.7192,1424,2026-07-07T16:00:00Z
mlflow://experiment-3/clinical-trial-enrollment-pred,46-60,age_group,accuracy,0.7209,3004,2026-07-07T16:00:00Z
mlflow://experiment-3/clinical-trial-enrollment-pred,61-75,age_group,accuracy,0.7723,2126,2026-07-07T16:00:00Z
mlflow://experiment-3/clinical-trial-enrollment-pred,75+,age_group,accuracy,0.7569,2781,2026-07-07T16:00:00Z
mlflow://experiment-3/clinical-trial-enrollment-pred,Female,sex,accuracy,0.6919,630,2026-07-07T16:00:00Z
mlflow://experiment-3/clinical-trial-enrollment-pred,Male,sex,accuracy,0.7576,1693,2026-07-07T16:00:00Z
mlflow://experiment-3/clinical-trial-enrollment-pred,Other,sex,accuracy,0.6729,2579,2026-07-07T16:00:00Z
mlflow://experiment-3/clinical-trial-enrollment-pred,Commercial,insurance,accuracy,0.7517,2835,2026-07-07T16:00:00Z
mlflow://experiment-3/clinical-trial-enrollment-pred,Medicare,insurance,accuracy,0.7447,2291,2026-07-07T16:00:00Z
mlflow://experiment-3/clinical-trial-enrollment-pred,Medicaid,insurance,accuracy,0.6933,621,2026-07-07T16:00:00Z
mlflow://experiment-3/clinical-trial-enrollment-pred,Self-pay,insurance,accuracy,0.7436,3463,2026-07-07T16:00:00Z
mlflow://experiment-3/clinical-trial-enrollment-pred,18-30,age_group,accuracy,0.6909,4914,2026-07-13T16:00:00Z
mlflow://experiment-3/clinical-trial-enrollment-pred,31-45,age_group,accuracy,0.7627,956,2026-07-13T16:00:00Z
mlflow://experiment-3/clinical-trial-enrollment-pred,46-60,age_group,accuracy,0.668,3801,2026-07-13T16:00:00Z
mlflow://experiment-3/clinical-trial-enrollment-pred,61-75,age_group,accuracy,0.6709,2750,2026-07-13T16:00:00Z
mlflow://experiment-3/clinical-trial-enrollment-pred,75+,age_group,accuracy,0.7504,3575,2026-07-13T16:00:00Z
mlflow://experiment-3/clinical-trial-enrollment-pred,Female,sex,accuracy,0.7421,2258,2026-07-13T16:00:00Z
mlflow://experiment-3/clinical-trial-enrollment-pred,Male,sex,accuracy,0.7629,942,2026-07-13T16:00:00Z
mlflow://experiment-3/clinical-trial-enrollment-pred,Other,sex,accuracy,0.6742,250,2026-07-13T16:00:00Z
mlflow://experiment-3/clinical-trial-enrollment-pred,Commercial,insurance,accuracy,0.7093,2859,2026-07-13T16:00:00Z
mlflow://experiment-3/clinical-trial-enrollment-pred,Medicare,insurance,accuracy,0.747,4570,2026-07-13T16:00:00Z
mlflow://experiment-3/clinical-trial-enrollment-pred,Medicaid,insurance,accuracy,0.7705,3411,2026-07-13T16:00:00Z
mlflow://experiment-3/clinical-trial-enrollment-pred,Self-pay,insurance,accuracy,0.6855,2802,2026-07-13T16:00:00Z
mlflow://experiment-3/clinical-trial-enrollment-pred,18-30,age_group,accuracy,0.6452,4445,2026-07-19T16:00:00Z
mlflow://experiment-3/clinical-trial-enrollment-pred,31-45,age_group,accuracy,0.6862,4505,2026-07-19T16:00:00Z
mlflow://experiment-3/clinical-trial-enrollment-pred,46-60,age_group,accuracy,0.7471,1694,2026-07-19T16:00:00Z
mlflow://experiment-3/clinical-trial-enrollment-pred,61-75,age_group,accuracy,0.6421,4019,2026-07-19T16:00:00Z
mlflow://experiment-3/clinical-trial-enrollment-pred,75+,age_group,accuracy,0.6458,2715,2026-07-19T16:00:00Z
mlflow://experiment-3/clinical-trial-enrollment-pred,Female,sex,accuracy,0.6682,2130,2026-07-19T16:00:00Z
mlflow://experiment-3/clinical-trial-enrollment-pred,Male,sex,accuracy,0.7189,956,2026-07-19T16:00:00Z
mlflow://experiment-3/clinical-trial-enrollment-pred,Other,sex,accuracy,0.6834,4899,2026-07-19T16:00:00Z
mlflow://experiment-3/clinical-trial-enrollment-pred,Commercial,insurance,accuracy,0.692,1195,2026-07-19T16:00:00Z
mlflow://experiment-3/clinical-trial-enrollment-pred,Medicare,insurance,accuracy,0.7543,465,2026-07-19T16:00:00Z
mlflow://experiment-3/clinical-trial-enrollment-pred,Medicaid,insurance,accuracy,0.6469,3530,2026-07-19T16:00:00Z
mlflow://experiment-3/clinical-trial-enrollment-pred,Self-pay,insurance,accuracy,0.7563,174,2026-07-19T16:00:00Z
mlflow://experiment-3/clinical-trial-enrollment-pred,18-30,age_group,accuracy,0.677,1344,2026-07-25T16:00:00Z
mlflow://experiment-3/clinical-trial-enrollment-pred,31-45,age_group,accuracy,0.693,4667,2026-07-25T16:00:00Z
mlflow://experiment-3/clinical-trial-enrollment-pred,46-60,age_group,accuracy,0.6253,2978,2026-07-25T16:00:00Z
mlflow://experiment-3/clinical-trial-enrollment-pred,61-75,age_group,accuracy,0.6927,3611,2026-07-25T16:00:00Z
mlflow://experiment-3/clinical-trial-enrollment-pred,75+,age_group,accuracy,0.7241,603,2026-07-25T16:00:00Z
mlflow://experiment-3/clinical-trial-enrollment-pred,Female,sex,accuracy,0.6693,2755,2026-07-25T16:00:00Z
mlflow://experiment-3/clinical-trial-enrollment-pred,Male,sex,accuracy,0.6966,4948,2026-07-25T16:00:00Z
mlflow://experiment-3/clinical-trial-enrollment-pred,Other,sex,accuracy,0.6994,2281,2026-07-25T16:00:00Z
mlflow://experiment-3/clinical-trial-enrollment-pred,Commercial,insurance,accuracy,0.6558,2669,2026-07-25T16:00:00Z
mlflow://experiment-3/clinical-trial-enrollment-pred,Medicare,insurance,accuracy,0.7016,953,2026-07-25T16:00:00Z
mlflow://experiment-3/clinical-trial-enrollment-pred,Medicaid,insurance,accuracy,0.6661,3305,2026-07-25T16:00:00Z
mlflow://experiment-3/clinical-trial-enrollment-pred,Self-pay,insurance,accuracy,0.6627,3223,2026-07-25T16:00:00Z
mlflow://experiment-4/disease-progression-forecaster,18-30,age_group,r2_score,0.7713,222,2026-05-02T16:00:00Z
mlflow://experiment-4/disease-progression-forecaster,31-45,age_group,r2_score,0.879,2622,2026-05-02T16:00:00Z
mlflow://experiment-4/disease-progression-forecaster,46-60,age_group,r2_score,0.8432,1496,2026-05-02T16:00:00Z
mlflow://experiment-4/disease-progression-forecaster,61-75,age_group,r2_score,0.8815,1761,2026-05-02T16:00:00Z
mlflow://experiment-4/disease-progression-forecaster,75+,age_group,r2_score,0.8089,3202,2026-05-02T16:00:00Z
mlflow://experiment-4/disease-progression-forecaster,Female,sex,r2_score,0.8379,4588,2026-05-02T16:00:00Z
mlflow://experiment-4/disease-progression-forecaster,Male,sex,r2_score,0.847,1986,2026-05-02T16:00:00Z
mlflow://experiment-4/disease-progression-forecaster,Other,sex,r2_score,0.7748,4268,2026-05-02T16:00:00Z
mlflow://experiment-4/disease-progression-forecaster,Commercial,insurance,r2_score,0.8252,3440,2026-05-02T16:00:00Z
mlflow://experiment-4/disease-progression-forecaster,Medicare,insurance,r2_score,0.8363,639,2026-05-02T16:00:00Z
mlflow://experiment-4/disease-progression-forecaster,Medicaid,insurance,r2_score,0.8382,1331,2026-05-02T16:00:00Z
mlflow://experiment-4/disease-progression-forecaster,Self-pay,insurance,r2_score,0.7793,519,2026-05-02T16:00:00Z
mlflow://experiment-4/disease-progression-forecaster,18-30,age_group,r2_score,0.8189,1280,2026-05-08T16:00:00Z
mlflow://experiment-4/disease-progression-forecaster,31-45,age_group,r2_score,0.8208,2622,2026-05-08T16:00:00Z
mlflow://experiment-4/disease-progression-forecaster,46-60,age_group,r2_score,0.793,3480,2026-05-08T16:00:00Z
mlflow://experiment-4/disease-progression-forecaster,61-75,age_group,r2_score,0.8603,1834,2026-05-08T16:00:00Z
mlflow://experiment-4/disease-progression-forecaster,75+,age_group,r2_score,0.8535,276,2026-05-08T16:00:00Z
mlflow://experiment-4/disease-progression-forecaster,Female,sex,r2_score,0.8028,1217,2026-05-08T16:00:00Z
mlflow://experiment-4/disease-progression-forecaster,Male,sex,r2_score,0.8112,2650,2026-05-08T16:00:00Z
mlflow://experiment-4/disease-progression-forecaster,Other,sex,r2_score,0.8388,4668,2026-05-08T16:00:00Z
mlflow://experiment-4/disease-progression-forecaster,Commercial,insurance,r2_score,0.7894,1266,2026-05-08T16:00:00Z
mlflow://experiment-4/disease-progression-forecaster,Medicare,insurance,r2_score,0.7857,208,2026-05-08T16:00:00Z
mlflow://experiment-4/disease-progression-forecaster,Medicaid,insurance,r2_score,0.8881,802,2026-05-08T16:00:00Z
mlflow://experiment-4/disease-progression-forecaster,Self-pay,insurance,r2_score,0.799,1343,2026-05-08T16:00:00Z
mlflow://experiment-4/disease-progression-forecaster,18-30,age_group,r2_score,0.8734,1717,2026-05-14T16:00:00Z
mlflow://experiment-4/disease-progression-forecaster,31-45,age_group,r2_score,0.8289,4113,2026-05-14T16:00:00Z
mlflow://experiment-4/disease-progression-forecaster,46-60,age_group,r2_score,0.8056,1568,2026-05-14T16:00:00Z
mlflow://experiment-4/disease-progression-forecaster,61-75,age_group,r2_score,0.8557,1444,2026-05-14T16:00:00Z
mlflow://experiment-4/disease-progression-forecaster,75+,age_group,r2_score,0.8092,1629,2026-05-14T16:00:00Z
mlflow://experiment-4/disease-progression-forecaster,Female,sex,r2_score,0.8186,2748,2026-05-14T16:00:00Z
mlflow://experiment-4/disease-progression-forecaster,Male,sex,r2_score,0.8598,2608,2026-05-14T16:00:00Z
mlflow://experiment-4/disease-progression-forecaster,Other,sex,r2_score,0.7906,3187,2026-05-14T16:00:00Z
mlflow://experiment-4/disease-progression-forecaster,Commercial,insurance,r2_score,0.8736,4525,2026-05-14T16:00:00Z
mlflow://experiment-4/disease-progression-forecaster,Medicare,insurance,r2_score,0.8899,553,2026-05-14T16:00:00Z
mlflow://experiment-4/disease-progression-forecaster,Medicaid,insurance,r2_score,0.8081,3313,2026-05-14T16:00:00Z
mlflow://experiment-4/disease-progression-forecaster,Self-pay,insurance,r2_score,0.8628,4835,2026-05-14T16:00:00Z
mlflow://experiment-4/disease-progression-forecaster,18-30,age_group,r2_score,0.8319,321,2026-05-20T16:00:00Z
mlflow://experiment-4/disease-progression-forecaster,31-45,age_group,r2_score,0.8708,4040,2026-05-20T16:00:00Z
mlflow://experiment-4/disease-progression-forecaster,46-60,age_group,r2_score,0.8274,2814,2026-05-20T16:00:00Z
mlflow://experiment-4/disease-progression-forecaster,61-75,age_group,r2_score,0.8507,757,2026-05-20T16:00:00Z
mlflow://experiment-4/disease-progression-forecaster,75+,age_group,r2_score,0.8154,1591,2026-05-20T16:00:00Z
mlflow://experiment-4/disease-progression-forecaster,Female,sex,r2_score,0.8613,2313,2026-05-20T16:00:00Z
mlflow://experiment-4/disease-progression-forecaster,Male,sex,r2_score,0.849,271,2026-05-20T16:00:00Z
mlflow://experiment-4/disease-progression-forecaster,Other,sex,r2_score,0.8649,4075,2026-05-20T16:00:00Z
mlflow://experiment-4/disease-progression-forecaster,Commercial,insurance,r2_score,0.813,193,2026-05-20T16:00:00Z
mlflow://experiment-4/disease-progression-forecaster,Medicare,insurance,r2_score,0.8346,3020,2026-05-20T16:00:00Z
mlflow://experiment-4/disease-progression-forecaster,Medicaid,insurance,r2_score,0.8218,901,2026-05-20T16:00:00Z
mlflow://experiment-4/disease-progression-forecaster,Self-pay,insurance,r2_score,0.8407,1061,2026-05-20T16:00:00Z
mlflow://experiment-4/disease-progression-forecaster,18-30,age_group,r2_score,0.8648,828,2026-05-26T16:00:00Z
mlflow://experiment-4/disease-progression-forecaster,31-45,age_group,r2_score,0.8091,3470,2026-05-26T16:00:00Z
mlflow://experiment-4/disease-progression-forecaster,46-60,age_group,r2_score,0.8756,4993,2026-05-26T16:00:00Z
mlflow://experiment-4/disease-progression-forecaster,61-75,age_group,r2_score,0.8529,1202,2026-05-26T16:00:00Z
mlflow://experiment-4/disease-progression-forecaster,75+,age_group,r2_score,0.8825,4465,2026-05-26T16:00:00Z
mlflow://experiment-4/disease-progression-forecaster,Female,sex,r2_score,0.8392,3932,2026-05-26T16:00:00Z
mlflow://experiment-4/disease-progression-forecaster,Male,sex,r2_score,0.8726,3982,2026-05-26T16:00:00Z
mlflow://experiment-4/disease-progression-forecaster,Other,sex,r2_score,0.8491,3061,2026-05-26T16:00:00Z
mlflow://experiment-4/disease-progression-forecaster,Commercial,insurance,r2_score,0.8445,191,2026-05-26T16:00:00Z
mlflow://experiment-4/disease-progression-forecaster,Medicare,insurance,r2_score,0.8992,981,2026-05-26T16:00:00Z
mlflow://experiment-4/disease-progression-forecaster,Medicaid,insurance,r2_score,0.8195,2278,2026-05-26T16:00:00Z
mlflow://experiment-4/disease-progression-forecaster,Self-pay,insurance,r2_score,0.8343,3791,2026-05-26T16:00:00Z
mlflow://experiment-4/disease-progression-forecaster,18-30,age_group,r2_score,0.8421,4972,2026-06-01T16:00:00Z
mlflow://experiment-4/disease-progression-forecaster,31-45,age_group,r2_score,0.9038,1525,2026-06-01T16:00:00Z
mlflow://experiment-4/disease-progression-forecaster,46-60,age_group,r2_score,0.82,3986,2026-06-01T16:00:00Z
mlflow://experiment-4/disease-progression-forecaster,61-75,age_group,r2_score,0.893,1288,2026-06-01T16:00:00Z
mlflow://experiment-4/disease-progression-forecaster,75+,age_group,r2_score,0.8572,4205,2026-06-01T16:00:00Z
mlflow://experiment-4/disease-progression-forecaster,Female,sex,r2_score,0.8507,655,2026-06-01T16:00:00Z
mlflow://experiment-4/disease-progression-forecaster,Male,sex,r2_score,0.8663,1303,2026-06-01T16:00:00Z
mlflow://experiment-4/disease-progression-forecaster,Other,sex,r2_score,0.8529,517,2026-06-01T16:00:00Z
mlflow://experiment-4/disease-progression-forecaster,Commercial,insurance,r2_score,0.9015,3538,2026-06-01T16:00:00Z
mlflow://experiment-4/disease-progression-forecaster,Medicare,insurance,r2_score,0.8341,313,2026-06-01T16:00:00Z
mlflow://experiment-4/disease-progression-forecaster,Medicaid,insurance,r2_score,0.8473,280,2026-06-01T16:00:00Z
mlflow://experiment-4/disease-progression-forecaster,Self-pay,insurance,r2_score,0.921,4084,2026-06-01T16:00:00Z
mlflow://experiment-4/disease-progression-forecaster,18-30,age_group,r2_score,0.9256,936,2026-06-07T16:00:00Z
mlflow://experiment-4/disease-progression-forecaster,31-45,age_group,r2_score,0.9024,1799,2026-06-07T16:00:00Z
mlflow://experiment-4/disease-progression-forecaster,46-60,age_group,r2_score,0.8446,2464,2026-06-07T16:00:00Z
mlflow://experiment-4/disease-progression-forecaster,61-75,age_group,r2_score,0.8696,257,2026-06-07T16:00:00Z
mlflow://experiment-4/disease-progression-forecaster,75+,age_group,r2_score,0.8182,3682,2026-06-07T16:00:00Z
mlflow://experiment-4/disease-progression-forecaster,Female,sex,r2_score,0.9156,4714,2026-06-07T16:00:00Z
mlflow://experiment-4/disease-progression-forecaster,Male,sex,r2_score,0.8486,2219,2026-06-07T16:00:00Z
mlflow://experiment-4/disease-progression-forecaster,Other,sex,r2_score,0.9137,1083,2026-06-07T16:00:00Z
mlflow://experiment-4/disease-progression-forecaster,Commercial,insurance,r2_score,0.8413,2856,2026-06-07T16:00:00Z
mlflow://experiment-4/disease-progression-forecaster,Medicare,insurance,r2_score,0.8471,1587,2026-06-07T16:00:00Z
mlflow://experiment-4/disease-progression-forecaster,Medicaid,insurance,r2_score,0.8586,4685,2026-06-07T16:00:00Z
mlflow://experiment-4/disease-progression-forecaster,Self-pay,insurance,r2_score,0.9022,3853,2026-06-07T16:00:00Z
mlflow://experiment-4/disease-progression-forecaster,18-30,age_group,r2_score,0.9165,4881,2026-06-13T16:00:00Z
mlflow://experiment-4/disease-progression-forecaster,31-45,age_group,r2_score,0.8474,4701,2026-06-13T16:00:00Z
mlflow://experiment-4/disease-progression-forecaster,46-60,age_group,r2_score,0.9077,2533,2026-06-13T16:00:00Z
mlflow://experiment-4/disease-progression-forecaster,61-75,age_group,r2_score,0.9422,4041,2026-06-13T16:00:00Z
mlflow://experiment-4/disease-progression-forecaster,75+,age_group,r2_score,0.8974,1047,2026-06-13T16:00:00Z
mlflow://experiment-4/disease-progression-forecaster,Female,sex,r2_score,0.8726,4914,2026-06-13T16:00:00Z
mlflow://experiment-4/disease-progression-forecaster,Male,sex,r2_score,0.9154,3078,2026-06-13T16:00:00Z
mlflow://experiment-4/disease-progression-forecaster,Other,sex,r2_score,0.8999,2295,2026-06-13T16:00:00Z
mlflow://experiment-4/disease-progression-forecaster,Commercial,insurance,r2_score,0.923,808,2026-06-13T16:00:00Z
mlflow://experiment-4/disease-progression-forecaster,Medicare,insurance,r2_score,0.8972,560,2026-06-13T16:00:00Z
mlflow://experiment-4/disease-progression-forecaster,Medicaid,insurance,r2_score,0.8709,3052,2026-06-13T16:00:00Z
mlflow://experiment-4/disease-progression-forecaster,Self-pay,insurance,r2_score,0.9492,443,2026-06-13T16:00:00Z
mlflow://experiment-4/disease-progression-forecaster,18-30,age_group,r2_score,0.9263,2451,2026-06-19T16:00:00Z
mlflow://experiment-4/disease-progression-forecaster,31-45,age_group,r2_score,0.8542,4094,2026-06-19T16:00:00Z
mlflow://experiment-4/disease-progression-forecaster,46-60,age_group,r2_score,0.8608,1040,2026-06-19T16:00:00Z
mlflow://experiment-4/disease-progression-forecaster,61-75,age_group,r2_score,0.9277,4855,2026-06-19T16:00:00Z
mlflow://experiment-4/disease-progression-forecaster,75+,age_group,r2_score,0.8628,1823,2026-06-19T16:00:00Z
mlflow://experiment-4/disease-progression-forecaster,Female,sex,r2_score,0.9355,2068,2026-06-19T16:00:00Z
mlflow://experiment-4/disease-progression-forecaster,Male,sex,r2_score,0.9135,4389,2026-06-19T16:00:00Z
mlflow://experiment-4/disease-progression-forecaster,Other,sex,r2_score,0.8995,3242,2026-06-19T16:00:00Z
mlflow://experiment-4/disease-progression-forecaster,Commercial,insurance,r2_score,0.9009,3316,2026-06-19T16:00:00Z
mlflow://experiment-4/disease-progression-forecaster,Medicare,insurance,r2_score,0.8816,4879,2026-06-19T16:00:00Z
mlflow://experiment-4/disease-progression-forecaster,Medicaid,insurance,r2_score,0.8396,4582,2026-06-19T16:00:00Z
mlflow://experiment-4/disease-progression-forecaster,Self-pay,insurance,r2_score,0.91,104,2026-06-19T16:00:00Z
mlflow://experiment-4/disease-progression-forecaster,18-30,age_group,r2_score,0.95,2019,2026-06-25T16:00:00Z
mlflow://experiment-4/disease-progression-forecaster,31-45,age_group,r2_score,0.9214,3009,2026-06-25T16:00:00Z
mlflow://experiment-4/disease-progression-forecaster,46-60,age_group,r2_score,0.8526,624,2026-06-25T16:00:00Z
mlflow://experiment-4/disease-progression-forecaster,61-75,age_group,r2_score,0.9156,4405,2026-06-25T16:00:00Z
mlflow://experiment-4/disease-progression-forecaster,75+,age_group,r2_score,0.8866,3801,2026-06-25T16:00:00Z
mlflow://experiment-4/disease-progression-forecaster,Female,sex,r2_score,0.9404,4087,2026-06-25T16:00:00Z
mlflow://experiment-4/disease-progression-forecaster,Male,sex,r2_score,0.8942,3098,2026-06-25T16:00:00Z
mlflow://experiment-4/disease-progression-forecaster,Other,sex,r2_score,0.9503,3075,2026-06-25T16:00:00Z
mlflow://experiment-4/disease-progression-forecaster,Commercial,insurance,r2_score,0.9551,3340,2026-06-25T16:00:00Z
mlflow://experiment-4/disease-progression-forecaster,Medicare,insurance,r2_score,0.9043,4114,2026-06-25T16:00:00Z
mlflow://experiment-4/disease-progression-forecaster,Medicaid,insurance,r2_score,0.9066,4790,2026-06-25T16:00:00Z
mlflow://experiment-4/disease-progression-forecaster,Self-pay,insurance,r2_score,0.8559,1656,2026-06-25T16:00:00Z
mlflow://experiment-4/disease-progression-forecaster,18-30,age_group,r2_score,0.9175,4467,2026-07-01T16:00:00Z
mlflow://experiment-4/disease-progression-forecaster,31-45,age_group,r2_score,0.8882,686,2026-07-01T16:00:00Z
mlflow://experiment-4/disease-progression-forecaster,46-60,age_group,r2_score,0.9279,840,2026-07-01T16:00:00Z
mlflow://experiment-4/disease-progression-forecaster,61-75,age_group,r2_score,0.8894,4096,2026-07-01T16:00:00Z
mlflow://experiment-4/disease-progression-forecaster,75+,age_group,r2_score,0.8707,2765,2026-07-01T16:00:00Z
mlflow://experiment-4/disease-progression-forecaster,Female,sex,r2_score,0.9213,3294,2026-07-01T16:00:00Z
mlflow://experiment-4/disease-progression-forecaster,Male,sex,r2_score,0.8811,2217,2026-07-01T16:00:00Z
mlflow://experiment-4/disease-progression-forecaster,Other,sex,r2_score,0.9462,4734,2026-07-01T16:00:00Z
mlflow://experiment-4/disease-progression-forecaster,Commercial,insurance,r2_score,0.8849,4277,2026-07-01T16:00:00Z
mlflow://experiment-4/disease-progression-forecaster,Medicare,insurance,r2_score,0.9178,856,2026-07-01T16:00:00Z
mlflow://experiment-4/disease-progression-forecaster,Medicaid,insurance,r2_score,0.8898,2126,2026-07-01T16:00:00Z
mlflow://experiment-4/disease-progression-forecaster,Self-pay,insurance,r2_score,0.9533,3009,2026-07-01T16:00:00Z
mlflow://experiment-4/disease-progression-forecaster,18-30,age_group,r2_score,0.9464,2383,2026-07-07T16:00:00Z
mlflow://experiment-4/disease-progression-forecaster,31-45,age_group,r2_score,0.9368,2479,2026-07-07T16:00:00Z
mlflow://experiment-4/disease-progression-forecaster,46-60,age_group,r2_score,0.9035,327,2026-07-07T16:00:00Z
mlflow://experiment-4/disease-progression-forecaster,61-75,age_group,r2_score,0.9091,2073,2026-07-07T16:00:00Z
mlflow://experiment-4/disease-progression-forecaster,75+,age_group,r2_score,0.9537,3528,2026-07-07T16:00:00Z
mlflow://experiment-4/disease-progression-forecaster,Female,sex,r2_score,0.9438,4962,2026-07-07T16:00:00Z
mlflow://experiment-4/disease-progression-forecaster,Male,sex,r2_score,0.9764,2184,2026-07-07T16:00:00Z
mlflow://experiment-4/disease-progression-forecaster,Other,sex,r2_score,0.8551,2239,2026-07-07T16:00:00Z
mlflow://experiment-4/disease-progression-forecaster,Commercial,insurance,r2_score,0.8864,4839,2026-07-07T16:00:00Z
mlflow://experiment-4/disease-progression-forecaster,Medicare,insurance,r2_score,0.9385,4674,2026-07-07T16:00:00Z
mlflow://experiment-4/disease-progression-forecaster,Medicaid,insurance,r2_score,0.9456,1838,2026-07-07T16:00:00Z
mlflow://experiment-4/disease-progression-forecaster,Self-pay,insurance,r2_score,0.8906,1944,2026-07-07T16:00:00Z
mlflow://experiment-4/disease-progression-forecaster,18-30,age_group,r2_score,0.9534,4521,2026-07-13T16:00:00Z
mlflow://experiment-4/disease-progression-forecaster,31-45,age_group,r2_score,0.9065,4733,2026-07-13T16:00:00Z
mlflow://experiment-4/disease-progression-forecaster,46-60,age_group,r2_score,0.8837,2818,2026-07-13T16:00:00Z
mlflow://experiment-4/disease-progression-forecaster,61-75,age_group,r2_score,0.9161,4920,2026-07-13T16:00:00Z
mlflow://experiment-4/disease-progression-forecaster,75+,age_group,r2_score,0.9418,1698,2026-07-13T16:00:00Z
mlflow://experiment-4/disease-progression-forecaster,Female,sex,r2_score,0.9368,327,2026-07-13T16:00:00Z
mlflow://experiment-4/disease-progression-forecaster,Male,sex,r2_score,0.9541,3886,2026-07-13T16:00:00Z
mlflow://experiment-4/disease-progression-forecaster,Other,sex,r2_score,0.8746,4042,2026-07-13T16:00:00Z
mlflow://experiment-4/disease-progression-forecaster,Commercial,insurance,r2_score,0.9394,1127,2026-07-13T16:00:00Z
mlflow://experiment-4/disease-progression-forecaster,Medicare,insurance,r2_score,0.917,722,2026-07-13T16:00:00Z
mlflow://experiment-4/disease-progression-forecaster,Medicaid,insurance,r2_score,0.9139,4543,2026-07-13T16:00:00Z
mlflow://experiment-4/disease-progression-forecaster,Self-pay,insurance,r2_score,0.9618,590,2026-07-13T16:00:00Z
mlflow://experiment-4/disease-progression-forecaster,18-30,age_group,r2_score,0.9629,1365,2026-07-19T16:00:00Z
mlflow://experiment-4/disease-progression-forecaster,31-45,age_group,r2_score,0.95,4760,2026-07-19T16:00:00Z
mlflow://experiment-4/disease-progression-forecaster,46-60,age_group,r2_score,0.9108,2378,2026-07-19T16:00:00Z
mlflow://experiment-4/disease-progression-forecaster,61-75,age_group,r2_score,0.9692,1086,2026-07-19T16:00:00Z
mlflow://experiment-4/disease-progression-forecaster,75+,age_group,r2_score,0.9525,4371,2026-07-19T16:00:00Z
mlflow://experiment-4/disease-progression-forecaster,Female,sex,r2_score,0.9553,4819,2026-07-19T16:00:00Z
mlflow://experiment-4/disease-progression-forecaster,Male,sex,r2_score,0.9215,3223,2026-07-19T16:00:00Z
mlflow://experiment-4/disease-progression-forecaster,Other,sex,r2_score,0.9502,3112,2026-07-19T16:00:00Z
mlflow://experiment-4/disease-progression-forecaster,Commercial,insurance,r2_score,0.9371,417,2026-07-19T16:00:00Z
mlflow://experiment-4/disease-progression-forecaster,Medicare,insurance,r2_score,0.8988,4872,2026-07-19T16:00:00Z
mlflow://experiment-4/disease-progression-forecaster,Medicaid,insurance,r2_score,0.9388,4120,2026-07-19T16:00:00Z
mlflow://experiment-4/disease-progression-forecaster,Self-pay,insurance,r2_score,0.8834,1671,2026-07-19T16:00:00Z
mlflow://experiment-4/disease-progression-forecaster,18-30,age_group,r2_score,0.9543,3171,2026-07-25T16:00:00Z
mlflow://experiment-4/disease-progression-forecaster,31-45,age_group,r2_score,0.9267,4035,2026-07-25T16:00:00Z
mlflow://experiment-4/disease-progression-forecaster,46-60,age_group,r2_score,0.9686,4375,2026-07-25T16:00:00Z
mlflow://experiment-4/disease-progression-forecaster,61-75,age_group,r2_score,0.9365,3531,2026-07-25T16:00:00Z
mlflow://experiment-4/disease-progression-forecaster,75+,age_group,r2_score,0.978,1114,2026-07-25T16:00:00Z
mlflow://experiment-4/disease-progression-forecaster,Female,sex,r2_score,0.996,4437,2026-07-25T16:00:00Z
mlflow://experiment-4/disease-progression-forecaster,Male,sex,r2_score,0.9322,2104,2026-07-25T16:00:00Z
mlflow://experiment-4/disease-progression-forecaster,Other,sex,r2_score,0.9878,959,2026-07-25T16:00:00Z
mlflow://experiment-4/disease-progression-forecaster,Commercial,insurance,r2_score,0.9347,2554,2026-07-25T16:00:00Z
mlflow://experiment-4/disease-progression-forecaster,Medicare,insurance,r2_score,0.9731,1885,2026-07-25T16:00:00Z
mlflow://experiment-4/disease-progression-forecaster,Medicaid,insurance,r2_score,0.9321,2536,2026-07-25T16:00:00Z
mlflow://experiment-4/disease-progression-forecaster,Self-pay,insurance,r2_score,1.0,1549,2026-07-25T16:00:00Z
mlflow://experiment-5/medical-image-anomaly-detector,18-30,age_group,accuracy,0.9228,1560,2026-05-02T16:00:00Z
mlflow://experiment-5/medical-image-anomaly-detector,31-45,age_group,accuracy,0.9175,2217,2026-05-02T16:00:00Z
mlflow://experiment-5/medical-image-anomaly-detector,46-60,age_group,accuracy,0.9832,1292,2026-05-02T16:00:00Z
mlflow://experiment-5/medical-image-anomaly-detector,61-75,age_group,accuracy,0.9506,564,2026-05-02T16:00:00Z
mlflow://experiment-5/medical-image-anomaly-detector,75+,age_group,accuracy,0.8628,3046,2026-05-02T16:00:00Z
mlflow://experiment-5/medical-image-anomaly-detector,Female,sex,accuracy,0.9308,2675,2026-05-02T16:00:00Z
mlflow://experiment-5/medical-image-anomaly-detector,Male,sex,accuracy,0.883,3828,2026-05-02T16:00:00Z
mlflow://experiment-5/medical-image-anomaly-detector,Other,sex,accuracy,0.9438,4596,2026-05-02T16:00:00Z
mlflow://experiment-5/medical-image-anomaly-detector,Commercial,insurance,accuracy,0.8519,3147,2026-05-02T16:00:00Z
mlflow://experiment-5/medical-image-anomaly-detector,Medicare,insurance,accuracy,0.9603,3270,2026-05-02T16:00:00Z
mlflow://experiment-5/medical-image-anomaly-detector,Medicaid,insurance,accuracy,0.8996,4301,2026-05-02T16:00:00Z
mlflow://experiment-5/medical-image-anomaly-detector,Self-pay,insurance,accuracy,0.8893,4419,2026-05-02T16:00:00Z
mlflow://experiment-5/medical-image-anomaly-detector,18-30,age_group,accuracy,0.8727,4711,2026-05-08T16:00:00Z
mlflow://experiment-5/medical-image-anomaly-detector,31-45,age_group,accuracy,0.9634,1724,2026-05-08T16:00:00Z
mlflow://experiment-5/medical-image-anomaly-detector,46-60,age_group,accuracy,0.9107,4253,2026-05-08T16:00:00Z
mlflow://experiment-5/medical-image-anomaly-detector,61-75,age_group,accuracy,0.9077,754,2026-05-08T16:00:00Z
mlflow://experiment-5/medical-image-anomaly-detector,75+,age_group,accuracy,0.9222,3723,2026-05-08T16:00:00Z
mlflow://experiment-5/medical-image-anomaly-detector,Female,sex,accuracy,0.9013,1590,2026-05-08T16:00:00Z
mlflow://experiment-5/medical-image-anomaly-detector,Male,sex,accuracy,0.9119,4507,2026-05-08T16:00:00Z
mlflow://experiment-5/medical-image-anomaly-detector,Other,sex,accuracy,0.8752,3646,2026-05-08T16:00:00Z
mlflow://experiment-5/medical-image-anomaly-detector,Commercial,insurance,accuracy,0.9228,1488,2026-05-08T16:00:00Z
mlflow://experiment-5/medical-image-anomaly-detector,Medicare,insurance,accuracy,0.9284,292,2026-05-08T16:00:00Z
mlflow://experiment-5/medical-image-anomaly-detector,Medicaid,insurance,accuracy,0.8888,4836,2026-05-08T16:00:00Z
mlflow://experiment-5/medical-image-anomaly-detector,Self-pay,insurance,accuracy,0.9577,2303,2026-05-08T16:00:00Z
mlflow://experiment-5/medical-image-anomaly-detector,18-30,age_group,accuracy,0.8694,1801,2026-05-14T16:00:00Z
mlflow://experiment-5/medical-image-anomaly-detector,31-45,age_group,accuracy,0.8954,617,2026-05-14T16:00:00Z
mlflow://experiment-5/medical-image-anomaly-detector,46-60,age_group,accuracy,0.8898,4441,2026-05-14T16:00:00Z
mlflow://experiment-5/medical-image-anomaly-detector,61-75,age_group,accuracy,0.9235,1561,2026-05-14T16:00:00Z
mlflow://experiment-5/medical-image-anomaly-detector,75+,age_group,accuracy,0.9002,3722,2026-05-14T16:00:00Z
mlflow://experiment-5/medical-image-anomaly-detector,Female,sex,accuracy,0.9342,3897,2026-05-14T16:00:00Z
mlflow://experiment-5/medical-image-anomaly-detector,Male,sex,accuracy,0.8925,4570,2026-05-14T16:00:00Z
mlflow://experiment-5/medical-image-anomaly-detector,Other,sex,accuracy,0.9617,213,2026-05-14T16:00:00Z
mlflow://experiment-5/medical-image-anomaly-detector,Commercial,insurance,accuracy,0.9389,839,2026-05-14T16:00:00Z
mlflow://experiment-5/medical-image-anomaly-detector,Medicare,insurance,accuracy,0.9136,4569,2026-05-14T16:00:00Z
mlflow://experiment-5/medical-image-anomaly-detector,Medicaid,insurance,accuracy,0.9041,987,2026-05-14T16:00:00Z
mlflow://experiment-5/medical-image-anomaly-detector,Self-pay,insurance,accuracy,0.9415,4060,2026-05-14T16:00:00Z
mlflow://experiment-5/medical-image-anomaly-detector,18-30,age_group,accuracy,0.8749,2046,2026-05-20T16:00:00Z
mlflow://experiment-5/medical-image-anomaly-detector,31-45,age_group,accuracy,0.92,839,2026-05-20T16:00:00Z
mlflow://experiment-5/medical-image-anomaly-detector,46-60,age_group,accuracy,0.8997,2422,2026-05-20T16:00:00Z
mlflow://experiment-5/medical-image-anomaly-detector,61-75,age_group,accuracy,0.8508,1753,2026-05-20T16:00:00Z
mlflow://experiment-5/medical-image-anomaly-detector,75+,age_group,accuracy,0.8524,2886,2026-05-20T16:00:00Z
mlflow://experiment-5/medical-image-anomaly-detector,Female,sex,accuracy,0.9156,596,2026-05-20T16:00:00Z
mlflow://experiment-5/medical-image-anomaly-detector,Male,sex,accuracy,0.9628,3863,2026-05-20T16:00:00Z
mlflow://experiment-5/medical-image-anomaly-detector,Other,sex,accuracy,0.8636,3609,2026-05-20T16:00:00Z
mlflow://experiment-5/medical-image-anomaly-detector,Commercial,insurance,accuracy,0.958,4127,2026-05-20T16:00:00Z
mlflow://experiment-5/medical-image-anomaly-detector,Medicare,insurance,accuracy,0.9182,4335,2026-05-20T16:00:00Z
mlflow://experiment-5/medical-image-anomaly-detector,Medicaid,insurance,accuracy,0.9103,1731,2026-05-20T16:00:00Z
mlflow://experiment-5/medical-image-anomaly-detector,Self-pay,insurance,accuracy,0.8567,3423,2026-05-20T16:00:00Z
mlflow://experiment-5/medical-image-anomaly-detector,18-30,age_group,accuracy,0.8694,2178,2026-05-26T16:00:00Z
mlflow://experiment-5/medical-image-anomaly-detector,31-45,age_group,accuracy,0.9504,4030,2026-05-26T16:00:00Z
mlflow://experiment-5/medical-image-anomaly-detector,46-60,age_group,accuracy,0.9472,3136,2026-05-26T16:00:00Z
mlflow://experiment-5/medical-image-anomaly-detector,61-75,age_group,accuracy,0.8735,3388,2026-05-26T16:00:00Z
mlflow://experiment-5/medical-image-anomaly-detector,75+,age_group,accuracy,0.9181,3513,2026-05-26T16:00:00Z
mlflow://experiment-5/medical-image-anomaly-detector,Female,sex,accuracy,0.9024,577,2026-05-26T16:00:00Z
mlflow://experiment-5/medical-image-anomaly-detector,Male,sex,accuracy,0.9518,1283,2026-05-26T16:00:00Z
mlflow://experiment-5/medical-image-anomaly-detector,Other,sex,accuracy,0.9228,3783,2026-05-26T16:00:00Z
mlflow://experiment-5/medical-image-anomaly-detector,Commercial,insurance,accuracy,0.9194,3159,2026-05-26T16:00:00Z
mlflow://experiment-5/medical-image-anomaly-detector,Medicare,insurance,accuracy,0.9108,442,2026-05-26T16:00:00Z
mlflow://experiment-5/medical-image-anomaly-detector,Medicaid,insurance,accuracy,0.8665,2897,2026-05-26T16:00:00Z
mlflow://experiment-5/medical-image-anomaly-detector,Self-pay,insurance,accuracy,0.8761,3322,2026-05-26T16:00:00Z
mlflow://experiment-5/medical-image-anomaly-detector,18-30,age_group,accuracy,0.8614,1572,2026-06-01T16:00:00Z
mlflow://experiment-5/medical-image-anomaly-detector,31-45,age_group,accuracy,0.9569,1808,2026-06-01T16:00:00Z
mlflow://experiment-5/medical-image-anomaly-detector,46-60,age_group,accuracy,0.9145,2395,2026-06-01T16:00:00Z
mlflow://experiment-5/medical-image-anomaly-detector,61-75,age_group,accuracy,0.9353,3538,2026-06-01T16:00:00Z
mlflow://experiment-5/medical-image-anomaly-detector,75+,age_group,accuracy,0.9127,4143,2026-06-01T16:00:00Z
mlflow://experiment-5/medical-image-anomaly-detector,Female,sex,accuracy,0.8913,3632,2026-06-01T16:00:00Z
mlflow://experiment-5/medical-image-anomaly-detector,Male,sex,accuracy,0.9143,1320,2026-06-01T16:00:00Z
mlflow://experiment-5/medical-image-anomaly-detector,Other,sex,accuracy,0.9077,1084,2026-06-01T16:00:00Z
mlflow://experiment-5/medical-image-anomaly-detector,Commercial,insurance,accuracy,0.9493,2470,2026-06-01T16:00:00Z
mlflow://experiment-5/medical-image-anomaly-detector,Medicare,insurance,accuracy,0.9685,3007,2026-06-01T16:00:00Z
mlflow://experiment-5/medical-image-anomaly-detector,Medicaid,insurance,accuracy,0.9216,2143,2026-06-01T16:00:00Z
mlflow://experiment-5/medical-image-anomaly-detector,Self-pay,insurance,accuracy,0.8731,1931,2026-06-01T16:00:00Z
mlflow://experiment-5/medical-image-anomaly-detector,18-30,age_group,accuracy,0.8791,4555,2026-06-07T16:00:00Z
mlflow://experiment-5/medical-image-anomaly-detector,31-45,age_group,accuracy,0.8711,1037,2026-06-07T16:00:00Z
mlflow://experiment-5/medical-image-anomaly-detector,46-60,age_group,accuracy,0.877,2877,2026-06-07T16:00:00Z
mlflow://experiment-5/medical-image-anomaly-detector,61-75,age_group,accuracy,0.8646,2807,2026-06-07T16:00:00Z
mlflow://experiment-5/medical-image-anomaly-detector,75+,age_group,accuracy,0.9143,3841,2026-06-07T16:00:00Z
mlflow://experiment-5/medical-image-anomaly-detector,Female,sex,accuracy,0.968,2706,2026-06-07T16:00:00Z
mlflow://experiment-5/medical-image-anomaly-detector,Male,sex,accuracy,0.9222,2634,2026-06-07T16:00:00Z
mlflow://experiment-5/medical-image-anomaly-detector,Other,sex,accuracy,0.9497,1429,2026-06-07T16:00:00Z
mlflow://experiment-5/medical-image-anomaly-detector,Commercial,insurance,accuracy,0.9636,1657,2026-06-07T16:00:00Z
mlflow://experiment-5/medical-image-anomaly-detector,Medicare,insurance,accuracy,0.9427,1300,2026-06-07T16:00:00Z
mlflow://experiment-5/medical-image-anomaly-detector,Medicaid,insurance,accuracy,0.8852,2542,2026-06-07T16:00:00Z
mlflow://experiment-5/medical-image-anomaly-detector,Self-pay,insurance,accuracy,0.9248,158,2026-06-07T16:00:00Z
mlflow://experiment-5/medical-image-anomaly-detector,18-30,age_group,accuracy,0.9643,4274,2026-06-13T16:00:00Z
mlflow://experiment-5/medical-image-anomaly-detector,31-45,age_group,accuracy,0.8793,1829,2026-06-13T16:00:00Z
mlflow://experiment-5/medical-image-anomaly-detector,46-60,age_group,accuracy,0.9183,2042,2026-06-13T16:00:00Z
mlflow://experiment-5/medical-image-anomaly-detector,61-75,age_group,accuracy,0.9194,2147,2026-06-13T16:00:00Z
mlflow://experiment-5/medical-image-anomaly-detector,75+,age_group,accuracy,0.9725,2876,2026-06-13T16:00:00Z
mlflow://experiment-5/medical-image-anomaly-detector,Female,sex,accuracy,0.9556,2913,2026-06-13T16:00:00Z
mlflow://experiment-5/medical-image-anomaly-detector,Male,sex,accuracy,0.9733,2701,2026-06-13T16:00:00Z
mlflow://experiment-5/medical-image-anomaly-detector,Other,sex,accuracy,0.9591,4311,2026-06-13T16:00:00Z
mlflow://experiment-5/medical-image-anomaly-detector,Commercial,insurance,accuracy,0.9904,522,2026-06-13T16:00:00Z
mlflow://experiment-5/medical-image-anomaly-detector,Medicare,insurance,accuracy,0.9327,1792,2026-06-13T16:00:00Z
mlflow://experiment-5/medical-image-anomaly-detector,Medicaid,insurance,accuracy,0.9024,4028,2026-06-13T16:00:00Z
mlflow://experiment-5/medical-image-anomaly-detector,Self-pay,insurance,accuracy,0.9497,4997,2026-06-13T16:00:00Z
mlflow://experiment-5/medical-image-anomaly-detector,18-30,age_group,accuracy,0.9091,454,2026-06-19T16:00:00Z
mlflow://experiment-5/medical-image-anomaly-detector,31-45,age_group,accuracy,0.9449,1509,2026-06-19T16:00:00Z
mlflow://experiment-5/medical-image-anomaly-detector,46-60,age_group,accuracy,0.9763,1557,2026-06-19T16:00:00Z
mlflow://experiment-5/medical-image-anomaly-detector,61-75,age_group,accuracy,0.9295,2423,2026-06-19T16:00:00Z
mlflow://experiment-5/medical-image-anomaly-detector,75+,age_group,accuracy,0.8893,3395,2026-06-19T16:00:00Z
mlflow://experiment-5/medical-image-anomaly-detector,Female,sex,accuracy,0.9411,580,2026-06-19T16:00:00Z
mlflow://experiment-5/medical-image-anomaly-detector,Male,sex,accuracy,0.8602,3463,2026-06-19T16:00:00Z
mlflow://experiment-5/medical-image-anomaly-detector,Other,sex,accuracy,0.931,3600,2026-06-19T16:00:00Z
mlflow://experiment-5/medical-image-anomaly-detector,Commercial,insurance,accuracy,0.8706,1448,2026-06-19T16:00:00Z
mlflow://experiment-5/medical-image-anomaly-detector,Medicare,insurance,accuracy,0.9399,616,2026-06-19T16:00:00Z
mlflow://experiment-5/medical-image-anomaly-detector,Medicaid,insurance,accuracy,0.866,970,2026-06-19T16:00:00Z
mlflow://experiment-5/medical-image-anomaly-detector,Self-pay,insurance,accuracy,0.9257,2622,2026-06-19T16:00:00Z
mlflow://experiment-5/medical-image-anomaly-detector,18-30,age_group,accuracy,0.9689,4123,2026-06-25T16:00:00Z
mlflow://experiment-5/medical-image-anomaly-detector,31-45,age_group,accuracy,0.9454,2651,2026-06-25T16:00:00Z
mlflow://experiment-5/medical-image-anomaly-detector,46-60,age_group,accuracy,0.9277,2436,2026-06-25T16:00:00Z
mlflow://experiment-5/medical-image-anomaly-detector,61-75,age_group,accuracy,0.9326,3448,2026-06-25T16:00:00Z
mlflow://experiment-5/medical-image-anomaly-detector,75+,age_group,accuracy,0.9105,4244,2026-06-25T16:00:00Z
mlflow://experiment-5/medical-image-anomaly-detector,Female,sex,accuracy,0.868,478,2026-06-25T16:00:00Z
mlflow://experiment-5/medical-image-anomaly-detector,Male,sex,accuracy,0.9284,1876,2026-06-25T16:00:00Z
mlflow://experiment-5/medical-image-anomaly-detector,Other,sex,accuracy,0.9109,4703,2026-06-25T16:00:00Z
mlflow://experiment-5/medical-image-anomaly-detector,Commercial,insurance,accuracy,0.9404,1863,2026-06-25T16:00:00Z
mlflow://experiment-5/medical-image-anomaly-detector,Medicare,insurance,accuracy,0.9097,968,2026-06-25T16:00:00Z
mlflow://experiment-5/medical-image-anomaly-detector,Medicaid,insurance,accuracy,0.9115,743,2026-06-25T16:00:00Z
mlflow://experiment-5/medical-image-anomaly-detector,Self-pay,insurance,accuracy,0.8821,3168,2026-06-25T16:00:00Z
mlflow://experiment-5/medical-image-anomaly-detector,18-30,age_group,accuracy,0.877,1103,2026-07-01T16:00:00Z
mlflow://experiment-5/medical-image-anomaly-detector,31-45,age_group,accuracy,0.8649,2910,2026-07-01T16:00:00Z
mlflow://experiment-5/medical-image-anomaly-detector,46-60,age_group,accuracy,0.9461,4960,2026-07-01T16:00:00Z
mlflow://experiment-5/medical-image-anomaly-detector,61-75,age_group,accuracy,0.9183,2542,2026-07-01T16:00:00Z
mlflow://experiment-5/medical-image-anomaly-detector,75+,age_group,accuracy,0.954,4080,2026-07-01T16:00:00Z
mlflow://experiment-5/medical-image-anomaly-detector,Female,sex,accuracy,0.9286,993,2026-07-01T16:00:00Z
mlflow://experiment-5/medical-image-anomaly-detector,Male,sex,accuracy,0.9454,2443,2026-07-01T16:00:00Z
mlflow://experiment-5/medical-image-anomaly-detector,Other,sex,accuracy,0.9221,2945,2026-07-01T16:00:00Z
mlflow://experiment-5/medical-image-anomaly-detector,Commercial,insurance,accuracy,0.8752,1992,2026-07-01T16:00:00Z
mlflow://experiment-5/medical-image-anomaly-detector,Medicare,insurance,accuracy,0.951,4199,2026-07-01T16:00:00Z
mlflow://experiment-5/medical-image-anomaly-detector,Medicaid,insurance,accuracy,0.8608,2605,2026-07-01T16:00:00Z
mlflow://experiment-5/medical-image-anomaly-detector,Self-pay,insurance,accuracy,0.9558,3822,2026-07-01T16:00:00Z
mlflow://experiment-5/medical-image-anomaly-detector,18-30,age_group,accuracy,0.9338,2208,2026-07-07T16:00:00Z
mlflow://experiment-5/medical-image-anomaly-detector,31-45,age_group,accuracy,0.9328,3132,2026-07-07T16:00:00Z
mlflow://experiment-5/medical-image-anomaly-detector,46-60,age_group,accuracy,0.9482,3925,2026-07-07T16:00:00Z
mlflow://experiment-5/medical-image-anomaly-detector,61-75,age_group,accuracy,0.8772,2970,2026-07-07T16:00:00Z
mlflow://experiment-5/medical-image-anomaly-detector,75+,age_group,accuracy,0.9413,1304,2026-07-07T16:00:00Z
mlflow://experiment-5/medical-image-anomaly-detector,Female,sex,accuracy,0.9007,816,2026-07-07T16:00:00Z
mlflow://experiment-5/medical-image-anomaly-detector,Male,sex,accuracy,0.9027,185,2026-07-07T16:00:00Z
mlflow://experiment-5/medical-image-anomaly-detector,Other,sex,accuracy,0.942,1698,2026-07-07T16:00:00Z
mlflow://experiment-5/medical-image-anomaly-detector,Commercial,insurance,accuracy,0.8879,3365,2026-07-07T16:00:00Z
mlflow://experiment-5/medical-image-anomaly-detector,Medicare,insurance,accuracy,0.8694,2513,2026-07-07T16:00:00Z
mlflow://experiment-5/medical-image-anomaly-detector,Medicaid,insurance,accuracy,0.9238,2991,2026-07-07T16:00:00Z
mlflow://experiment-5/medical-image-anomaly-detector,Self-pay,insurance,accuracy,0.8808,2694,2026-07-07T16:00:00Z
mlflow://experiment-5/medical-image-anomaly-detector,18-30,age_group,accuracy,0.9199,3634,2026-07-13T16:00:00Z
mlflow://experiment-5/medical-image-anomaly-detector,31-45,age_group,accuracy,0.8732,2850,2026-07-13T16:00:00Z
mlflow://experiment-5/medical-image-anomaly-detector,46-60,age_group,accuracy,0.9315,493,2026-07-13T16:00:00Z
mlflow://experiment-5/medical-image-anomaly-detector,61-75,age_group,accuracy,0.876,3881,2026-07-13T16:00:00Z
mlflow://experiment-5/medical-image-anomaly-detector,75+,age_group,accuracy,0.9613,4974,2026-07-13T16:00:00Z
mlflow://experiment-5/medical-image-anomaly-detector,Female,sex,accuracy,0.954,1393,2026-07-13T16:00:00Z
mlflow://experiment-5/medical-image-anomaly-detector,Male,sex,accuracy,0.9038,3202,2026-07-13T16:00:00Z
mlflow://experiment-5/medical-image-anomaly-detector,Other,sex,accuracy,0.8482,2783,2026-07-13T16:00:00Z
mlflow://experiment-5/medical-image-anomaly-detector,Commercial,insurance,accuracy,0.9277,2303,2026-07-13T16:00:00Z
mlflow://experiment-5/medical-image-anomaly-detector,Medicare,insurance,accuracy,0.8736,2607,2026-07-13T16:00:00Z
mlflow://experiment-5/medical-image-anomaly-detector,Medicaid,insurance,accuracy,0.9789,1893,2026-07-13T16:00:00Z
mlflow://experiment-5/medical-image-anomaly-detector,Self-pay,insurance,accuracy,0.9644,2013,2026-07-13T16:00:00Z
mlflow://experiment-5/medical-image-anomaly-detector,18-30,age_group,accuracy,0.9537,240,2026-07-19T16:00:00Z
mlflow://experiment-5/medical-image-anomaly-detector,31-45,age_group,accuracy,0.87,1003,2026-07-19T16:00:00Z
mlflow://experiment-5/medical-image-anomaly-detector,46-60,age_group,accuracy,0.9449,2100,2026-07-19T16:00:00Z
mlflow://experiment-5/medical-image-anomaly-detector,61-75,age_group,accuracy,0.8824,4510,2026-07-19T16:00:00Z
mlflow://experiment-5/medical-image-anomaly-detector,75+,age_group,accuracy,0.9183,4317,2026-07-19T16:00:00Z
mlflow://experiment-5/medical-image-anomaly-detector,Female,sex,accuracy,0.8841,3414,2026-07-19T16:00:00Z
mlflow://experiment-5/medical-image-anomaly-detector,Male,sex,accuracy,0.9188,2359,2026-07-19T16:00:00Z
mlflow://experiment-5/medical-image-anomaly-detector,Other,sex,accuracy,0.9475,2063,2026-07-19T16:00:00Z
mlflow://experiment-5/medical-image-anomaly-detector,Commercial,insurance,accuracy,0.9659,806,2026-07-19T16:00:00Z
mlflow://experiment-5/medical-image-anomaly-detector,Medicare,insurance,accuracy,0.8834,217,2026-07-19T16:00:00Z
mlflow://experiment-5/medical-image-anomaly-detector,Medicaid,insurance,accuracy,0.8854,3382,2026-07-19T16:00:00Z
mlflow://experiment-5/medical-image-anomaly-detector,Self-pay,insurance,accuracy,0.8583,2293,2026-07-19T16:00:00Z
mlflow://experiment-5/medical-image-anomaly-detector,18-30,age_group,accuracy,0.9554,3483,2026-07-25T16:00:00Z
mlflow://experiment-5/medical-image-anomaly-detector,31-45,age_group,accuracy,0.9421,2185,2026-07-25T16:00:00Z
mlflow://experiment-5/medical-image-anomaly-detector,46-60,age_group,accuracy,0.8735,3219,2026-07-25T16:00:00Z
mlflow://experiment-5/medical-image-anomaly-detector,61-75,age_group,accuracy,0.9425,641,2026-07-25T16:00:00Z
mlflow://experiment-5/medical-image-anomaly-detector,75+,age_group,accuracy,0.9441,214,2026-07-25T16:00:00Z
mlflow://experiment-5/medical-image-anomaly-detector,Female,sex,accuracy,0.9188,466,2026-07-25T16:00:00Z
mlflow://experiment-5/medical-image-anomaly-detector,Male,sex,accuracy,0.9659,1810,2026-07-25T16:00:00Z
mlflow://experiment-5/medical-image-anomaly-detector,Other,sex,accuracy,0.9356,834,2026-07-25T16:00:00Z
mlflow://experiment-5/medical-image-anomaly-detector,Commercial,insurance,accuracy,0.9566,869,2026-07-25T16:00:00Z
mlflow://experiment-5/medical-image-anomaly-detector,Medicare,insurance,accuracy,0.9252,2207,2026-07-25T16:00:00Z
mlflow://experiment-5/medical-image-anomaly-detector,Medicaid,insurance,accuracy,0.8606,2603,2026-07-25T16:00:00Z
mlflow://experiment-5/medical-image-anomaly-detector,Self-pay,insurance,accuracy,0.8753,3382,2026-07-25T16:00:00Z
mlflow://experiment-6/length-of-stay-predictor,18-30,age_group,r2_score,0.8926,4826,2026-05-02T16:00:00Z
mlflow://experiment-6/length-of-stay-predictor,31-45,age_group,r2_score,0.9285,415,2026-05-02T16:00:00Z
mlflow://experiment-6/length-of-stay-predictor,46-60,age_group,r2_score,0.9795,2621,2026-05-02T16:00:00Z
mlflow://experiment-6/length-of-stay-predictor,61-75,age_group,r2_score,0.9391,4075,2026-05-02T16:00:00Z
mlflow://experiment-6/length-of-stay-predictor,75+,age_group,r2_score,0.9091,2874,2026-05-02T16:00:00Z
mlflow://experiment-6/length-of-stay-predictor,Female,sex,r2_score,0.9365,4249,2026-05-02T16:00:00Z
mlflow://experiment-6/length-of-stay-predictor,Male,sex,r2_score,0.8649,2305,2026-05-02T16:00:00Z
mlflow://experiment-6/length-of-stay-predictor,Other,sex,r2_score,0.8726,1410,2026-05-02T16:00:00Z
mlflow://experiment-6/length-of-stay-predictor,Commercial,insurance,r2_score,0.9716,3733,2026-05-02T16:00:00Z
mlflow://experiment-6/length-of-stay-predictor,Medicare,insurance,r2_score,0.9622,4734,2026-05-02T16:00:00Z
mlflow://experiment-6/length-of-stay-predictor,Medicaid,insurance,r2_score,0.9526,1399,2026-05-02T16:00:00Z
mlflow://experiment-6/length-of-stay-predictor,Self-pay,insurance,r2_score,0.8767,221,2026-05-02T16:00:00Z
mlflow://experiment-6/length-of-stay-predictor,18-30,age_group,r2_score,0.9785,292,2026-05-08T16:00:00Z
mlflow://experiment-6/length-of-stay-predictor,31-45,age_group,r2_score,0.949,2436,2026-05-08T16:00:00Z
mlflow://experiment-6/length-of-stay-predictor,46-60,age_group,r2_score,0.9419,1113,2026-05-08T16:00:00Z
mlflow://experiment-6/length-of-stay-predictor,61-75,age_group,r2_score,0.9506,4501,2026-05-08T16:00:00Z
mlflow://experiment-6/length-of-stay-predictor,75+,age_group,r2_score,0.9253,550,2026-05-08T16:00:00Z
mlflow://experiment-6/length-of-stay-predictor,Female,sex,r2_score,0.8664,2072,2026-05-08T16:00:00Z
mlflow://experiment-6/length-of-stay-predictor,Male,sex,r2_score,0.9399,2025,2026-05-08T16:00:00Z
mlflow://experiment-6/length-of-stay-predictor,Other,sex,r2_score,0.9156,4285,2026-05-08T16:00:00Z
mlflow://experiment-6/length-of-stay-predictor,Commercial,insurance,r2_score,0.857,1860,2026-05-08T16:00:00Z
mlflow://experiment-6/length-of-stay-predictor,Medicare,insurance,r2_score,0.9303,834,2026-05-08T16:00:00Z
mlflow://experiment-6/length-of-stay-predictor,Medicaid,insurance,r2_score,0.8927,4897,2026-05-08T16:00:00Z
mlflow://experiment-6/length-of-stay-predictor,Self-pay,insurance,r2_score,0.9357,3890,2026-05-08T16:00:00Z
mlflow://experiment-6/length-of-stay-predictor,18-30,age_group,r2_score,0.8763,635,2026-05-14T16:00:00Z
mlflow://experiment-6/length-of-stay-predictor,31-45,age_group,r2_score,0.8875,4981,2026-05-14T16:00:00Z
mlflow://experiment-6/length-of-stay-predictor,46-60,age_group,r2_score,0.8672,1060,2026-05-14T16:00:00Z
mlflow://experiment-6/length-of-stay-predictor,61-75,age_group,r2_score,0.9418,4551,2026-05-14T16:00:00Z
mlflow://experiment-6/length-of-stay-predictor,75+,age_group,r2_score,0.9363,2827,2026-05-14T16:00:00Z
mlflow://experiment-6/length-of-stay-predictor,Female,sex,r2_score,0.8868,4190,2026-05-14T16:00:00Z
mlflow://experiment-6/length-of-stay-predictor,Male,sex,r2_score,0.863,3344,2026-05-14T16:00:00Z
mlflow://experiment-6/length-of-stay-predictor,Other,sex,r2_score,0.9357,1616,2026-05-14T16:00:00Z
mlflow://experiment-6/length-of-stay-predictor,Commercial,insurance,r2_score,0.9152,4432,2026-05-14T16:00:00Z
mlflow://experiment-6/length-of-stay-predictor,Medicare,insurance,r2_score,0.9349,960,2026-05-14T16:00:00Z
mlflow://experiment-6/length-of-stay-predictor,Medicaid,insurance,r2_score,0.9024,2087,2026-05-14T16:00:00Z
mlflow://experiment-6/length-of-stay-predictor,Self-pay,insurance,r2_score,0.9717,2779,2026-05-14T16:00:00Z
mlflow://experiment-6/length-of-stay-predictor,18-30,age_group,r2_score,0.9489,4149,2026-05-20T16:00:00Z
mlflow://experiment-6/length-of-stay-predictor,31-45,age_group,r2_score,0.9212,2920,2026-05-20T16:00:00Z
mlflow://experiment-6/length-of-stay-predictor,46-60,age_group,r2_score,0.9383,4216,2026-05-20T16:00:00Z
mlflow://experiment-6/length-of-stay-predictor,61-75,age_group,r2_score,0.9422,4618,2026-05-20T16:00:00Z
mlflow://experiment-6/length-of-stay-predictor,75+,age_group,r2_score,0.9553,2014,2026-05-20T16:00:00Z
mlflow://experiment-6/length-of-stay-predictor,Female,sex,r2_score,0.8393,3143,2026-05-20T16:00:00Z
mlflow://experiment-6/length-of-stay-predictor,Male,sex,r2_score,0.8739,2699,2026-05-20T16:00:00Z
mlflow://experiment-6/length-of-stay-predictor,Other,sex,r2_score,0.8973,3692,2026-05-20T16:00:00Z
mlflow://experiment-6/length-of-stay-predictor,Commercial,insurance,r2_score,0.9351,122,2026-05-20T16:00:00Z
mlflow://experiment-6/length-of-stay-predictor,Medicare,insurance,r2_score,0.8941,1105,2026-05-20T16:00:00Z
mlflow://experiment-6/length-of-stay-predictor,Medicaid,insurance,r2_score,0.9376,3568,2026-05-20T16:00:00Z
mlflow://experiment-6/length-of-stay-predictor,Self-pay,insurance,r2_score,0.9467,867,2026-05-20T16:00:00Z
mlflow://experiment-6/length-of-stay-predictor,18-30,age_group,r2_score,0.8692,3031,2026-05-26T16:00:00Z
mlflow://experiment-6/length-of-stay-predictor,31-45,age_group,r2_score,0.897,2694,2026-05-26T16:00:00Z
mlflow://experiment-6/length-of-stay-predictor,46-60,age_group,r2_score,0.8778,2590,2026-05-26T16:00:00Z
mlflow://experiment-6/length-of-stay-predictor,61-75,age_group,r2_score,0.9023,3471,2026-05-26T16:00:00Z
mlflow://experiment-6/length-of-stay-predictor,75+,age_group,r2_score,0.9261,4899,2026-05-26T16:00:00Z
mlflow://experiment-6/length-of-stay-predictor,Female,sex,r2_score,0.9273,3468,2026-05-26T16:00:00Z
mlflow://experiment-6/length-of-stay-predictor,Male,sex,r2_score,0.9077,4772,2026-05-26T16:00:00Z
mlflow://experiment-6/length-of-stay-predictor,Other,sex,r2_score,0.9604,1531,2026-05-26T16:00:00Z
mlflow://experiment-6/length-of-stay-predictor,Commercial,insurance,r2_score,0.9189,1075,2026-05-26T16:00:00Z
mlflow://experiment-6/length-of-stay-predictor,Medicare,insurance,r2_score,0.9117,2096,2026-05-26T16:00:00Z
mlflow://experiment-6/length-of-stay-predictor,Medicaid,insurance,r2_score,0.9132,3573,2026-05-26T16:00:00Z
mlflow://experiment-6/length-of-stay-predictor,Self-pay,insurance,r2_score,0.9112,4041,2026-05-26T16:00:00Z
mlflow://experiment-6/length-of-stay-predictor,18-30,age_group,r2_score,0.8704,4618,2026-06-01T16:00:00Z
mlflow://experiment-6/length-of-stay-predictor,31-45,age_group,r2_score,0.8919,926,2026-06-01T16:00:00Z
mlflow://experiment-6/length-of-stay-predictor,46-60,age_group,r2_score,0.8721,3019,2026-06-01T16:00:00Z
mlflow://experiment-6/length-of-stay-predictor,61-75,age_group,r2_score,0.9059,669,2026-06-01T16:00:00Z
mlflow://experiment-6/length-of-stay-predictor,75+,age_group,r2_score,0.9105,200,2026-06-01T16:00:00Z
mlflow://experiment-6/length-of-stay-predictor,Female,sex,r2_score,0.9559,265,2026-06-01T16:00:00Z
mlflow://experiment-6/length-of-stay-predictor,Male,sex,r2_score,0.9055,2152,2026-06-01T16:00:00Z
mlflow://experiment-6/length-of-stay-predictor,Other,sex,r2_score,0.9583,2472,2026-06-01T16:00:00Z
mlflow://experiment-6/length-of-stay-predictor,Commercial,insurance,r2_score,0.9718,1346,2026-06-01T16:00:00Z
mlflow://experiment-6/length-of-stay-predictor,Medicare,insurance,r2_score,0.8888,1337,2026-06-01T16:00:00Z
mlflow://experiment-6/length-of-stay-predictor,Medicaid,insurance,r2_score,0.9367,1151,2026-06-01T16:00:00Z
mlflow://experiment-6/length-of-stay-predictor,Self-pay,insurance,r2_score,0.8825,2946,2026-06-01T16:00:00Z
mlflow://experiment-6/length-of-stay-predictor,18-30,age_group,r2_score,0.8823,2120,2026-06-07T16:00:00Z
mlflow://experiment-6/length-of-stay-predictor,31-45,age_group,r2_score,0.9182,4687,2026-06-07T16:00:00Z
mlflow://experiment-6/length-of-stay-predictor,46-60,age_group,r2_score,0.8983,2163,2026-06-07T16:00:00Z
mlflow://experiment-6/length-of-stay-predictor,61-75,age_group,r2_score,0.9046,1171,2026-06-07T16:00:00Z
mlflow://experiment-6/length-of-stay-predictor,75+,age_group,r2_score,0.9386,4980,2026-06-07T16:00:00Z
mlflow://experiment-6/length-of-stay-predictor,Female,sex,r2_score,0.8919,4034,2026-06-07T16:00:00Z
mlflow://experiment-6/length-of-stay-predictor,Male,sex,r2_score,0.8705,3129,2026-06-07T16:00:00Z
mlflow://experiment-6/length-of-stay-predictor,Other,sex,r2_score,0.9502,4745,2026-06-07T16:00:00Z
mlflow://experiment-6/length-of-stay-predictor,Commercial,insurance,r2_score,0.9231,3257,2026-06-07T16:00:00Z
mlflow://experiment-6/length-of-stay-predictor,Medicare,insurance,r2_score,0.8785,3459,2026-06-07T16:00:00Z
mlflow://experiment-6/length-of-stay-predictor,Medicaid,insurance,r2_score,0.8992,838,2026-06-07T16:00:00Z
mlflow://experiment-6/length-of-stay-predictor,Self-pay,insurance,r2_score,0.8803,3416,2026-06-07T16:00:00Z
mlflow://experiment-6/length-of-stay-predictor,18-30,age_group,r2_score,0.9463,4703,2026-06-13T16:00:00Z
mlflow://experiment-6/length-of-stay-predictor,31-45,age_group,r2_score,0.876,3833,2026-06-13T16:00:00Z
mlflow://experiment-6/length-of-stay-predictor,46-60,age_group,r2_score,0.8961,2791,2026-06-13T16:00:00Z
mlflow://experiment-6/length-of-stay-predictor,61-75,age_group,r2_score,0.9364,303,2026-06-13T16:00:00Z
mlflow://experiment-6/length-of-stay-predictor,75+,age_group,r2_score,0.8837,4273,2026-06-13T16:00:00Z
mlflow://experiment-6/length-of-stay-predictor,Female,sex,r2_score,0.8738,2051,2026-06-13T16:00:00Z
mlflow://experiment-6/length-of-stay-predictor,Male,sex,r2_score,0.9108,3656,2026-06-13T16:00:00Z
mlflow://experiment-6/length-of-stay-predictor,Other,sex,r2_score,0.967,582,2026-06-13T16:00:00Z
mlflow://experiment-6/length-of-stay-predictor,Commercial,insurance,r2_score,0.8841,4358,2026-06-13T16:00:00Z
mlflow://experiment-6/length-of-stay-predictor,Medicare,insurance,r2_score,0.9313,435,2026-06-13T16:00:00Z
mlflow://experiment-6/length-of-stay-predictor,Medicaid,insurance,r2_score,0.9237,1554,2026-06-13T16:00:00Z
mlflow://experiment-6/length-of-stay-predictor,Self-pay,insurance,r2_score,0.9354,2011,2026-06-13T16:00:00Z
mlflow://experiment-6/length-of-stay-predictor,18-30,age_group,r2_score,0.8753,2822,2026-06-19T16:00:00Z
mlflow://experiment-6/length-of-stay-predictor,31-45,age_group,r2_score,0.923,1981,2026-06-19T16:00:00Z
mlflow://experiment-6/length-of-stay-predictor,46-60,age_group,r2_score,0.9405,2707,2026-06-19T16:00:00Z
mlflow://experiment-6/length-of-stay-predictor,61-75,age_group,r2_score,0.8589,555,2026-06-19T16:00:00Z
mlflow://experiment-6/length-of-stay-predictor,75+,age_group,r2_score,0.9749,3245,2026-06-19T16:00:00Z
mlflow://experiment-6/length-of-stay-predictor,Female,sex,r2_score,0.8963,4320,2026-06-19T16:00:00Z
mlflow://experiment-6/length-of-stay-predictor,Male,sex,r2_score,0.8806,1500,2026-06-19T16:00:00Z
mlflow://experiment-6/length-of-stay-predictor,Other,sex,r2_score,0.8879,3204,2026-06-19T16:00:00Z
mlflow://experiment-6/length-of-stay-predictor,Commercial,insurance,r2_score,0.9581,4285,2026-06-19T16:00:00Z
mlflow://experiment-6/length-of-stay-predictor,Medicare,insurance,r2_score,0.9268,3266,2026-06-19T16:00:00Z
mlflow://experiment-6/length-of-stay-predictor,Medicaid,insurance,r2_score,0.9385,2815,2026-06-19T16:00:00Z
mlflow://experiment-6/length-of-stay-predictor,Self-pay,insurance,r2_score,0.8982,4579,2026-06-19T16:00:00Z
mlflow://experiment-6/length-of-stay-predictor,18-30,age_group,r2_score,0.9245,2695,2026-06-25T16:00:00Z
mlflow://experiment-6/length-of-stay-predictor,31-45,age_group,r2_score,0.8807,725,2026-06-25T16:00:00Z
mlflow://experiment-6/length-of-stay-predictor,46-60,age_group,r2_score,0.9309,4242,2026-06-25T16:00:00Z
mlflow://experiment-6/length-of-stay-predictor,61-75,age_group,r2_score,0.9251,4825,2026-06-25T16:00:00Z
mlflow://experiment-6/length-of-stay-predictor,75+,age_group,r2_score,0.8978,409,2026-06-25T16:00:00Z
mlflow://experiment-6/length-of-stay-predictor,Female,sex,r2_score,0.9375,3914,2026-06-25T16:00:00Z
mlflow://experiment-6/length-of-stay-predictor,Male,sex,r2_score,0.9398,4429,2026-06-25T16:00:00Z
mlflow://experiment-6/length-of-stay-predictor,Other,sex,r2_score,0.9273,3924,2026-06-25T16:00:00Z
mlflow://experiment-6/length-of-stay-predictor,Commercial,insurance,r2_score,0.9292,4170,2026-06-25T16:00:00Z
mlflow://experiment-6/length-of-stay-predictor,Medicare,insurance,r2_score,0.9379,2182,2026-06-25T16:00:00Z
mlflow://experiment-6/length-of-stay-predictor,Medicaid,insurance,r2_score,0.9104,4350,2026-06-25T16:00:00Z
mlflow://experiment-6/length-of-stay-predictor,Self-pay,insurance,r2_score,0.9655,3600,2026-06-25T16:00:00Z
mlflow://experiment-6/length-of-stay-predictor,18-30,age_group,r2_score,0.8693,4363,2026-07-01T16:00:00Z
mlflow://experiment-6/length-of-stay-predictor,31-45,age_group,r2_score,0.9126,1860,2026-07-01T16:00:00Z
mlflow://experiment-6/length-of-stay-predictor,46-60,age_group,r2_score,0.9062,660,2026-07-01T16:00:00Z
mlflow://experiment-6/length-of-stay-predictor,61-75,age_group,r2_score,0.8866,3057,2026-07-01T16:00:00Z
mlflow://experiment-6/length-of-stay-predictor,75+,age_group,r2_score,0.9096,961,2026-07-01T16:00:00Z
mlflow://experiment-6/length-of-stay-predictor,Female,sex,r2_score,0.8824,2819,2026-07-01T16:00:00Z
mlflow://experiment-6/length-of-stay-predictor,Male,sex,r2_score,0.9353,3017,2026-07-01T16:00:00Z
mlflow://experiment-6/length-of-stay-predictor,Other,sex,r2_score,0.8997,1506,2026-07-01T16:00:00Z
mlflow://experiment-6/length-of-stay-predictor,Commercial,insurance,r2_score,0.8924,4438,2026-07-01T16:00:00Z
mlflow://experiment-6/length-of-stay-predictor,Medicare,insurance,r2_score,0.8967,936,2026-07-01T16:00:00Z
mlflow://experiment-6/length-of-stay-predictor,Medicaid,insurance,r2_score,0.8704,402,2026-07-01T16:00:00Z
mlflow://experiment-6/length-of-stay-predictor,Self-pay,insurance,r2_score,0.8818,1563,2026-07-01T16:00:00Z
mlflow://experiment-6/length-of-stay-predictor,18-30,age_group,r2_score,0.8971,3878,2026-07-07T16:00:00Z
mlflow://experiment-6/length-of-stay-predictor,31-45,age_group,r2_score,0.9433,2770,2026-07-07T16:00:00Z
mlflow://experiment-6/length-of-stay-predictor,46-60,age_group,r2_score,0.9714,973,2026-07-07T16:00:00Z
mlflow://experiment-6/length-of-stay-predictor,61-75,age_group,r2_score,0.919,2253,2026-07-07T16:00:00Z
mlflow://experiment-6/length-of-stay-predictor,75+,age_group,r2_score,0.9441,288,2026-07-07T16:00:00Z
mlflow://experiment-6/length-of-stay-predictor,Female,sex,r2_score,0.9178,374,2026-07-07T16:00:00Z
mlflow://experiment-6/length-of-stay-predictor,Male,sex,r2_score,0.9518,1498,2026-07-07T16:00:00Z
mlflow://experiment-6/length-of-stay-predictor,Other,sex,r2_score,0.9061,2506,2026-07-07T16:00:00Z
mlflow://experiment-6/length-of-stay-predictor,Commercial,insurance,r2_score,0.9401,4036,2026-07-07T16:00:00Z
mlflow://experiment-6/length-of-stay-predictor,Medicare,insurance,r2_score,0.9121,1901,2026-07-07T16:00:00Z
mlflow://experiment-6/length-of-stay-predictor,Medicaid,insurance,r2_score,0.9005,2734,2026-07-07T16:00:00Z
mlflow://experiment-6/length-of-stay-predictor,Self-pay,insurance,r2_score,0.8929,3480,2026-07-07T16:00:00Z
mlflow://experiment-6/length-of-stay-predictor,18-30,age_group,r2_score,0.9436,945,2026-07-13T16:00:00Z
mlflow://experiment-6/length-of-stay-predictor,31-45,age_group,r2_score,0.9008,800,2026-07-13T16:00:00Z
mlflow://experiment-6/length-of-stay-predictor,46-60,age_group,r2_score,0.8752,1014,2026-07-13T16:00:00Z
mlflow://experiment-6/length-of-stay-predictor,61-75,age_group,r2_score,0.9177,2590,2026-07-13T16:00:00Z
mlflow://experiment-6/length-of-stay-predictor,75+,age_group,r2_score,0.8626,4522,2026-07-13T16:00:00Z
mlflow://experiment-6/length-of-stay-predictor,Female,sex,r2_score,0.9309,2060,2026-07-13T16:00:00Z
mlflow://experiment-6/length-of-stay-predictor,Male,sex,r2_score,0.8841,553,2026-07-13T16:00:00Z
mlflow://experiment-6/length-of-stay-predictor,Other,sex,r2_score,0.8983,3789,2026-07-13T16:00:00Z
mlflow://experiment-6/length-of-stay-predictor,Commercial,insurance,r2_score,0.9569,668,2026-07-13T16:00:00Z
mlflow://experiment-6/length-of-stay-predictor,Medicare,insurance,r2_score,0.878,137,2026-07-13T16:00:00Z
mlflow://experiment-6/length-of-stay-predictor,Medicaid,insurance,r2_score,0.9498,1360,2026-07-13T16:00:00Z
mlflow://experiment-6/length-of-stay-predictor,Self-pay,insurance,r2_score,0.9698,3657,2026-07-13T16:00:00Z
mlflow://experiment-6/length-of-stay-predictor,18-30,age_group,r2_score,0.8657,4113,2026-07-19T16:00:00Z
mlflow://experiment-6/length-of-stay-predictor,31-45,age_group,r2_score,0.909,1510,2026-07-19T16:00:00Z
mlflow://experiment-6/length-of-stay-predictor,46-60,age_group,r2_score,0.9165,4614,2026-07-19T16:00:00Z
mlflow://experiment-6/length-of-stay-predictor,61-75,age_group,r2_score,0.8949,656,2026-07-19T16:00:00Z
mlflow://experiment-6/length-of-stay-predictor,75+,age_group,r2_score,0.8905,4938,2026-07-19T16:00:00Z
mlflow://experiment-6/length-of-stay-predictor,Female,sex,r2_score,0.8769,2124,2026-07-19T16:00:00Z
mlflow://experiment-6/length-of-stay-predictor,Male,sex,r2_score,0.8804,1043,2026-07-19T16:00:00Z
mlflow://experiment-6/length-of-stay-predictor,Other,sex,r2_score,0.8595,2114,2026-07-19T16:00:00Z
mlflow://experiment-6/length-of-stay-predictor,Commercial,insurance,r2_score,0.8992,376,2026-07-19T16:00:00Z
mlflow://experiment-6/length-of-stay-predictor,Medicare,insurance,r2_score,0.8942,2181,2026-07-19T16:00:00Z
mlflow://experiment-6/length-of-stay-predictor,Medicaid,insurance,r2_score,0.8494,3264,2026-07-19T16:00:00Z
mlflow://experiment-6/length-of-stay-predictor,Self-pay,insurance,r2_score,0.858,1806,2026-07-19T16:00:00Z
mlflow://experiment-6/length-of-stay-predictor,18-30,age_group,r2_score,0.9674,188,2026-07-25T16:00:00Z
mlflow://experiment-6/length-of-stay-predictor,31-45,age_group,r2_score,0.8568,183,2026-07-25T16:00:00Z
mlflow://experiment-6/length-of-stay-predictor,46-60,age_group,r2_score,0.9456,666,2026-07-25T16:00:00Z
mlflow://experiment-6/length-of-stay-predictor,61-75,age_group,r2_score,0.892,2771,2026-07-25T16:00:00Z
mlflow://experiment-6/length-of-stay-predictor,75+,age_group,r2_score,0.8496,3628,2026-07-25T16:00:00Z
mlflow://experiment-6/length-of-stay-predictor,Female,sex,r2_score,0.9459,1349,2026-07-25T16:00:00Z
mlflow://experiment-6/length-of-stay-predictor,Male,sex,r2_score,0.9206,1545,2026-07-25T16:00:00Z
mlflow://experiment-6/length-of-stay-predictor,Other,sex,r2_score,0.956,2101,2026-07-25T16:00:00Z
mlflow://experiment-6/length-of-stay-predictor,Commercial,insurance,r2_score,0.9173,2719,2026-07-25T16:00:00Z
mlflow://experiment-6/length-of-stay-predictor,Medicare,insurance,r2_score,0.9604,4683,2026-07-25T16:00:00Z
mlflow://experiment-6/length-of-stay-predictor,Medicaid,insurance,r2_score,0.8929,2275,2026-07-25T16:00:00Z
mlflow://experiment-6/length-of-stay-predictor,Self-pay,insurance,r2_score,0.8842,4389,2026-07-25T16:00:00Z
mlflow://experiment-7/claim-denial-risk-scorer,18-30,age_group,accuracy,0.8729,2362,2026-05-02T16:00:00Z
mlflow://experiment-7/claim-denial-risk-scorer,31-45,age_group,accuracy,0.9462,462,2026-05-02T16:00:00Z
mlflow://experiment-7/claim-denial-risk-scorer,46-60,age_group,accuracy,0.8638,1634,2026-05-02T16:00:00Z
mlflow://experiment-7/claim-denial-risk-scorer,61-75,age_group,accuracy,0.8856,4893,2026-05-02T16:00:00Z
mlflow://experiment-7/claim-denial-risk-scorer,75+,age_group,accuracy,0.8913,3769,2026-05-02T16:00:00Z
mlflow://experiment-7/claim-denial-risk-scorer,Female,sex,accuracy,0.8675,1431,2026-05-02T16:00:00Z
mlflow://experiment-7/claim-denial-risk-scorer,Male,sex,accuracy,0.9347,820,2026-05-02T16:00:00Z
mlflow://experiment-7/claim-denial-risk-scorer,Other,sex,accuracy,0.8399,1408,2026-05-02T16:00:00Z
mlflow://experiment-7/claim-denial-risk-scorer,Commercial,insurance,accuracy,0.9123,1918,2026-05-02T16:00:00Z
mlflow://experiment-7/claim-denial-risk-scorer,Medicare,insurance,accuracy,0.9242,1856,2026-05-02T16:00:00Z
mlflow://experiment-7/claim-denial-risk-scorer,Medicaid,insurance,accuracy,0.8952,2912,2026-05-02T16:00:00Z
mlflow://experiment-7/claim-denial-risk-scorer,Self-pay,insurance,accuracy,0.9127,469,2026-05-02T16:00:00Z
mlflow://experiment-7/claim-denial-risk-scorer,18-30,age_group,accuracy,0.8446,1213,2026-05-08T16:00:00Z
mlflow://experiment-7/claim-denial-risk-scorer,31-45,age_group,accuracy,0.9385,1102,2026-05-08T16:00:00Z
mlflow://experiment-7/claim-denial-risk-scorer,46-60,age_group,accuracy,0.9306,2699,2026-05-08T16:00:00Z
mlflow://experiment-7/claim-denial-risk-scorer,61-75,age_group,accuracy,0.9133,3830,2026-05-08T16:00:00Z
mlflow://experiment-7/claim-denial-risk-scorer,75+,age_group,accuracy,0.8687,1654,2026-05-08T16:00:00Z
mlflow://experiment-7/claim-denial-risk-scorer,Female,sex,accuracy,0.8921,1229,2026-05-08T16:00:00Z
mlflow://experiment-7/claim-denial-risk-scorer,Male,sex,accuracy,0.9259,3932,2026-05-08T16:00:00Z
mlflow://experiment-7/claim-denial-risk-scorer,Other,sex,accuracy,0.8917,4070,2026-05-08T16:00:00Z
mlflow://experiment-7/claim-denial-risk-scorer,Commercial,insurance,accuracy,0.9085,2801,2026-05-08T16:00:00Z
mlflow://experiment-7/claim-denial-risk-scorer,Medicare,insurance,accuracy,0.9374,2025,2026-05-08T16:00:00Z
mlflow://experiment-7/claim-denial-risk-scorer,Medicaid,insurance,accuracy,0.8231,3537,2026-05-08T16:00:00Z
mlflow://experiment-7/claim-denial-risk-scorer,Self-pay,insurance,accuracy,0.8283,391,2026-05-08T16:00:00Z
mlflow://experiment-7/claim-denial-risk-scorer,18-30,age_group,accuracy,0.8522,1213,2026-05-14T16:00:00Z
mlflow://experiment-7/claim-denial-risk-scorer,31-45,age_group,accuracy,0.9087,186,2026-05-14T16:00:00Z
mlflow://experiment-7/claim-denial-risk-scorer,46-60,age_group,accuracy,0.9102,3129,2026-05-14T16:00:00Z
mlflow://experiment-7/claim-denial-risk-scorer,61-75,age_group,accuracy,0.9034,1891,2026-05-14T16:00:00Z
mlflow://experiment-7/claim-denial-risk-scorer,75+,age_group,accuracy,0.8522,4371,2026-05-14T16:00:00Z
mlflow://experiment-7/claim-denial-risk-scorer,Female,sex,accuracy,0.9214,494,2026-05-14T16:00:00Z
mlflow://experiment-7/claim-denial-risk-scorer,Male,sex,accuracy,0.9014,2391,2026-05-14T16:00:00Z
mlflow://experiment-7/claim-denial-risk-scorer,Other,sex,accuracy,0.9483,3132,2026-05-14T16:00:00Z
mlflow://experiment-7/claim-denial-risk-scorer,Commercial,insurance,accuracy,0.8896,1308,2026-05-14T16:00:00Z
mlflow://experiment-7/claim-denial-risk-scorer,Medicare,insurance,accuracy,0.8619,4749,2026-05-14T16:00:00Z
mlflow://experiment-7/claim-denial-risk-scorer,Medicaid,insurance,accuracy,0.905,2035,2026-05-14T16:00:00Z
mlflow://experiment-7/claim-denial-risk-scorer,Self-pay,insurance,accuracy,0.9403,1178,2026-05-14T16:00:00Z
mlflow://experiment-7/claim-denial-risk-scorer,18-30,age_group,accuracy,0.9309,4612,2026-05-20T16:00:00Z
mlflow://experiment-7/claim-denial-risk-scorer,31-45,age_group,accuracy,0.8524,1709,2026-05-20T16:00:00Z
mlflow://experiment-7/claim-denial-risk-scorer,46-60,age_group,accuracy,0.8066,4151,2026-05-20T16:00:00Z
mlflow://experiment-7/claim-denial-risk-scorer,61-75,age_group,accuracy,0.8469,2581,2026-05-20T16:00:00Z
mlflow://experiment-7/claim-denial-risk-scorer,75+,age_group,accuracy,0.884,176,2026-05-20T16:00:00Z
mlflow://experiment-7/claim-denial-risk-scorer,Female,sex,accuracy,0.902,2557,2026-05-20T16:00:00Z
mlflow://experiment-7/claim-denial-risk-scorer,Male,sex,accuracy,0.8545,3321,2026-05-20T16:00:00Z
mlflow://experiment-7/claim-denial-risk-scorer,Other,sex,accuracy,0.9139,1192,2026-05-20T16:00:00Z
mlflow://experiment-7/claim-denial-risk-scorer,Commercial,insurance,accuracy,0.8826,4142,2026-05-20T16:00:00Z
mlflow://experiment-7/claim-denial-risk-scorer,Medicare,insurance,accuracy,0.8466,1717,2026-05-20T16:00:00Z
mlflow://experiment-7/claim-denial-risk-scorer,Medicaid,insurance,accuracy,0.8663,3771,2026-05-20T16:00:00Z
mlflow://experiment-7/claim-denial-risk-scorer,Self-pay,insurance,accuracy,0.8602,4461,2026-05-20T16:00:00Z
mlflow://experiment-7/claim-denial-risk-scorer,18-30,age_group,accuracy,0.9058,2257,2026-05-26T16:00:00Z
mlflow://experiment-7/claim-denial-risk-scorer,31-45,age_group,accuracy,0.8586,3241,2026-05-26T16:00:00Z
mlflow://experiment-7/claim-denial-risk-scorer,46-60,age_group,accuracy,0.9127,1293,2026-05-26T16:00:00Z
mlflow://experiment-7/claim-denial-risk-scorer,61-75,age_group,accuracy,0.8899,3111,2026-05-26T16:00:00Z
mlflow://experiment-7/claim-denial-risk-scorer,75+,age_group,accuracy,0.8706,2617,2026-05-26T16:00:00Z
mlflow://experiment-7/claim-denial-risk-scorer,Female,sex,accuracy,0.9023,4164,2026-05-26T16:00:00Z
mlflow://experiment-7/claim-denial-risk-scorer,Male,sex,accuracy,0.8602,3271,2026-05-26T16:00:00Z
mlflow://experiment-7/claim-denial-risk-scorer,Other,sex,accuracy,0.8465,4834,2026-05-26T16:00:00Z
mlflow://experiment-7/claim-denial-risk-scorer,Commercial,insurance,accuracy,0.837,971,2026-05-26T16:00:00Z
mlflow://experiment-7/claim-denial-risk-scorer,Medicare,insurance,accuracy,0.9229,3693,2026-05-26T16:00:00Z
mlflow://experiment-7/claim-denial-risk-scorer,Medicaid,insurance,accuracy,0.826,3556,2026-05-26T16:00:00Z
mlflow://experiment-7/claim-denial-risk-scorer,Self-pay,insurance,accuracy,0.8251,997,2026-05-26T16:00:00Z
mlflow://experiment-7/claim-denial-risk-scorer,18-30,age_group,accuracy,0.8651,1844,2026-06-01T16:00:00Z
mlflow://experiment-7/claim-denial-risk-scorer,31-45,age_group,accuracy,0.8792,2261,2026-06-01T16:00:00Z
mlflow://experiment-7/claim-denial-risk-scorer,46-60,age_group,accuracy,0.8914,2365,2026-06-01T16:00:00Z
mlflow://experiment-7/claim-denial-risk-scorer,61-75,age_group,accuracy,0.9126,4856,2026-06-01T16:00:00Z
mlflow://experiment-7/claim-denial-risk-scorer,75+,age_group,accuracy,0.8349,3370,2026-06-01T16:00:00Z
mlflow://experiment-7/claim-denial-risk-scorer,Female,sex,accuracy,0.8961,2835,2026-06-01T16:00:00Z
mlflow://experiment-7/claim-denial-risk-scorer,Male,sex,accuracy,0.8641,3496,2026-06-01T16:00:00Z
mlflow://experiment-7/claim-denial-risk-scorer,Other,sex,accuracy,0.8052,1259,2026-06-01T16:00:00Z
mlflow://experiment-7/claim-denial-risk-scorer,Commercial,insurance,accuracy,0.8307,2660,2026-06-01T16:00:00Z
mlflow://experiment-7/claim-denial-risk-scorer,Medicare,insurance,accuracy,0.832,4865,2026-06-01T16:00:00Z
mlflow://experiment-7/claim-denial-risk-scorer,Medicaid,insurance,accuracy,0.8456,1253,2026-06-01T16:00:00Z
mlflow://experiment-7/claim-denial-risk-scorer,Self-pay,insurance,accuracy,0.863,2830,2026-06-01T16:00:00Z
mlflow://experiment-7/claim-denial-risk-scorer,18-30,age_group,accuracy,0.9102,2633,2026-06-07T16:00:00Z
mlflow://experiment-7/claim-denial-risk-scorer,31-45,age_group,accuracy,0.9078,2466,2026-06-07T16:00:00Z
mlflow://experiment-7/claim-denial-risk-scorer,46-60,age_group,accuracy,0.896,1458,2026-06-07T16:00:00Z
mlflow://experiment-7/claim-denial-risk-scorer,61-75,age_group,accuracy,0.846,2718,2026-06-07T16:00:00Z
mlflow://experiment-7/claim-denial-risk-scorer,75+,age_group,accuracy,0.8167,429,2026-06-07T16:00:00Z
mlflow://experiment-7/claim-denial-risk-scorer,Female,sex,accuracy,0.8512,2523,2026-06-07T16:00:00Z
mlflow://experiment-7/claim-denial-risk-scorer,Male,sex,accuracy,0.8066,4296,2026-06-07T16:00:00Z
mlflow://experiment-7/claim-denial-risk-scorer,Other,sex,accuracy,0.8541,196,2026-06-07T16:00:00Z
mlflow://experiment-7/claim-denial-risk-scorer,Commercial,insurance,accuracy,0.8281,1385,2026-06-07T16:00:00Z
mlflow://experiment-7/claim-denial-risk-scorer,Medicare,insurance,accuracy,0.8765,3154,2026-06-07T16:00:00Z
mlflow://experiment-7/claim-denial-risk-scorer,Medicaid,insurance,accuracy,0.8913,4705,2026-06-07T16:00:00Z
mlflow://experiment-7/claim-denial-risk-scorer,Self-pay,insurance,accuracy,0.8809,712,2026-06-07T16:00:00Z
mlflow://experiment-7/claim-denial-risk-scorer,18-30,age_group,accuracy,0.8352,2684,2026-06-13T16:00:00Z
mlflow://experiment-7/claim-denial-risk-scorer,31-45,age_group,accuracy,0.8441,1025,2026-06-13T16:00:00Z
mlflow://experiment-7/claim-denial-risk-scorer,46-60,age_group,accuracy,0.8185,604,2026-06-13T16:00:00Z
mlflow://experiment-7/claim-denial-risk-scorer,61-75,age_group,accuracy,0.8783,1062,2026-06-13T16:00:00Z
mlflow://experiment-7/claim-denial-risk-scorer,75+,age_group,accuracy,0.8921,3910,2026-06-13T16:00:00Z
mlflow://experiment-7/claim-denial-risk-scorer,Female,sex,accuracy,0.8287,2575,2026-06-13T16:00:00Z
mlflow://experiment-7/claim-denial-risk-scorer,Male,sex,accuracy,0.8759,3588,2026-06-13T16:00:00Z
mlflow://experiment-7/claim-denial-risk-scorer,Other,sex,accuracy,0.904,208,2026-06-13T16:00:00Z
mlflow://experiment-7/claim-denial-risk-scorer,Commercial,insurance,accuracy,0.8925,1370,2026-06-13T16:00:00Z
mlflow://experiment-7/claim-denial-risk-scorer,Medicare,insurance,accuracy,0.8274,1418,2026-06-13T16:00:00Z
mlflow://experiment-7/claim-denial-risk-scorer,Medicaid,insurance,accuracy,0.8262,227,2026-06-13T16:00:00Z
mlflow://experiment-7/claim-denial-risk-scorer,Self-pay,insurance,accuracy,0.8549,2641,2026-06-13T16:00:00Z
mlflow://experiment-7/claim-denial-risk-scorer,18-30,age_group,accuracy,0.7886,4194,2026-06-19T16:00:00Z
mlflow://experiment-7/claim-denial-risk-scorer,31-45,age_group,accuracy,0.7995,2521,2026-06-19T16:00:00Z
mlflow://experiment-7/claim-denial-risk-scorer,46-60,age_group,accuracy,0.8258,1498,2026-06-19T16:00:00Z
mlflow://experiment-7/claim-denial-risk-scorer,61-75,age_group,accuracy,0.8125,734,2026-06-19T16:00:00Z
mlflow://experiment-7/claim-denial-risk-scorer,75+,age_group,accuracy,0.8175,1621,2026-06-19T16:00:00Z
mlflow://experiment-7/claim-denial-risk-scorer,Female,sex,accuracy,0.8797,4109,2026-06-19T16:00:00Z
mlflow://experiment-7/claim-denial-risk-scorer,Male,sex,accuracy,0.8206,2685,2026-06-19T16:00:00Z
mlflow://experiment-7/claim-denial-risk-scorer,Other,sex,accuracy,0.8769,1211,2026-06-19T16:00:00Z
mlflow://experiment-7/claim-denial-risk-scorer,Commercial,insurance,accuracy,0.7728,1792,2026-06-19T16:00:00Z
mlflow://experiment-7/claim-denial-risk-scorer,Medicare,insurance,accuracy,0.7889,3493,2026-06-19T16:00:00Z
mlflow://experiment-7/claim-denial-risk-scorer,Medicaid,insurance,accuracy,0.891,4149,2026-06-19T16:00:00Z
mlflow://experiment-7/claim-denial-risk-scorer,Self-pay,insurance,accuracy,0.8189,4029,2026-06-19T16:00:00Z
mlflow://experiment-7/claim-denial-risk-scorer,18-30,age_group,accuracy,0.852,1599,2026-06-25T16:00:00Z
mlflow://experiment-7/claim-denial-risk-scorer,31-45,age_group,accuracy,0.9011,4354,2026-06-25T16:00:00Z
mlflow://experiment-7/claim-denial-risk-scorer,46-60,age_group,accuracy,0.8828,4267,2026-06-25T16:00:00Z
mlflow://experiment-7/claim-denial-risk-scorer,61-75,age_group,accuracy,0.8692,347,2026-06-25T16:00:00Z
mlflow://experiment-7/claim-denial-risk-scorer,75+,age_group,accuracy,0.8354,2738,2026-06-25T16:00:00Z
mlflow://experiment-7/claim-denial-risk-scorer,Female,sex,accuracy,0.8201,3962,2026-06-25T16:00:00Z
mlflow://experiment-7/claim-denial-risk-scorer,Male,sex,accuracy,0.8135,1712,2026-06-25T16:00:00Z
mlflow://experiment-7/claim-denial-risk-scorer,Other,sex,accuracy,0.8852,776,2026-06-25T16:00:00Z
mlflow://experiment-7/claim-denial-risk-scorer,Commercial,insurance,accuracy,0.8427,976,2026-06-25T16:00:00Z
mlflow://experiment-7/claim-denial-risk-scorer,Medicare,insurance,accuracy,0.8622,2158,2026-06-25T16:00:00Z
mlflow://experiment-7/claim-denial-risk-scorer,Medicaid,insurance,accuracy,0.8336,3032,2026-06-25T16:00:00Z
mlflow://experiment-7/claim-denial-risk-scorer,Self-pay,insurance,accuracy,0.8835,4476,2026-06-25T16:00:00Z
mlflow://experiment-7/claim-denial-risk-scorer,18-30,age_group,accuracy,0.8424,1698,2026-07-01T16:00:00Z
mlflow://experiment-7/claim-denial-risk-scorer,31-45,age_group,accuracy,0.8316,1716,2026-07-01T16:00:00Z
mlflow://experiment-7/claim-denial-risk-scorer,46-60,age_group,accuracy,0.7896,3257,2026-07-01T16:00:00Z
mlflow://experiment-7/claim-denial-risk-scorer,61-75,age_group,accuracy,0.8816,2707,2026-07-01T16:00:00Z
mlflow://experiment-7/claim-denial-risk-scorer,75+,age_group,accuracy,0.8217,1212,2026-07-01T16:00:00Z
mlflow://experiment-7/claim-denial-risk-scorer,Female,sex,accuracy,0.8289,1131,2026-07-01T16:00:00Z
mlflow://experiment-7/claim-denial-risk-scorer,Male,sex,accuracy,0.8639,862,2026-07-01T16:00:00Z
mlflow://experiment-7/claim-denial-risk-scorer,Other,sex,accuracy,0.836,2406,2026-07-01T16:00:00Z
mlflow://experiment-7/claim-denial-risk-scorer,Commercial,insurance,accuracy,0.8681,1361,2026-07-01T16:00:00Z
mlflow://experiment-7/claim-denial-risk-scorer,Medicare,insurance,accuracy,0.8594,3468,2026-07-01T16:00:00Z
mlflow://experiment-7/claim-denial-risk-scorer,Medicaid,insurance,accuracy,0.8573,2627,2026-07-01T16:00:00Z
mlflow://experiment-7/claim-denial-risk-scorer,Self-pay,insurance,accuracy,0.8417,2062,2026-07-01T16:00:00Z
mlflow://experiment-7/claim-denial-risk-scorer,18-30,age_group,accuracy,0.8783,2577,2026-07-07T16:00:00Z
mlflow://experiment-7/claim-denial-risk-scorer,31-45,age_group,accuracy,0.7933,2696,2026-07-07T16:00:00Z
mlflow://experiment-7/claim-denial-risk-scorer,46-60,age_group,accuracy,0.8639,2365,2026-07-07T16:00:00Z
mlflow://experiment-7/claim-denial-risk-scorer,61-75,age_group,accuracy,0.807,4194,2026-07-07T16:00:00Z
mlflow://experiment-7/claim-denial-risk-scorer,75+,age_group,accuracy,0.8512,1007,2026-07-07T16:00:00Z
mlflow://experiment-7/claim-denial-risk-scorer,Female,sex,accuracy,0.8862,3634,2026-07-07T16:00:00Z
mlflow://experiment-7/claim-denial-risk-scorer,Male,sex,accuracy,0.7751,4275,2026-07-07T16:00:00Z
mlflow://experiment-7/claim-denial-risk-scorer,Other,sex,accuracy,0.8719,941,2026-07-07T16:00:00Z
mlflow://experiment-7/claim-denial-risk-scorer,Commercial,insurance,accuracy,0.8722,2202,2026-07-07T16:00:00Z
mlflow://experiment-7/claim-denial-risk-scorer,Medicare,insurance,accuracy,0.7952,4244,2026-07-07T16:00:00Z
mlflow://experiment-7/claim-denial-risk-scorer,Medicaid,insurance,accuracy,0.8706,460,2026-07-07T16:00:00Z
mlflow://experiment-7/claim-denial-risk-scorer,Self-pay,insurance,accuracy,0.806,1423,2026-07-07T16:00:00Z
mlflow://experiment-7/claim-denial-risk-scorer,18-30,age_group,accuracy,0.8023,1469,2026-07-13T16:00:00Z
mlflow://experiment-7/claim-denial-risk-scorer,31-45,age_group,accuracy,0.8771,4539,2026-07-13T16:00:00Z
mlflow://experiment-7/claim-denial-risk-scorer,46-60,age_group,accuracy,0.8241,2852,2026-07-13T16:00:00Z
mlflow://experiment-7/claim-denial-risk-scorer,61-75,age_group,accuracy,0.7907,1213,2026-07-13T16:00:00Z
mlflow://experiment-7/claim-denial-risk-scorer,75+,age_group,accuracy,0.8247,1147,2026-07-13T16:00:00Z
mlflow://experiment-7/claim-denial-risk-scorer,Female,sex,accuracy,0.8517,4720,2026-07-13T16:00:00Z
mlflow://experiment-7/claim-denial-risk-scorer,Male,sex,accuracy,0.7801,3704,2026-07-13T16:00:00Z
mlflow://experiment-7/claim-denial-risk-scorer,Other,sex,accuracy,0.8494,2158,2026-07-13T16:00:00Z
mlflow://experiment-7/claim-denial-risk-scorer,Commercial,insurance,accuracy,0.7582,3794,2026-07-13T16:00:00Z
mlflow://experiment-7/claim-denial-risk-scorer,Medicare,insurance,accuracy,0.7944,213,2026-07-13T16:00:00Z
mlflow://experiment-7/claim-denial-risk-scorer,Medicaid,insurance,accuracy,0.839,190,2026-07-13T16:00:00Z
mlflow://experiment-7/claim-denial-risk-scorer,Self-pay,insurance,accuracy,0.7696,4877,2026-07-13T16:00:00Z
mlflow://experiment-7/claim-denial-risk-scorer,18-30,age_group,accuracy,0.8467,1300,2026-07-19T16:00:00Z
mlflow://experiment-7/claim-denial-risk-scorer,31-45,age_group,accuracy,0.7983,1830,2026-07-19T16:00:00Z
mlflow://experiment-7/claim-denial-risk-scorer,46-60,age_group,accuracy,0.822,1018,2026-07-19T16:00:00Z
mlflow://experiment-7/claim-denial-risk-scorer,61-75,age_group,accuracy,0.8453,1836,2026-07-19T16:00:00Z
mlflow://experiment-7/claim-denial-risk-scorer,75+,age_group,accuracy,0.7807,2690,2026-07-19T16:00:00Z
mlflow://experiment-7/claim-denial-risk-scorer,Female,sex,accuracy,0.824,2549,2026-07-19T16:00:00Z
mlflow://experiment-7/claim-denial-risk-scorer,Male,sex,accuracy,0.8082,4941,2026-07-19T16:00:00Z
mlflow://experiment-7/claim-denial-risk-scorer,Other,sex,accuracy,0.8559,4851,2026-07-19T16:00:00Z
mlflow://experiment-7/claim-denial-risk-scorer,Commercial,insurance,accuracy,0.8248,782,2026-07-19T16:00:00Z
mlflow://experiment-7/claim-denial-risk-scorer,Medicare,insurance,accuracy,0.8093,3463,2026-07-19T16:00:00Z
mlflow://experiment-7/claim-denial-risk-scorer,Medicaid,insurance,accuracy,0.8224,2214,2026-07-19T16:00:00Z
mlflow://experiment-7/claim-denial-risk-scorer,Self-pay,insurance,accuracy,0.7938,1609,2026-07-19T16:00:00Z
mlflow://experiment-7/claim-denial-risk-scorer,18-30,age_group,accuracy,0.8127,1928,2026-07-25T16:00:00Z
mlflow://experiment-7/claim-denial-risk-scorer,31-45,age_group,accuracy,0.8283,1211,2026-07-25T16:00:00Z
mlflow://experiment-7/claim-denial-risk-scorer,46-60,age_group,accuracy,0.8097,3705,2026-07-25T16:00:00Z
mlflow://experiment-7/claim-denial-risk-scorer,61-75,age_group,accuracy,0.8005,3230,2026-07-25T16:00:00Z
mlflow://experiment-7/claim-denial-risk-scorer,75+,age_group,accuracy,0.8023,1324,2026-07-25T16:00:00Z
mlflow://experiment-7/claim-denial-risk-scorer,Female,sex,accuracy,0.7798,2710,2026-07-25T16:00:00Z
mlflow://experiment-7/claim-denial-risk-scorer,Male,sex,accuracy,0.7644,3624,2026-07-25T16:00:00Z
mlflow://experiment-7/claim-denial-risk-scorer,Other,sex,accuracy,0.8634,2912,2026-07-25T16:00:00Z
mlflow://experiment-7/claim-denial-risk-scorer,Commercial,insurance,accuracy,0.8003,2751,2026-07-25T16:00:00Z
mlflow://experiment-7/claim-denial-risk-scorer,Medicare,insurance,accuracy,0.7803,1517,2026-07-25T16:00:00Z
mlflow://experiment-7/claim-denial-risk-scorer,Medicaid,insurance,accuracy,0.7884,2935,2026-07-25T16:00:00Z
mlflow://experiment-7/claim-denial-risk-scorer,Self-pay,insurance,accuracy,0.8669,4486,2026-07-25T16:00:00Z
mlflow://experiment-8/drug-efficacy-predictor,18-30,age_group,r2_score,0.8716,1732,2026-05-02T16:00:00Z
mlflow://experiment-8/drug-efficacy-predictor,31-45,age_group,r2_score,0.8727,2623,2026-05-02T16:00:00Z
mlflow://experiment-8/drug-efficacy-predictor,46-60,age_group,r2_score,0.9163,2044,2026-05-02T16:00:00Z
mlflow://experiment-8/drug-efficacy-predictor,61-75,age_group,r2_score,0.9543,3790,2026-05-02T16:00:00Z
mlflow://experiment-8/drug-efficacy-predictor,75+,age_group,r2_score,0.8668,2770,2026-05-02T16:00:00Z
mlflow://experiment-8/drug-efficacy-predictor,Female,sex,r2_score,0.8954,2523,2026-05-02T16:00:00Z
mlflow://experiment-8/drug-efficacy-predictor,Male,sex,r2_score,0.966,865,2026-05-02T16:00:00Z
mlflow://experiment-8/drug-efficacy-predictor,Other,sex,r2_score,0.9603,1376,2026-05-02T16:00:00Z
mlflow://experiment-8/drug-efficacy-predictor,Commercial,insurance,r2_score,0.9618,2819,2026-05-02T16:00:00Z
mlflow://experiment-8/drug-efficacy-predictor,Medicare,insurance,r2_score,0.9165,4003,2026-05-02T16:00:00Z
mlflow://experiment-8/drug-efficacy-predictor,Medicaid,insurance,r2_score,0.9253,225,2026-05-02T16:00:00Z
mlflow://experiment-8/drug-efficacy-predictor,Self-pay,insurance,r2_score,0.9251,3673,2026-05-02T16:00:00Z
mlflow://experiment-8/drug-efficacy-predictor,18-30,age_group,r2_score,0.8627,2104,2026-05-08T16:00:00Z
mlflow://experiment-8/drug-efficacy-predictor,31-45,age_group,r2_score,0.8693,2613,2026-05-08T16:00:00Z
mlflow://experiment-8/drug-efficacy-predictor,46-60,age_group,r2_score,0.9356,4372,2026-05-08T16:00:00Z
mlflow://experiment-8/drug-efficacy-predictor,61-75,age_group,r2_score,0.9065,1299,2026-05-08T16:00:00Z
mlflow://experiment-8/drug-efficacy-predictor,75+,age_group,r2_score,0.9211,2676,2026-05-08T16:00:00Z
mlflow://experiment-8/drug-efficacy-predictor,Female,sex,r2_score,0.971,881,2026-05-08T16:00:00Z
mlflow://experiment-8/drug-efficacy-predictor,Male,sex,r2_score,0.963,310,2026-05-08T16:00:00Z
mlflow://experiment-8/drug-efficacy-predictor,Other,sex,r2_score,0.8718,4053,2026-05-08T16:00:00Z
mlflow://experiment-8/drug-efficacy-predictor,Commercial,insurance,r2_score,0.9349,3357,2026-05-08T16:00:00Z
mlflow://experiment-8/drug-efficacy-predictor,Medicare,insurance,r2_score,0.9076,3412,2026-05-08T16:00:00Z
mlflow://experiment-8/drug-efficacy-predictor,Medicaid,insurance,r2_score,0.905,1386,2026-05-08T16:00:00Z
mlflow://experiment-8/drug-efficacy-predictor,Self-pay,insurance,r2_score,0.8878,4615,2026-05-08T16:00:00Z
mlflow://experiment-8/drug-efficacy-predictor,18-30,age_group,r2_score,0.9641,192,2026-05-14T16:00:00Z
mlflow://experiment-8/drug-efficacy-predictor,31-45,age_group,r2_score,0.881,4715,2026-05-14T16:00:00Z
mlflow://experiment-8/drug-efficacy-predictor,46-60,age_group,r2_score,0.9682,1837,2026-05-14T16:00:00Z
mlflow://experiment-8/drug-efficacy-predictor,61-75,age_group,r2_score,0.9276,2654,2026-05-14T16:00:00Z
mlflow://experiment-8/drug-efficacy-predictor,75+,age_group,r2_score,0.945,1106,2026-05-14T16:00:00Z
mlflow://experiment-8/drug-efficacy-predictor,Female,sex,r2_score,0.9004,776,2026-05-14T16:00:00Z
mlflow://experiment-8/drug-efficacy-predictor,Male,sex,r2_score,0.8914,1623,2026-05-14T16:00:00Z
mlflow://experiment-8/drug-efficacy-predictor,Other,sex,r2_score,0.9387,3928,2026-05-14T16:00:00Z
mlflow://experiment-8/drug-efficacy-predictor,Commercial,insurance,r2_score,0.9065,1641,2026-05-14T16:00:00Z
mlflow://experiment-8/drug-efficacy-predictor,Medicare,insurance,r2_score,0.8993,1190,2026-05-14T16:00:00Z
mlflow://experiment-8/drug-efficacy-predictor,Medicaid,insurance,r2_score,0.9051,208,2026-05-14T16:00:00Z
mlflow://experiment-8/drug-efficacy-predictor,Self-pay,insurance,r2_score,0.8792,2873,2026-05-14T16:00:00Z
mlflow://experiment-8/drug-efficacy-predictor,18-30,age_group,r2_score,0.9119,562,2026-05-20T16:00:00Z
mlflow://experiment-8/drug-efficacy-predictor,31-45,age_group,r2_score,0.9221,2331,2026-05-20T16:00:00Z
mlflow://experiment-8/drug-efficacy-predictor,46-60,age_group,r2_score,0.8632,1310,2026-05-20T16:00:00Z
mlflow://experiment-8/drug-efficacy-predictor,61-75,age_group,r2_score,0.9594,1666,2026-05-20T16:00:00Z
mlflow://experiment-8/drug-efficacy-predictor,75+,age_group,r2_score,0.9514,2331,2026-05-20T16:00:00Z
mlflow://experiment-8/drug-efficacy-predictor,Female,sex,r2_score,0.9803,1063,2026-05-20T16:00:00Z
mlflow://experiment-8/drug-efficacy-predictor,Male,sex,r2_score,0.9242,4061,2026-05-20T16:00:00Z
mlflow://experiment-8/drug-efficacy-predictor,Other,sex,r2_score,0.8713,1687,2026-05-20T16:00:00Z
mlflow://experiment-8/drug-efficacy-predictor,Commercial,insurance,r2_score,0.9176,777,2026-05-20T16:00:00Z
mlflow://experiment-8/drug-efficacy-predictor,Medicare,insurance,r2_score,0.9077,3637,2026-05-20T16:00:00Z
mlflow://experiment-8/drug-efficacy-predictor,Medicaid,insurance,r2_score,0.9699,1047,2026-05-20T16:00:00Z
mlflow://experiment-8/drug-efficacy-predictor,Self-pay,insurance,r2_score,0.8643,2961,2026-05-20T16:00:00Z
mlflow://experiment-8/drug-efficacy-predictor,18-30,age_group,r2_score,0.9236,2590,2026-05-26T16:00:00Z
mlflow://experiment-8/drug-efficacy-predictor,31-45,age_group,r2_score,0.953,3855,2026-05-26T16:00:00Z
mlflow://experiment-8/drug-efficacy-predictor,46-60,age_group,r2_score,0.9056,4576,2026-05-26T16:00:00Z
mlflow://experiment-8/drug-efficacy-predictor,61-75,age_group,r2_score,0.9309,2032,2026-05-26T16:00:00Z
mlflow://experiment-8/drug-efficacy-predictor,75+,age_group,r2_score,0.8826,3647,2026-05-26T16:00:00Z
mlflow://experiment-8/drug-efficacy-predictor,Female,sex,r2_score,0.8839,2278,2026-05-26T16:00:00Z
mlflow://experiment-8/drug-efficacy-predictor,Male,sex,r2_score,0.8844,1514,2026-05-26T16:00:00Z
mlflow://experiment-8/drug-efficacy-predictor,Other,sex,r2_score,0.9244,540,2026-05-26T16:00:00Z
mlflow://experiment-8/drug-efficacy-predictor,Commercial,insurance,r2_score,0.9432,3114,2026-05-26T16:00:00Z
mlflow://experiment-8/drug-efficacy-predictor,Medicare,insurance,r2_score,0.9293,2386,2026-05-26T16:00:00Z
mlflow://experiment-8/drug-efficacy-predictor,Medicaid,insurance,r2_score,0.8461,1131,2026-05-26T16:00:00Z
mlflow://experiment-8/drug-efficacy-predictor,Self-pay,insurance,r2_score,0.9311,2139,2026-05-26T16:00:00Z
mlflow://experiment-8/drug-efficacy-predictor,18-30,age_group,r2_score,0.9022,4733,2026-06-01T16:00:00Z
mlflow://experiment-8/drug-efficacy-predictor,31-45,age_group,r2_score,0.9479,2712,2026-06-01T16:00:00Z
mlflow://experiment-8/drug-efficacy-predictor,46-60,age_group,r2_score,0.94,780,2026-06-01T16:00:00Z
mlflow://experiment-8/drug-efficacy-predictor,61-75,age_group,r2_score,0.9176,3893,2026-06-01T16:00:00Z
mlflow://experiment-8/drug-efficacy-predictor,75+,age_group,r2_score,0.9603,1514,2026-06-01T16:00:00Z
mlflow://experiment-8/drug-efficacy-predictor,Female,sex,r2_score,0.88,3850,2026-06-01T16:00:00Z
mlflow://experiment-8/drug-efficacy-predictor,Male,sex,r2_score,0.916,4707,2026-06-01T16:00:00Z
mlflow://experiment-8/drug-efficacy-predictor,Other,sex,r2_score,0.9389,4523,2026-06-01T16:00:00Z
mlflow://experiment-8/drug-efficacy-predictor,Commercial,insurance,r2_score,0.9311,4265,2026-06-01T16:00:00Z
mlflow://experiment-8/drug-efficacy-predictor,Medicare,insurance,r2_score,0.9657,489,2026-06-01T16:00:00Z
mlflow://experiment-8/drug-efficacy-predictor,Medicaid,insurance,r2_score,0.9454,1775,2026-06-01T16:00:00Z
mlflow://experiment-8/drug-efficacy-predictor,Self-pay,insurance,r2_score,0.8719,2421,2026-06-01T16:00:00Z
mlflow://experiment-8/drug-efficacy-predictor,18-30,age_group,r2_score,0.9225,1989,2026-06-07T16:00:00Z
mlflow://experiment-8/drug-efficacy-predictor,31-45,age_group,r2_score,0.9118,3180,2026-06-07T16:00:00Z
mlflow://experiment-8/drug-efficacy-predictor,46-60,age_group,r2_score,0.9199,4605,2026-06-07T16:00:00Z
mlflow://experiment-8/drug-efficacy-predictor,61-75,age_group,r2_score,0.9842,4919,2026-06-07T16:00:00Z
mlflow://experiment-8/drug-efficacy-predictor,75+,age_group,r2_score,0.8919,144,2026-06-07T16:00:00Z
mlflow://experiment-8/drug-efficacy-predictor,Female,sex,r2_score,0.8692,1624,2026-06-07T16:00:00Z
mlflow://experiment-8/drug-efficacy-predictor,Male,sex,r2_score,0.8881,4954,2026-06-07T16:00:00Z
mlflow://experiment-8/drug-efficacy-predictor,Other,sex,r2_score,0.9682,2872,2026-06-07T16:00:00Z
mlflow://experiment-8/drug-efficacy-predictor,Commercial,insurance,r2_score,0.9059,750,2026-06-07T16:00:00Z
mlflow://experiment-8/drug-efficacy-predictor,Medicare,insurance,r2_score,0.963,2845,2026-06-07T16:00:00Z
mlflow://experiment-8/drug-efficacy-predictor,Medicaid,insurance,r2_score,0.8681,4065,2026-06-07T16:00:00Z
mlflow://experiment-8/drug-efficacy-predictor,Self-pay,insurance,r2_score,0.9499,1442,2026-06-07T16:00:00Z
mlflow://experiment-8/drug-efficacy-predictor,18-30,age_group,r2_score,0.9087,929,2026-06-13T16:00:00Z
mlflow://experiment-8/drug-efficacy-predictor,31-45,age_group,r2_score,0.8609,4235,2026-06-13T16:00:00Z
mlflow://experiment-8/drug-efficacy-predictor,46-60,age_group,r2_score,0.9071,4335,2026-06-13T16:00:00Z
mlflow://experiment-8/drug-efficacy-predictor,61-75,age_group,r2_score,0.9246,503,2026-06-13T16:00:00Z
mlflow://experiment-8/drug-efficacy-predictor,75+,age_group,r2_score,0.8868,4582,2026-06-13T16:00:00Z
mlflow://experiment-8/drug-efficacy-predictor,Female,sex,r2_score,0.9484,1912,2026-06-13T16:00:00Z
mlflow://experiment-8/drug-efficacy-predictor,Male,sex,r2_score,0.8712,357,2026-06-13T16:00:00Z
mlflow://experiment-8/drug-efficacy-predictor,Other,sex,r2_score,0.8954,1666,2026-06-13T16:00:00Z
mlflow://experiment-8/drug-efficacy-predictor,Commercial,insurance,r2_score,0.8863,2360,2026-06-13T16:00:00Z
mlflow://experiment-8/drug-efficacy-predictor,Medicare,insurance,r2_score,0.9188,1481,2026-06-13T16:00:00Z
mlflow://experiment-8/drug-efficacy-predictor,Medicaid,insurance,r2_score,0.9065,114,2026-06-13T16:00:00Z
mlflow://experiment-8/drug-efficacy-predictor,Self-pay,insurance,r2_score,0.9126,3952,2026-06-13T16:00:00Z
mlflow://experiment-8/drug-efficacy-predictor,18-30,age_group,r2_score,0.915,2449,2026-06-19T16:00:00Z
mlflow://experiment-8/drug-efficacy-predictor,31-45,age_group,r2_score,0.9549,3193,2026-06-19T16:00:00Z
mlflow://experiment-8/drug-efficacy-predictor,46-60,age_group,r2_score,0.9165,4842,2026-06-19T16:00:00Z
mlflow://experiment-8/drug-efficacy-predictor,61-75,age_group,r2_score,0.8747,2075,2026-06-19T16:00:00Z
mlflow://experiment-8/drug-efficacy-predictor,75+,age_group,r2_score,0.9121,4234,2026-06-19T16:00:00Z
mlflow://experiment-8/drug-efficacy-predictor,Female,sex,r2_score,0.9688,3403,2026-06-19T16:00:00Z
mlflow://experiment-8/drug-efficacy-predictor,Male,sex,r2_score,0.8632,4145,2026-06-19T16:00:00Z
mlflow://experiment-8/drug-efficacy-predictor,Other,sex,r2_score,0.9843,2168,2026-06-19T16:00:00Z
mlflow://experiment-8/drug-efficacy-predictor,Commercial,insurance,r2_score,0.9115,1866,2026-06-19T16:00:00Z
mlflow://experiment-8/drug-efficacy-predictor,Medicare,insurance,r2_score,0.8911,592,2026-06-19T16:00:00Z
mlflow://experiment-8/drug-efficacy-predictor,Medicaid,insurance,r2_score,0.8657,1823,2026-06-19T16:00:00Z
mlflow://experiment-8/drug-efficacy-predictor,Self-pay,insurance,r2_score,0.9652,2629,2026-06-19T16:00:00Z
mlflow://experiment-8/drug-efficacy-predictor,18-30,age_group,r2_score,0.9506,4831,2026-06-25T16:00:00Z
mlflow://experiment-8/drug-efficacy-predictor,31-45,age_group,r2_score,0.9232,2788,2026-06-25T16:00:00Z
mlflow://experiment-8/drug-efficacy-predictor,46-60,age_group,r2_score,0.8968,482,2026-06-25T16:00:00Z
mlflow://experiment-8/drug-efficacy-predictor,61-75,age_group,r2_score,0.8789,129,2026-06-25T16:00:00Z
mlflow://experiment-8/drug-efficacy-predictor,75+,age_group,r2_score,0.8671,649,2026-06-25T16:00:00Z
mlflow://experiment-8/drug-efficacy-predictor,Female,sex,r2_score,0.9267,2927,2026-06-25T16:00:00Z
mlflow://experiment-8/drug-efficacy-predictor,Male,sex,r2_score,0.9583,1224,2026-06-25T16:00:00Z
mlflow://experiment-8/drug-efficacy-predictor,Other,sex,r2_score,0.9436,2734,2026-06-25T16:00:00Z
mlflow://experiment-8/drug-efficacy-predictor,Commercial,insurance,r2_score,0.8848,2504,2026-06-25T16:00:00Z
mlflow://experiment-8/drug-efficacy-predictor,Medicare,insurance,r2_score,0.9388,3132,2026-06-25T16:00:00Z
mlflow://experiment-8/drug-efficacy-predictor,Medicaid,insurance,r2_score,0.9402,4023,2026-06-25T16:00:00Z
mlflow://experiment-8/drug-efficacy-predictor,Self-pay,insurance,r2_score,0.8849,1127,2026-06-25T16:00:00Z
mlflow://experiment-8/drug-efficacy-predictor,18-30,age_group,r2_score,0.9271,1568,2026-07-01T16:00:00Z
mlflow://experiment-8/drug-efficacy-predictor,31-45,age_group,r2_score,0.9051,4748,2026-07-01T16:00:00Z
mlflow://experiment-8/drug-efficacy-predictor,46-60,age_group,r2_score,0.8633,4327,2026-07-01T16:00:00Z
mlflow://experiment-8/drug-efficacy-predictor,61-75,age_group,r2_score,0.8932,2512,2026-07-01T16:00:00Z
mlflow://experiment-8/drug-efficacy-predictor,75+,age_group,r2_score,0.9481,2740,2026-07-01T16:00:00Z
mlflow://experiment-8/drug-efficacy-predictor,Female,sex,r2_score,0.9245,3705,2026-07-01T16:00:00Z
mlflow://experiment-8/drug-efficacy-predictor,Male,sex,r2_score,0.9663,4617,2026-07-01T16:00:00Z
mlflow://experiment-8/drug-efficacy-predictor,Other,sex,r2_score,0.9632,3589,2026-07-01T16:00:00Z
mlflow://experiment-8/drug-efficacy-predictor,Commercial,insurance,r2_score,0.8748,1562,2026-07-01T16:00:00Z
mlflow://experiment-8/drug-efficacy-predictor,Medicare,insurance,r2_score,0.97,1579,2026-07-01T16:00:00Z
mlflow://experiment-8/drug-efficacy-predictor,Medicaid,insurance,r2_score,0.8993,4321,2026-07-01T16:00:00Z
mlflow://experiment-8/drug-efficacy-predictor,Self-pay,insurance,r2_score,0.9616,260,2026-07-01T16:00:00Z
mlflow://experiment-8/drug-efficacy-predictor,18-30,age_group,r2_score,0.913,3540,2026-07-07T16:00:00Z
mlflow://experiment-8/drug-efficacy-predictor,31-45,age_group,r2_score,0.9298,1287,2026-07-07T16:00:00Z
mlflow://experiment-8/drug-efficacy-predictor,46-60,age_group,r2_score,0.9225,1066,2026-07-07T16:00:00Z
mlflow://experiment-8/drug-efficacy-predictor,61-75,age_group,r2_score,0.9646,3904,2026-07-07T16:00:00Z
mlflow://experiment-8/drug-efficacy-predictor,75+,age_group,r2_score,0.9728,1815,2026-07-07T16:00:00Z
mlflow://experiment-8/drug-efficacy-predictor,Female,sex,r2_score,0.9739,4087,2026-07-07T16:00:00Z
mlflow://experiment-8/drug-efficacy-predictor,Male,sex,r2_score,0.871,3009,2026-07-07T16:00:00Z
mlflow://experiment-8/drug-efficacy-predictor,Other,sex,r2_score,0.9138,2106,2026-07-07T16:00:00Z
mlflow://experiment-8/drug-efficacy-predictor,Commercial,insurance,r2_score,0.9516,283,2026-07-07T16:00:00Z
mlflow://experiment-8/drug-efficacy-predictor,Medicare,insurance,r2_score,0.8613,3806,2026-07-07T16:00:00Z
mlflow://experiment-8/drug-efficacy-predictor,Medicaid,insurance,r2_score,0.9375,4775,2026-07-07T16:00:00Z
mlflow://experiment-8/drug-efficacy-predictor,Self-pay,insurance,r2_score,0.8658,2348,2026-07-07T16:00:00Z
mlflow://experiment-8/drug-efficacy-predictor,18-30,age_group,r2_score,0.8603,1258,2026-07-13T16:00:00Z
mlflow://experiment-8/drug-efficacy-predictor,31-45,age_group,r2_score,0.9405,313,2026-07-13T16:00:00Z
mlflow://experiment-8/drug-efficacy-predictor,46-60,age_group,r2_score,0.8721,2809,2026-07-13T16:00:00Z
mlflow://experiment-8/drug-efficacy-predictor,61-75,age_group,r2_score,0.9008,2508,2026-07-13T16:00:00Z
mlflow://experiment-8/drug-efficacy-predictor,75+,age_group,r2_score,0.8768,3934,2026-07-13T16:00:00Z
mlflow://experiment-8/drug-efficacy-predictor,Female,sex,r2_score,0.9183,1241,2026-07-13T16:00:00Z
mlflow://experiment-8/drug-efficacy-predictor,Male,sex,r2_score,0.9107,1973,2026-07-13T16:00:00Z
mlflow://experiment-8/drug-efficacy-predictor,Other,sex,r2_score,0.9449,3022,2026-07-13T16:00:00Z
mlflow://experiment-8/drug-efficacy-predictor,Commercial,insurance,r2_score,0.9045,1585,2026-07-13T16:00:00Z
mlflow://experiment-8/drug-efficacy-predictor,Medicare,insurance,r2_score,0.8745,778,2026-07-13T16:00:00Z
mlflow://experiment-8/drug-efficacy-predictor,Medicaid,insurance,r2_score,0.9683,2644,2026-07-13T16:00:00Z
mlflow://experiment-8/drug-efficacy-predictor,Self-pay,insurance,r2_score,0.8592,1154,2026-07-13T16:00:00Z
mlflow://experiment-8/drug-efficacy-predictor,18-30,age_group,r2_score,0.9461,3936,2026-07-19T16:00:00Z
mlflow://experiment-8/drug-efficacy-predictor,31-45,age_group,r2_score,0.9149,3415,2026-07-19T16:00:00Z
mlflow://experiment-8/drug-efficacy-predictor,46-60,age_group,r2_score,0.8603,3546,2026-07-19T16:00:00Z
mlflow://experiment-8/drug-efficacy-predictor,61-75,age_group,r2_score,0.932,3523,2026-07-19T16:00:00Z
mlflow://experiment-8/drug-efficacy-predictor,75+,age_group,r2_score,0.8661,2628,2026-07-19T16:00:00Z
mlflow://experiment-8/drug-efficacy-predictor,Female,sex,r2_score,0.8902,4225,2026-07-19T16:00:00Z
mlflow://experiment-8/drug-efficacy-predictor,Male,sex,r2_score,0.8764,3971,2026-07-19T16:00:00Z
mlflow://experiment-8/drug-efficacy-predictor,Other,sex,r2_score,0.9452,1324,2026-07-19T16:00:00Z
mlflow://experiment-8/drug-efficacy-predictor,Commercial,insurance,r2_score,0.9629,4184,2026-07-19T16:00:00Z
mlflow://experiment-8/drug-efficacy-predictor,Medicare,insurance,r2_score,0.9146,3248,2026-07-19T16:00:00Z
mlflow://experiment-8/drug-efficacy-predictor,Medicaid,insurance,r2_score,0.8923,1754,2026-07-19T16:00:00Z
mlflow://experiment-8/drug-efficacy-predictor,Self-pay,insurance,r2_score,0.9738,758,2026-07-19T16:00:00Z
mlflow://experiment-8/drug-efficacy-predictor,18-30,age_group,r2_score,0.9486,1822,2026-07-25T16:00:00Z
mlflow://experiment-8/drug-efficacy-predictor,31-45,age_group,r2_score,0.947,1019,2026-07-25T16:00:00Z
mlflow://experiment-8/drug-efficacy-predictor,46-60,age_group,r2_score,0.9233,2376,2026-07-25T16:00:00Z
mlflow://experiment-8/drug-efficacy-predictor,61-75,age_group,r2_score,0.9616,3444,2026-07-25T16:00:00Z
mlflow://experiment-8/drug-efficacy-predictor,75+,age_group,r2_score,0.9201,1949,2026-07-25T16:00:00Z
mlflow://experiment-8/drug-efficacy-predictor,Female,sex,r2_score,0.875,4534,2026-07-25T16:00:00Z
mlflow://experiment-8/drug-efficacy-predictor,Male,sex,r2_score,0.8755,1345,2026-07-25T16:00:00Z
mlflow://experiment-8/drug-efficacy-predictor,Other,sex,r2_score,0.9049,2531,2026-07-25T16:00:00Z
mlflow://experiment-8/drug-efficacy-predictor,Commercial,insurance,r2_score,0.9242,2699,2026-07-25T16:00:00Z
mlflow://experiment-8/drug-efficacy-predictor,Medicare,insurance,r2_score,0.9485,4703,2026-07-25T16:00:00Z
mlflow://experiment-8/drug-efficacy-predictor,Medicaid,insurance,r2_score,0.8833,768,2026-07-25T16:00:00Z
mlflow://experiment-8/drug-efficacy-predictor,Self-pay,insurance,r2_score,0.9401,3878,2026-07-25T16:00:00Z
