source_entity_ref,feature,missing_rate,outlier_rate,schema_valid,row_count,timestamp
mlflow://experiment-1/patient-readmission-risk,length_of_stay,0.0151,0.0041,true,32900,2026-05-02T14:00:00Z
mlflow://experiment-1/patient-readmission-risk,prior_admissions,0.018,0.0039,true,41570,2026-05-02T14:00:00Z
mlflow://experiment-1/patient-readmission-risk,comorbidity_index,0.0129,0.0055,true,21152,2026-05-02T14:00:00Z
mlflow://experiment-1/patient-readmission-risk,discharge_code,0.0125,0.0063,true,46554,2026-05-02T14:00:00Z
mlflow://experiment-1/patient-readmission-risk,diagnosis_icd10,0.0081,0.0068,true,9757,2026-05-02T14:00:00Z
mlflow://experiment-1/patient-readmission-risk,med_count,0.0161,0.0069,true,17583,2026-05-02T14:00:00Z
mlflow://experiment-1/patient-readmission-risk,lab_abnormal,0.0131,0.0029,true,36687,2026-05-02T14:00:00Z
mlflow://experiment-1/patient-readmission-risk,insurance_type,0.0125,0.0063,true,11828,2026-05-02T14:00:00Z
mlflow://experiment-1/patient-readmission-risk,days_since_ed,0,0.0045,true,43028,2026-05-02T14:00:00Z
mlflow://experiment-1/patient-readmission-risk,social_risk,0.0119,0.006,true,44422,2026-05-02T14:00:00Z
mlflow://experiment-1/patient-readmission-risk,length_of_stay,0.0086,0.0066,true,37459,2026-05-05T14:00:00Z
mlflow://experiment-1/patient-readmission-risk,prior_admissions,0.0066,0.0063,true,29304,2026-05-05T14:00:00Z
mlflow://experiment-1/patient-readmission-risk,comorbidity_index,0.0108,0.004,true,20766,2026-05-05T14:00:00Z
mlflow://experiment-1/patient-readmission-risk,discharge_code,0.0127,0.0032,true,40468,2026-05-05T14:00:00Z
mlflow://experiment-1/patient-readmission-risk,diagnosis_icd10,0.0053,0.0016,true,43998,2026-05-05T14:00:00Z
mlflow://experiment-1/patient-readmission-risk,med_count,0.0089,0.0047,false,35956,2026-05-05T14:00:00Z
mlflow://experiment-1/patient-readmission-risk,lab_abnormal,0.0126,0.0063,true,25492,2026-05-05T14:00:00Z
mlflow://experiment-1/patient-readmission-risk,insurance_type,0.0064,0.005,true,44810,2026-05-05T14:00:00Z
mlflow://experiment-1/patient-readmission-risk,days_since_ed,0.0222,0,true,32104,2026-05-05T14:00:00Z
mlflow://experiment-1/patient-readmission-risk,social_risk,0.0201,0.0059,true,6871,2026-05-05T14:00:00Z
mlflow://experiment-1/patient-readmission-risk,length_of_stay,0.0184,0.0059,true,45575,2026-05-08T14:00:00Z
mlflow://experiment-1/patient-readmission-risk,prior_admissions,0.0093,0.0067,true,17572,2026-05-08T14:00:00Z
mlflow://experiment-1/patient-readmission-risk,comorbidity_index,0.01,0.0042,true,23079,2026-05-08T14:00:00Z
mlflow://experiment-1/patient-readmission-risk,discharge_code,0.0095,0.006,true,11726,2026-05-08T14:00:00Z
mlflow://experiment-1/patient-readmission-risk,diagnosis_icd10,0.011,0.0038,true,28852,2026-05-08T14:00:00Z
mlflow://experiment-1/patient-readmission-risk,med_count,0.0145,0.0043,true,9849,2026-05-08T14:00:00Z
mlflow://experiment-1/patient-readmission-risk,lab_abnormal,0.012,0.006,true,35822,2026-05-08T14:00:00Z
mlflow://experiment-1/patient-readmission-risk,insurance_type,0.0081,0.0047,true,49177,2026-05-08T14:00:00Z
mlflow://experiment-1/patient-readmission-risk,days_since_ed,0.0119,0.0038,true,36908,2026-05-08T14:00:00Z
mlflow://experiment-1/patient-readmission-risk,social_risk,0.0097,0.0037,true,38037,2026-05-08T14:00:00Z
mlflow://experiment-1/patient-readmission-risk,length_of_stay,0.0098,0.0063,true,15847,2026-05-11T14:00:00Z
mlflow://experiment-1/patient-readmission-risk,prior_admissions,0.0071,0.0053,true,33444,2026-05-11T14:00:00Z
mlflow://experiment-1/patient-readmission-risk,comorbidity_index,0.0018,0.0044,true,5783,2026-05-11T14:00:00Z
mlflow://experiment-1/patient-readmission-risk,discharge_code,0.0107,0.0082,true,6794,2026-05-11T14:00:00Z
mlflow://experiment-1/patient-readmission-risk,diagnosis_icd10,0.0039,0.0048,true,32718,2026-05-11T14:00:00Z
mlflow://experiment-1/patient-readmission-risk,med_count,0.0036,0.0029,true,14492,2026-05-11T14:00:00Z
mlflow://experiment-1/patient-readmission-risk,lab_abnormal,0.0086,0.0067,true,22317,2026-05-11T14:00:00Z
mlflow://experiment-1/patient-readmission-risk,insurance_type,0.0122,0.0025,true,23548,2026-05-11T14:00:00Z
mlflow://experiment-1/patient-readmission-risk,days_since_ed,0.0017,0.005,true,21616,2026-05-11T14:00:00Z
mlflow://experiment-1/patient-readmission-risk,social_risk,0.0115,0.0044,true,48964,2026-05-11T14:00:00Z
mlflow://experiment-1/patient-readmission-risk,length_of_stay,0.0065,0.0056,true,24604,2026-05-14T14:00:00Z
mlflow://experiment-1/patient-readmission-risk,prior_admissions,0.0125,0.0039,true,15830,2026-05-14T14:00:00Z
mlflow://experiment-1/patient-readmission-risk,comorbidity_index,0.0084,0.0045,true,49007,2026-05-14T14:00:00Z
mlflow://experiment-1/patient-readmission-risk,discharge_code,0.0141,0.0047,true,38007,2026-05-14T14:00:00Z
mlflow://experiment-1/patient-readmission-risk,diagnosis_icd10,0.011,0.0038,true,47844,2026-05-14T14:00:00Z
mlflow://experiment-1/patient-readmission-risk,med_count,0.0084,0.0045,true,17292,2026-05-14T14:00:00Z
mlflow://experiment-1/patient-readmission-risk,lab_abnormal,0.0169,0.006,true,36153,2026-05-14T14:00:00Z
mlflow://experiment-1/patient-readmission-risk,insurance_type,0.0136,0.0029,true,31950,2026-05-14T14:00:00Z
mlflow://experiment-1/patient-readmission-risk,days_since_ed,0.0031,0.005,true,21746,2026-05-14T14:00:00Z
mlflow://experiment-1/patient-readmission-risk,social_risk,0.0082,0.0051,true,23779,2026-05-14T14:00:00Z
mlflow://experiment-1/patient-readmission-risk,length_of_stay,0.0146,0.0047,true,26158,2026-05-17T14:00:00Z
mlflow://experiment-1/patient-readmission-risk,prior_admissions,0.005,0.0037,true,28265,2026-05-17T14:00:00Z
mlflow://experiment-1/patient-readmission-risk,comorbidity_index,0.0149,0.0036,true,43637,2026-05-17T14:00:00Z
mlflow://experiment-1/patient-readmission-risk,discharge_code,0.0148,0.0085,true,42105,2026-05-17T14:00:00Z
mlflow://experiment-1/patient-readmission-risk,diagnosis_icd10,0.0162,0.005,true,35915,2026-05-17T14:00:00Z
mlflow://experiment-1/patient-readmission-risk,med_count,0.0082,0.0005,true,45423,2026-05-17T14:00:00Z
mlflow://experiment-1/patient-readmission-risk,lab_abnormal,0.0129,0.0019,true,26913,2026-05-17T14:00:00Z
mlflow://experiment-1/patient-readmission-risk,insurance_type,0.0059,0.0057,true,11875,2026-05-17T14:00:00Z
mlflow://experiment-1/patient-readmission-risk,days_since_ed,0.0166,0.0078,true,19621,2026-05-17T14:00:00Z
mlflow://experiment-1/patient-readmission-risk,social_risk,0.017,0.0076,true,14495,2026-05-17T14:00:00Z
mlflow://experiment-1/patient-readmission-risk,length_of_stay,0.0037,0.0046,true,11860,2026-05-20T14:00:00Z
mlflow://experiment-1/patient-readmission-risk,prior_admissions,0,0.0071,true,47469,2026-05-20T14:00:00Z
mlflow://experiment-1/patient-readmission-risk,comorbidity_index,0.0032,0.0066,true,10995,2026-05-20T14:00:00Z
mlflow://experiment-1/patient-readmission-risk,discharge_code,0.0067,0.0052,true,49490,2026-05-20T14:00:00Z
mlflow://experiment-1/patient-readmission-risk,diagnosis_icd10,0.0035,0.0054,true,48401,2026-05-20T14:00:00Z
mlflow://experiment-1/patient-readmission-risk,med_count,0.0107,0.0027,true,11174,2026-05-20T14:00:00Z
mlflow://experiment-1/patient-readmission-risk,lab_abnormal,0.0058,0.0061,true,47795,2026-05-20T14:00:00Z
mlflow://experiment-1/patient-readmission-risk,insurance_type,0.0135,0.0049,true,34135,2026-05-20T14:00:00Z
mlflow://experiment-1/patient-readmission-risk,days_since_ed,0.01,0.0042,true,40815,2026-05-20T14:00:00Z
mlflow://experiment-1/patient-readmission-risk,social_risk,0.0196,0.0022,true,5626,2026-05-20T14:00:00Z
mlflow://experiment-1/patient-readmission-risk,length_of_stay,0.0078,0.0035,true,21118,2026-05-23T14:00:00Z
mlflow://experiment-1/patient-readmission-risk,prior_admissions,0.0148,0.0075,true,8752,2026-05-23T14:00:00Z
mlflow://experiment-1/patient-readmission-risk,comorbidity_index,0.0035,0.0031,true,39017,2026-05-23T14:00:00Z
mlflow://experiment-1/patient-readmission-risk,discharge_code,0.0087,0.0058,true,45772,2026-05-23T14:00:00Z
mlflow://experiment-1/patient-readmission-risk,diagnosis_icd10,0.0094,0.0051,true,20835,2026-05-23T14:00:00Z
mlflow://experiment-1/patient-readmission-risk,med_count,0.0243,0.0056,true,30229,2026-05-23T14:00:00Z
mlflow://experiment-1/patient-readmission-risk,lab_abnormal,0,0.0047,true,42184,2026-05-23T14:00:00Z
mlflow://experiment-1/patient-readmission-risk,insurance_type,0.0152,0.0041,true,41902,2026-05-23T14:00:00Z
mlflow://experiment-1/patient-readmission-risk,days_since_ed,0.0052,0.0059,true,39275,2026-05-23T14:00:00Z
mlflow://experiment-1/patient-readmission-risk,social_risk,0.0084,0.0032,true,18917,2026-05-23T14:00:00Z
mlflow://experiment-1/patient-readmission-risk,length_of_stay,0.0083,0.0063,true,17106,2026-05-26T14:00:00Z
mlflow://experiment-1/patient-readmission-risk,prior_admissions,0.0145,0.0035,true,36516,2026-05-26T14:00:00Z
mlflow://experiment-1/patient-readmission-risk,comorbidity_index,0.0041,0.006,true,28884,2026-05-26T14:00:00Z
mlflow://experiment-1/patient-readmission-risk,discharge_code,0.0082,0.0068,true,45177,2026-05-26T14:00:00Z
mlflow://experiment-1/patient-readmission-risk,diagnosis_icd10,0.0204,0.0038,true,13738,2026-05-26T14:00:00Z
mlflow://experiment-1/patient-readmission-risk,med_count,0.0058,0.0047,false,13866,2026-05-26T14:00:00Z
mlflow://experiment-1/patient-readmission-risk,lab_abnormal,0.0111,0.005,true,7997,2026-05-26T14:00:00Z
mlflow://experiment-1/patient-readmission-risk,insurance_type,0.0092,0.0004,true,15542,2026-05-26T14:00:00Z
mlflow://experiment-1/patient-readmission-risk,days_since_ed,0.0118,0.0066,true,38593,2026-05-26T14:00:00Z
mlflow://experiment-1/patient-readmission-risk,social_risk,0.0142,0.0038,true,37437,2026-05-26T14:00:00Z
mlflow://experiment-1/patient-readmission-risk,length_of_stay,0.0163,0.0032,true,48354,2026-05-29T14:00:00Z
mlflow://experiment-1/patient-readmission-risk,prior_admissions,0.0096,0.0062,true,28018,2026-05-29T14:00:00Z
mlflow://experiment-1/patient-readmission-risk,comorbidity_index,0.0086,0.0052,true,31493,2026-05-29T14:00:00Z
mlflow://experiment-1/patient-readmission-risk,discharge_code,0.015,0.0009,true,36508,2026-05-29T14:00:00Z
mlflow://experiment-1/patient-readmission-risk,diagnosis_icd10,0.0141,0.0078,true,31534,2026-05-29T14:00:00Z
mlflow://experiment-1/patient-readmission-risk,med_count,0.0041,0.0084,true,7565,2026-05-29T14:00:00Z
mlflow://experiment-1/patient-readmission-risk,lab_abnormal,0.0064,0.0056,true,42685,2026-05-29T14:00:00Z
mlflow://experiment-1/patient-readmission-risk,insurance_type,0.0152,0.0073,true,29194,2026-05-29T14:00:00Z
mlflow://experiment-1/patient-readmission-risk,days_since_ed,0.007,0.0054,true,27055,2026-05-29T14:00:00Z
mlflow://experiment-1/patient-readmission-risk,social_risk,0.0081,0.0039,true,46932,2026-05-29T14:00:00Z
mlflow://experiment-1/patient-readmission-risk,length_of_stay,0.0103,0.001,true,35209,2026-06-01T14:00:00Z
mlflow://experiment-1/patient-readmission-risk,prior_admissions,0.001,0.0092,true,8193,2026-06-01T14:00:00Z
mlflow://experiment-1/patient-readmission-risk,comorbidity_index,0.0055,0.0032,true,49302,2026-06-01T14:00:00Z
mlflow://experiment-1/patient-readmission-risk,discharge_code,0.0119,0.0052,true,40310,2026-06-01T14:00:00Z
mlflow://experiment-1/patient-readmission-risk,diagnosis_icd10,0.0143,0.0072,true,46534,2026-06-01T14:00:00Z
mlflow://experiment-1/patient-readmission-risk,med_count,0.0029,0.0043,true,12957,2026-06-01T14:00:00Z
mlflow://experiment-1/patient-readmission-risk,lab_abnormal,0.0163,0.0036,true,5344,2026-06-01T14:00:00Z
mlflow://experiment-1/patient-readmission-risk,insurance_type,0.01,0.0014,true,39342,2026-06-01T14:00:00Z
mlflow://experiment-1/patient-readmission-risk,days_since_ed,0.0076,0.0079,true,17650,2026-06-01T14:00:00Z
mlflow://experiment-1/patient-readmission-risk,social_risk,0.0057,0.0061,true,24161,2026-06-01T14:00:00Z
mlflow://experiment-1/patient-readmission-risk,length_of_stay,0.0146,0.0045,true,28287,2026-06-04T14:00:00Z
mlflow://experiment-1/patient-readmission-risk,prior_admissions,0.0016,0.0068,true,26996,2026-06-04T14:00:00Z
mlflow://experiment-1/patient-readmission-risk,comorbidity_index,0.0086,0.0057,true,46052,2026-06-04T14:00:00Z
mlflow://experiment-1/patient-readmission-risk,discharge_code,0.0069,0.0071,true,14082,2026-06-04T14:00:00Z
mlflow://experiment-1/patient-readmission-risk,diagnosis_icd10,0.0218,0.0054,true,17612,2026-06-04T14:00:00Z
mlflow://experiment-1/patient-readmission-risk,med_count,0.0094,0.0075,true,18133,2026-06-04T14:00:00Z
mlflow://experiment-1/patient-readmission-risk,lab_abnormal,0.0121,0.0072,true,48394,2026-06-04T14:00:00Z
mlflow://experiment-1/patient-readmission-risk,insurance_type,0.0089,0.0073,true,18036,2026-06-04T14:00:00Z
mlflow://experiment-1/patient-readmission-risk,days_since_ed,0.0214,0.0065,true,12447,2026-06-04T14:00:00Z
mlflow://experiment-1/patient-readmission-risk,social_risk,0.0091,0.006,true,18723,2026-06-04T14:00:00Z
mlflow://experiment-1/patient-readmission-risk,length_of_stay,0.0061,0.0041,true,45893,2026-06-07T14:00:00Z
mlflow://experiment-1/patient-readmission-risk,prior_admissions,0.0075,0.0076,true,33124,2026-06-07T14:00:00Z
mlflow://experiment-1/patient-readmission-risk,comorbidity_index,0.0166,0.0034,true,30204,2026-06-07T14:00:00Z
mlflow://experiment-1/patient-readmission-risk,discharge_code,0.0109,0.0073,true,39121,2026-06-07T14:00:00Z
mlflow://experiment-1/patient-readmission-risk,diagnosis_icd10,0.0108,0.0052,true,49959,2026-06-07T14:00:00Z
mlflow://experiment-1/patient-readmission-risk,med_count,0.015,0.0022,true,25750,2026-06-07T14:00:00Z
mlflow://experiment-1/patient-readmission-risk,lab_abnormal,0.0007,0.0097,true,43693,2026-06-07T14:00:00Z
mlflow://experiment-1/patient-readmission-risk,insurance_type,0.0105,0.0036,true,9266,2026-06-07T14:00:00Z
mlflow://experiment-1/patient-readmission-risk,days_since_ed,0.0228,0.0027,false,48818,2026-06-07T14:00:00Z
mlflow://experiment-1/patient-readmission-risk,social_risk,0.0087,0.0028,true,9718,2026-06-07T14:00:00Z
mlflow://experiment-1/patient-readmission-risk,length_of_stay,0.0145,0.0058,true,23055,2026-06-10T14:00:00Z
mlflow://experiment-1/patient-readmission-risk,prior_admissions,0.007,0.0061,true,6023,2026-06-10T14:00:00Z
mlflow://experiment-1/patient-readmission-risk,comorbidity_index,0.0144,0.0031,true,30497,2026-06-10T14:00:00Z
mlflow://experiment-1/patient-readmission-risk,discharge_code,0.0116,0.0048,true,30482,2026-06-10T14:00:00Z
mlflow://experiment-1/patient-readmission-risk,diagnosis_icd10,0.0038,0.0054,true,34867,2026-06-10T14:00:00Z
mlflow://experiment-1/patient-readmission-risk,med_count,0.0085,0.0018,true,34943,2026-06-10T14:00:00Z
mlflow://experiment-1/patient-readmission-risk,lab_abnormal,0.0075,0.0059,true,32823,2026-06-10T14:00:00Z
mlflow://experiment-1/patient-readmission-risk,insurance_type,0.0069,0.0032,true,45014,2026-06-10T14:00:00Z
mlflow://experiment-1/patient-readmission-risk,days_since_ed,0.0189,0.004,true,9265,2026-06-10T14:00:00Z
mlflow://experiment-1/patient-readmission-risk,social_risk,0.0091,0.0041,true,45953,2026-06-10T14:00:00Z
mlflow://experiment-1/patient-readmission-risk,length_of_stay,0.0115,0.009,true,28797,2026-06-13T14:00:00Z
mlflow://experiment-1/patient-readmission-risk,prior_admissions,0.0174,0.0041,true,18520,2026-06-13T14:00:00Z
mlflow://experiment-1/patient-readmission-risk,comorbidity_index,0.0113,0.0008,true,31304,2026-06-13T14:00:00Z
mlflow://experiment-1/patient-readmission-risk,discharge_code,0.0079,0.0024,true,34641,2026-06-13T14:00:00Z
mlflow://experiment-1/patient-readmission-risk,diagnosis_icd10,0.0101,0.0074,true,37199,2026-06-13T14:00:00Z
mlflow://experiment-1/patient-readmission-risk,med_count,0.0172,0.0072,true,21656,2026-06-13T14:00:00Z
mlflow://experiment-1/patient-readmission-risk,lab_abnormal,0.004,0.007,true,10657,2026-06-13T14:00:00Z
mlflow://experiment-1/patient-readmission-risk,insurance_type,0.0147,0.0058,true,14643,2026-06-13T14:00:00Z
mlflow://experiment-1/patient-readmission-risk,days_since_ed,0.0155,0.0055,false,27984,2026-06-13T14:00:00Z
mlflow://experiment-1/patient-readmission-risk,social_risk,0.0095,0.0041,true,29024,2026-06-13T14:00:00Z
mlflow://experiment-1/patient-readmission-risk,length_of_stay,0.008,0.0074,true,41275,2026-06-16T14:00:00Z
mlflow://experiment-1/patient-readmission-risk,prior_admissions,0.0061,0.006,true,15174,2026-06-16T14:00:00Z
mlflow://experiment-1/patient-readmission-risk,comorbidity_index,0.0171,0.0019,false,18485,2026-06-16T14:00:00Z
mlflow://experiment-1/patient-readmission-risk,discharge_code,0.0145,0.0072,true,46061,2026-06-16T14:00:00Z
mlflow://experiment-1/patient-readmission-risk,diagnosis_icd10,0.012,0.0012,true,22048,2026-06-16T14:00:00Z
mlflow://experiment-1/patient-readmission-risk,med_count,0.0102,0.0066,true,31393,2026-06-16T14:00:00Z
mlflow://experiment-1/patient-readmission-risk,lab_abnormal,0.0155,0.0073,true,37011,2026-06-16T14:00:00Z
mlflow://experiment-1/patient-readmission-risk,insurance_type,0.0142,0.0031,true,15873,2026-06-16T14:00:00Z
mlflow://experiment-1/patient-readmission-risk,days_since_ed,0.0061,0.0063,true,32637,2026-06-16T14:00:00Z
mlflow://experiment-1/patient-readmission-risk,social_risk,0.0181,0.0087,true,45116,2026-06-16T14:00:00Z
mlflow://experiment-1/patient-readmission-risk,length_of_stay,0.0088,0.0026,true,31390,2026-06-19T14:00:00Z
mlflow://experiment-1/patient-readmission-risk,prior_admissions,0.0055,0.0052,true,24130,2026-06-19T14:00:00Z
mlflow://experiment-1/patient-readmission-risk,comorbidity_index,0.0175,0.0083,true,27918,2026-06-19T14:00:00Z
mlflow://experiment-1/patient-readmission-risk,discharge_code,0.0044,0.0052,true,5966,2026-06-19T14:00:00Z
mlflow://experiment-1/patient-readmission-risk,diagnosis_icd10,0.0115,0.0052,true,32051,2026-06-19T14:00:00Z
mlflow://experiment-1/patient-readmission-risk,med_count,0.0084,0.0088,true,11642,2026-06-19T14:00:00Z
mlflow://experiment-1/patient-readmission-risk,lab_abnormal,0.0146,0.0065,true,21376,2026-06-19T14:00:00Z
mlflow://experiment-1/patient-readmission-risk,insurance_type,0.0167,0.005,true,21814,2026-06-19T14:00:00Z
mlflow://experiment-1/patient-readmission-risk,days_since_ed,0.0135,0.0057,true,48863,2026-06-19T14:00:00Z
mlflow://experiment-1/patient-readmission-risk,social_risk,0.0121,0.0032,true,38874,2026-06-19T14:00:00Z
mlflow://experiment-1/patient-readmission-risk,length_of_stay,0.003,0.0065,true,22974,2026-06-22T14:00:00Z
mlflow://experiment-1/patient-readmission-risk,prior_admissions,0.0132,0.0072,true,33297,2026-06-22T14:00:00Z
mlflow://experiment-1/patient-readmission-risk,comorbidity_index,0.0084,0.003,true,14887,2026-06-22T14:00:00Z
mlflow://experiment-1/patient-readmission-risk,discharge_code,0.018,0.0064,true,19324,2026-06-22T14:00:00Z
mlflow://experiment-1/patient-readmission-risk,diagnosis_icd10,0.0116,0.0054,true,23599,2026-06-22T14:00:00Z
mlflow://experiment-1/patient-readmission-risk,med_count,0.0087,0.0067,true,12882,2026-06-22T14:00:00Z
mlflow://experiment-1/patient-readmission-risk,lab_abnormal,0.0201,0.0061,true,8058,2026-06-22T14:00:00Z
mlflow://experiment-1/patient-readmission-risk,insurance_type,0.0127,0.005,true,27112,2026-06-22T14:00:00Z
mlflow://experiment-1/patient-readmission-risk,days_since_ed,0.005,0.0062,true,42532,2026-06-22T14:00:00Z
mlflow://experiment-1/patient-readmission-risk,social_risk,0.009,0.005,true,22723,2026-06-22T14:00:00Z
mlflow://experiment-1/patient-readmission-risk,length_of_stay,0.0118,0.005,true,44088,2026-06-25T14:00:00Z
mlflow://experiment-1/patient-readmission-risk,prior_admissions,0.0126,0.0043,true,35456,2026-06-25T14:00:00Z
mlflow://experiment-1/patient-readmission-risk,comorbidity_index,0.0148,0.0061,true,48809,2026-06-25T14:00:00Z
mlflow://experiment-1/patient-readmission-risk,discharge_code,0.01,0.0014,true,16995,2026-06-25T14:00:00Z
mlflow://experiment-1/patient-readmission-risk,diagnosis_icd10,0.0117,0.0041,true,20980,2026-06-25T14:00:00Z
mlflow://experiment-1/patient-readmission-risk,med_count,0.0078,0.0037,true,6607,2026-06-25T14:00:00Z
mlflow://experiment-1/patient-readmission-risk,lab_abnormal,0,0.0029,true,24539,2026-06-25T14:00:00Z
mlflow://experiment-1/patient-readmission-risk,insurance_type,0.0063,0.0069,true,37522,2026-06-25T14:00:00Z
mlflow://experiment-1/patient-readmission-risk,days_since_ed,0.0096,0.0062,true,37806,2026-06-25T14:00:00Z
mlflow://experiment-1/patient-readmission-risk,social_risk,0.0112,0.0041,true,29471,2026-06-25T14:00:00Z
mlflow://experiment-1/patient-readmission-risk,length_of_stay,0.0095,0.0026,true,13828,2026-06-28T14:00:00Z
mlflow://experiment-1/patient-readmission-risk,prior_admissions,0.016,0.0048,true,5095,2026-06-28T14:00:00Z
mlflow://experiment-1/patient-readmission-risk,comorbidity_index,0.0165,0.0067,true,5860,2026-06-28T14:00:00Z
mlflow://experiment-1/patient-readmission-risk,discharge_code,0.0058,0.0051,true,39261,2026-06-28T14:00:00Z
mlflow://experiment-1/patient-readmission-risk,diagnosis_icd10,0.0049,0.0067,true,9507,2026-06-28T14:00:00Z
mlflow://experiment-1/patient-readmission-risk,med_count,0.0089,0.0108,true,9292,2026-06-28T14:00:00Z
mlflow://experiment-1/patient-readmission-risk,lab_abnormal,0.021,0.0039,true,48939,2026-06-28T14:00:00Z
mlflow://experiment-1/patient-readmission-risk,insurance_type,0.0058,0.0049,true,8180,2026-06-28T14:00:00Z
mlflow://experiment-1/patient-readmission-risk,days_since_ed,0.0095,0.0047,true,30551,2026-06-28T14:00:00Z
mlflow://experiment-1/patient-readmission-risk,social_risk,0.0074,0.0003,true,43940,2026-06-28T14:00:00Z
mlflow://experiment-1/patient-readmission-risk,length_of_stay,0.0121,0.0027,true,42445,2026-07-01T14:00:00Z
mlflow://experiment-1/patient-readmission-risk,prior_admissions,0.0111,0.0052,true,43926,2026-07-01T14:00:00Z
mlflow://experiment-1/patient-readmission-risk,comorbidity_index,0.0077,0.0081,true,20427,2026-07-01T14:00:00Z
mlflow://experiment-1/patient-readmission-risk,discharge_code,0.0089,0.0036,true,40509,2026-07-01T14:00:00Z
mlflow://experiment-1/patient-readmission-risk,diagnosis_icd10,0.014,0.0041,true,10464,2026-07-01T14:00:00Z
mlflow://experiment-1/patient-readmission-risk,med_count,0.0135,0.004,true,24123,2026-07-01T14:00:00Z
mlflow://experiment-1/patient-readmission-risk,lab_abnormal,0.0101,0.002,true,14999,2026-07-01T14:00:00Z
mlflow://experiment-1/patient-readmission-risk,insurance_type,0.009,0.0059,true,30322,2026-07-01T14:00:00Z
mlflow://experiment-1/patient-readmission-risk,days_since_ed,0.0132,0.0054,true,11598,2026-07-01T14:00:00Z
mlflow://experiment-1/patient-readmission-risk,social_risk,0.0191,0.0039,true,5127,2026-07-01T14:00:00Z
mlflow://experiment-1/patient-readmission-risk,length_of_stay,0.0155,0.0039,true,46372,2026-07-04T14:00:00Z
mlflow://experiment-1/patient-readmission-risk,prior_admissions,0.0083,0.0057,true,44262,2026-07-04T14:00:00Z
mlflow://experiment-1/patient-readmission-risk,comorbidity_index,0.0128,0.0057,true,38581,2026-07-04T14:00:00Z
mlflow://experiment-1/patient-readmission-risk,discharge_code,0.0124,0.0053,true,27762,2026-07-04T14:00:00Z
mlflow://experiment-1/patient-readmission-risk,diagnosis_icd10,0.0108,0.0063,true,12229,2026-07-04T14:00:00Z
mlflow://experiment-1/patient-readmission-risk,med_count,0.0143,0.0078,true,34143,2026-07-04T14:00:00Z
mlflow://experiment-1/patient-readmission-risk,lab_abnormal,0.0123,0.0051,true,23659,2026-07-04T14:00:00Z
mlflow://experiment-1/patient-readmission-risk,insurance_type,0.0134,0.0052,true,27387,2026-07-04T14:00:00Z
mlflow://experiment-1/patient-readmission-risk,days_since_ed,0.0078,0.0005,true,45349,2026-07-04T14:00:00Z
mlflow://experiment-1/patient-readmission-risk,social_risk,0.0058,0.0077,true,36167,2026-07-04T14:00:00Z
mlflow://experiment-1/patient-readmission-risk,length_of_stay,0.0096,0.0061,true,11759,2026-07-07T14:00:00Z
mlflow://experiment-1/patient-readmission-risk,prior_admissions,0.0075,0.0051,true,39089,2026-07-07T14:00:00Z
mlflow://experiment-1/patient-readmission-risk,comorbidity_index,0.0035,0.007,true,29228,2026-07-07T14:00:00Z
mlflow://experiment-1/patient-readmission-risk,discharge_code,0.0137,0.0035,true,20846,2026-07-07T14:00:00Z
mlflow://experiment-1/patient-readmission-risk,diagnosis_icd10,0.0051,0.0054,true,6338,2026-07-07T14:00:00Z
mlflow://experiment-1/patient-readmission-risk,med_count,0.006,0.008,true,46138,2026-07-07T14:00:00Z
mlflow://experiment-1/patient-readmission-risk,lab_abnormal,0.0053,0.0037,true,38795,2026-07-07T14:00:00Z
mlflow://experiment-1/patient-readmission-risk,insurance_type,0.0111,0.0065,true,49878,2026-07-07T14:00:00Z
mlflow://experiment-1/patient-readmission-risk,days_since_ed,0.0063,0.0024,true,26609,2026-07-07T14:00:00Z
mlflow://experiment-1/patient-readmission-risk,social_risk,0.0079,0.0043,true,48620,2026-07-07T14:00:00Z
mlflow://experiment-1/patient-readmission-risk,length_of_stay,0.0021,0.007,true,45660,2026-07-10T14:00:00Z
mlflow://experiment-1/patient-readmission-risk,prior_admissions,0.0155,0.0081,true,36170,2026-07-10T14:00:00Z
mlflow://experiment-1/patient-readmission-risk,comorbidity_index,0.008,0.0022,true,7279,2026-07-10T14:00:00Z
mlflow://experiment-1/patient-readmission-risk,discharge_code,0.012,0.0081,true,20357,2026-07-10T14:00:00Z
mlflow://experiment-1/patient-readmission-risk,diagnosis_icd10,0.0033,0.0028,true,44048,2026-07-10T14:00:00Z
mlflow://experiment-1/patient-readmission-risk,med_count,0.0132,0.0075,true,25543,2026-07-10T14:00:00Z
mlflow://experiment-1/patient-readmission-risk,lab_abnormal,0.0121,0.0079,true,40701,2026-07-10T14:00:00Z
mlflow://experiment-1/patient-readmission-risk,insurance_type,0.0057,0.0054,true,32071,2026-07-10T14:00:00Z
mlflow://experiment-1/patient-readmission-risk,days_since_ed,0.0121,0.0042,true,42460,2026-07-10T14:00:00Z
mlflow://experiment-1/patient-readmission-risk,social_risk,0.0106,0.0047,true,10048,2026-07-10T14:00:00Z
mlflow://experiment-1/patient-readmission-risk,length_of_stay,0.0172,0.0065,true,45346,2026-07-13T14:00:00Z
mlflow://experiment-1/patient-readmission-risk,prior_admissions,0.007,0.0074,true,34137,2026-07-13T14:00:00Z
mlflow://experiment-1/patient-readmission-risk,comorbidity_index,0.0149,0.0057,true,31832,2026-07-13T14:00:00Z
mlflow://experiment-1/patient-readmission-risk,discharge_code,0.0146,0.0029,true,13192,2026-07-13T14:00:00Z
mlflow://experiment-1/patient-readmission-risk,diagnosis_icd10,0.0032,0.0048,true,5769,2026-07-13T14:00:00Z
mlflow://experiment-1/patient-readmission-risk,med_count,0.0205,0.0062,true,33110,2026-07-13T14:00:00Z
mlflow://experiment-1/patient-readmission-risk,lab_abnormal,0.0041,0.0031,true,33295,2026-07-13T14:00:00Z
mlflow://experiment-1/patient-readmission-risk,insurance_type,0.0109,0.0066,true,28371,2026-07-13T14:00:00Z
mlflow://experiment-1/patient-readmission-risk,days_since_ed,0.0153,0.007,true,28888,2026-07-13T14:00:00Z
mlflow://experiment-1/patient-readmission-risk,social_risk,0.0156,0.0036,true,34099,2026-07-13T14:00:00Z
mlflow://experiment-1/patient-readmission-risk,length_of_stay,0.0161,0.0025,true,15662,2026-07-16T14:00:00Z
mlflow://experiment-1/patient-readmission-risk,prior_admissions,0.014,0.007,true,28443,2026-07-16T14:00:00Z
mlflow://experiment-1/patient-readmission-risk,comorbidity_index,0.0019,0.0035,true,20979,2026-07-16T14:00:00Z
mlflow://experiment-1/patient-readmission-risk,discharge_code,0.0121,0.0078,true,23228,2026-07-16T14:00:00Z
mlflow://experiment-1/patient-readmission-risk,diagnosis_icd10,0.0122,0.0063,true,35057,2026-07-16T14:00:00Z
mlflow://experiment-1/patient-readmission-risk,med_count,0.0199,0.0066,true,36156,2026-07-16T14:00:00Z
mlflow://experiment-1/patient-readmission-risk,lab_abnormal,0.0162,0.0039,true,19891,2026-07-16T14:00:00Z
mlflow://experiment-1/patient-readmission-risk,insurance_type,0.0061,0.0033,true,15959,2026-07-16T14:00:00Z
mlflow://experiment-1/patient-readmission-risk,days_since_ed,0.0158,0.0056,true,13486,2026-07-16T14:00:00Z
mlflow://experiment-1/patient-readmission-risk,social_risk,0.014,0.005,true,11355,2026-07-16T14:00:00Z
mlflow://experiment-1/patient-readmission-risk,length_of_stay,0.0129,0.005,true,36902,2026-07-19T14:00:00Z
mlflow://experiment-1/patient-readmission-risk,prior_admissions,0.0082,0.0042,true,13007,2026-07-19T14:00:00Z
mlflow://experiment-1/patient-readmission-risk,comorbidity_index,0.0097,0.0027,true,20908,2026-07-19T14:00:00Z
mlflow://experiment-1/patient-readmission-risk,discharge_code,0.0083,0.0024,true,27515,2026-07-19T14:00:00Z
mlflow://experiment-1/patient-readmission-risk,diagnosis_icd10,0.0082,0.0052,true,37713,2026-07-19T14:00:00Z
mlflow://experiment-1/patient-readmission-risk,med_count,0.0068,0.0047,true,23666,2026-07-19T14:00:00Z
mlflow://experiment-1/patient-readmission-risk,lab_abnormal,0.0081,0.0063,true,9069,2026-07-19T14:00:00Z
mlflow://experiment-1/patient-readmission-risk,insurance_type,0.0112,0.0067,true,5427,2026-07-19T14:00:00Z
mlflow://experiment-1/patient-readmission-risk,days_since_ed,0.0053,0.005,true,11070,2026-07-19T14:00:00Z
mlflow://experiment-1/patient-readmission-risk,social_risk,0.0169,0.0017,true,35235,2026-07-19T14:00:00Z
mlflow://experiment-1/patient-readmission-risk,length_of_stay,0.0062,0.0053,true,11675,2026-07-22T14:00:00Z
mlflow://experiment-1/patient-readmission-risk,prior_admissions,0.0136,0.0034,true,14202,2026-07-22T14:00:00Z
mlflow://experiment-1/patient-readmission-risk,comorbidity_index,0.0082,0.0056,true,49240,2026-07-22T14:00:00Z
mlflow://experiment-1/patient-readmission-risk,discharge_code,0.0135,0.0024,true,48804,2026-07-22T14:00:00Z
mlflow://experiment-1/patient-readmission-risk,diagnosis_icd10,0.0175,0.0051,true,40652,2026-07-22T14:00:00Z
mlflow://experiment-1/patient-readmission-risk,med_count,0.0202,0.0055,true,49533,2026-07-22T14:00:00Z
mlflow://experiment-1/patient-readmission-risk,lab_abnormal,0.023,0.0037,true,26395,2026-07-22T14:00:00Z
mlflow://experiment-1/patient-readmission-risk,insurance_type,0.0095,0.005,true,41009,2026-07-22T14:00:00Z
mlflow://experiment-1/patient-readmission-risk,days_since_ed,0.0083,0.0065,true,39795,2026-07-22T14:00:00Z
mlflow://experiment-1/patient-readmission-risk,social_risk,0.016,0.0035,true,9444,2026-07-22T14:00:00Z
mlflow://experiment-1/patient-readmission-risk,length_of_stay,0.0073,0.0045,false,45307,2026-07-25T14:00:00Z
mlflow://experiment-1/patient-readmission-risk,prior_admissions,0.0159,0.0041,true,22968,2026-07-25T14:00:00Z
mlflow://experiment-1/patient-readmission-risk,comorbidity_index,0.014,0.0041,true,16988,2026-07-25T14:00:00Z
mlflow://experiment-1/patient-readmission-risk,discharge_code,0.0115,0.0044,true,30655,2026-07-25T14:00:00Z
mlflow://experiment-1/patient-readmission-risk,diagnosis_icd10,0.0104,0.0049,true,36382,2026-07-25T14:00:00Z
mlflow://experiment-1/patient-readmission-risk,med_count,0.0113,0.0085,true,46034,2026-07-25T14:00:00Z
mlflow://experiment-1/patient-readmission-risk,lab_abnormal,0.0135,0.0065,true,44939,2026-07-25T14:00:00Z
mlflow://experiment-1/patient-readmission-risk,insurance_type,0.0111,0.0059,true,46250,2026-07-25T14:00:00Z
mlflow://experiment-1/patient-readmission-risk,days_since_ed,0.0117,0.0047,true,48163,2026-07-25T14:00:00Z
mlflow://experiment-1/patient-readmission-risk,social_risk,0.0152,0.0017,true,20698,2026-07-25T14:00:00Z
mlflow://experiment-1/patient-readmission-risk,length_of_stay,0.0124,0.0004,true,7669,2026-07-28T14:00:00Z
mlflow://experiment-1/patient-readmission-risk,prior_admissions,0.0093,0.0079,true,34732,2026-07-28T14:00:00Z
mlflow://experiment-1/patient-readmission-risk,comorbidity_index,0.0163,0.0047,true,12108,2026-07-28T14:00:00Z
mlflow://experiment-1/patient-readmission-risk,discharge_code,0.0103,0.0042,true,42031,2026-07-28T14:00:00Z
mlflow://experiment-1/patient-readmission-risk,diagnosis_icd10,0.0088,0.0016,true,49198,2026-07-28T14:00:00Z
mlflow://experiment-1/patient-readmission-risk,med_count,0.0118,0.0041,true,16357,2026-07-28T14:00:00Z
mlflow://experiment-1/patient-readmission-risk,lab_abnormal,0.0107,0.0042,true,32666,2026-07-28T14:00:00Z
mlflow://experiment-1/patient-readmission-risk,insurance_type,0.0101,0.007,true,29083,2026-07-28T14:00:00Z
mlflow://experiment-1/patient-readmission-risk,days_since_ed,0.0187,0.0034,true,5606,2026-07-28T14:00:00Z
mlflow://experiment-1/patient-readmission-risk,social_risk,0.0104,0.005,true,19447,2026-07-28T14:00:00Z
mlflow://experiment-2/adverse-drug-event-detector,drug_interactions,0.0326,0.0061,true,46987,2026-05-02T14:00:00Z
mlflow://experiment-2/adverse-drug-event-detector,dosage_ratio,0.0247,0.0056,true,6980,2026-05-02T14:00:00Z
mlflow://experiment-2/adverse-drug-event-detector,renal_function,0.029,0.0053,true,10230,2026-05-02T14:00:00Z
mlflow://experiment-2/adverse-drug-event-detector,liver_function,0.0294,0.004,true,37500,2026-05-02T14:00:00Z
mlflow://experiment-2/adverse-drug-event-detector,allergy_flag,0.0238,0.0058,true,41531,2026-05-02T14:00:00Z
mlflow://experiment-2/adverse-drug-event-detector,age,0.0332,0.0037,true,21769,2026-05-02T14:00:00Z
mlflow://experiment-2/adverse-drug-event-detector,weight,0.035,0.0029,true,42129,2026-05-02T14:00:00Z
mlflow://experiment-2/adverse-drug-event-detector,concurrent_meds,0.0372,0.0104,true,7541,2026-05-02T14:00:00Z
mlflow://experiment-2/adverse-drug-event-detector,route,0.027,0.0068,true,25259,2026-05-02T14:00:00Z
mlflow://experiment-2/adverse-drug-event-detector,frequency,0.0292,0.0064,true,23736,2026-05-02T14:00:00Z
mlflow://experiment-2/adverse-drug-event-detector,drug_interactions,0.0302,0.0011,true,18903,2026-05-05T14:00:00Z
mlflow://experiment-2/adverse-drug-event-detector,dosage_ratio,0.0255,0.0074,true,35875,2026-05-05T14:00:00Z
mlflow://experiment-2/adverse-drug-event-detector,renal_function,0.0316,0.0046,true,20225,2026-05-05T14:00:00Z
mlflow://experiment-2/adverse-drug-event-detector,liver_function,0.0235,0.0047,true,19705,2026-05-05T14:00:00Z
mlflow://experiment-2/adverse-drug-event-detector,allergy_flag,0.0351,0.0046,true,48741,2026-05-05T14:00:00Z
mlflow://experiment-2/adverse-drug-event-detector,age,0.0294,0.0061,true,48518,2026-05-05T14:00:00Z
mlflow://experiment-2/adverse-drug-event-detector,weight,0.0348,0.0071,true,45294,2026-05-05T14:00:00Z
mlflow://experiment-2/adverse-drug-event-detector,concurrent_meds,0.0218,0.0038,true,42030,2026-05-05T14:00:00Z
mlflow://experiment-2/adverse-drug-event-detector,route,0.0331,0.0086,true,47816,2026-05-05T14:00:00Z
mlflow://experiment-2/adverse-drug-event-detector,frequency,0.0348,0.0047,true,17190,2026-05-05T14:00:00Z
mlflow://experiment-2/adverse-drug-event-detector,drug_interactions,0.0269,0.0065,true,15571,2026-05-08T14:00:00Z
mlflow://experiment-2/adverse-drug-event-detector,dosage_ratio,0.0261,0.0045,true,39603,2026-05-08T14:00:00Z
mlflow://experiment-2/adverse-drug-event-detector,renal_function,0.0191,0.0059,true,12223,2026-05-08T14:00:00Z
mlflow://experiment-2/adverse-drug-event-detector,liver_function,0.0293,0.0045,true,40944,2026-05-08T14:00:00Z
mlflow://experiment-2/adverse-drug-event-detector,allergy_flag,0.0312,0.0059,true,37256,2026-05-08T14:00:00Z
mlflow://experiment-2/adverse-drug-event-detector,age,0.0261,0.0045,true,24535,2026-05-08T14:00:00Z
mlflow://experiment-2/adverse-drug-event-detector,weight,0.0299,0.0039,true,34730,2026-05-08T14:00:00Z
mlflow://experiment-2/adverse-drug-event-detector,concurrent_meds,0.0265,0.0073,true,16661,2026-05-08T14:00:00Z
mlflow://experiment-2/adverse-drug-event-detector,route,0.0277,0.0059,true,18113,2026-05-08T14:00:00Z
mlflow://experiment-2/adverse-drug-event-detector,frequency,0.0311,0.0071,true,36027,2026-05-08T14:00:00Z
mlflow://experiment-2/adverse-drug-event-detector,drug_interactions,0.0251,0.0035,true,22159,2026-05-11T14:00:00Z
mlflow://experiment-2/adverse-drug-event-detector,dosage_ratio,0.0266,0.0048,true,42289,2026-05-11T14:00:00Z
mlflow://experiment-2/adverse-drug-event-detector,renal_function,0.0317,0.0025,true,27344,2026-05-11T14:00:00Z
mlflow://experiment-2/adverse-drug-event-detector,liver_function,0.0305,0.0061,true,10525,2026-05-11T14:00:00Z
mlflow://experiment-2/adverse-drug-event-detector,allergy_flag,0.0351,0.0073,true,28003,2026-05-11T14:00:00Z
mlflow://experiment-2/adverse-drug-event-detector,age,0.0348,0.0047,true,20511,2026-05-11T14:00:00Z
mlflow://experiment-2/adverse-drug-event-detector,weight,0.0312,0.0079,true,6671,2026-05-11T14:00:00Z
mlflow://experiment-2/adverse-drug-event-detector,concurrent_meds,0.0304,0.0021,true,47705,2026-05-11T14:00:00Z
mlflow://experiment-2/adverse-drug-event-detector,route,0.0338,0.0056,true,6452,2026-05-11T14:00:00Z
mlflow://experiment-2/adverse-drug-event-detector,frequency,0.0325,0.0043,true,35469,2026-05-11T14:00:00Z
mlflow://experiment-2/adverse-drug-event-detector,drug_interactions,0.0277,0.0052,true,24406,2026-05-14T14:00:00Z
mlflow://experiment-2/adverse-drug-event-detector,dosage_ratio,0.0296,0.0033,true,18183,2026-05-14T14:00:00Z
mlflow://experiment-2/adverse-drug-event-detector,renal_function,0.03,0.0041,true,41740,2026-05-14T14:00:00Z
mlflow://experiment-2/adverse-drug-event-detector,liver_function,0.0316,0.0042,true,6441,2026-05-14T14:00:00Z
mlflow://experiment-2/adverse-drug-event-detector,allergy_flag,0.0282,0.0008,true,49545,2026-05-14T14:00:00Z
mlflow://experiment-2/adverse-drug-event-detector,age,0.0281,0.006,true,42322,2026-05-14T14:00:00Z
mlflow://experiment-2/adverse-drug-event-detector,weight,0.0252,0.0053,true,48340,2026-05-14T14:00:00Z
mlflow://experiment-2/adverse-drug-event-detector,concurrent_meds,0.0349,0.004,false,43568,2026-05-14T14:00:00Z
mlflow://experiment-2/adverse-drug-event-detector,route,0.0325,0.0081,true,41967,2026-05-14T14:00:00Z
mlflow://experiment-2/adverse-drug-event-detector,frequency,0.0369,0.0021,true,19028,2026-05-14T14:00:00Z
mlflow://experiment-2/adverse-drug-event-detector,drug_interactions,0.0305,0.0034,true,35814,2026-05-17T14:00:00Z
mlflow://experiment-2/adverse-drug-event-detector,dosage_ratio,0.0257,0.0076,true,39137,2026-05-17T14:00:00Z
mlflow://experiment-2/adverse-drug-event-detector,renal_function,0.0246,0.0049,true,37430,2026-05-17T14:00:00Z
mlflow://experiment-2/adverse-drug-event-detector,liver_function,0.0269,0.0039,true,42373,2026-05-17T14:00:00Z
mlflow://experiment-2/adverse-drug-event-detector,allergy_flag,0.0275,0.005,true,31351,2026-05-17T14:00:00Z
mlflow://experiment-2/adverse-drug-event-detector,age,0.0309,0.0047,true,8997,2026-05-17T14:00:00Z
mlflow://experiment-2/adverse-drug-event-detector,weight,0.03,0.0069,true,27792,2026-05-17T14:00:00Z
mlflow://experiment-2/adverse-drug-event-detector,concurrent_meds,0.0332,0.0078,true,46461,2026-05-17T14:00:00Z
mlflow://experiment-2/adverse-drug-event-detector,route,0.0315,0.0063,true,28441,2026-05-17T14:00:00Z
mlflow://experiment-2/adverse-drug-event-detector,frequency,0.0209,0.003,true,5918,2026-05-17T14:00:00Z
mlflow://experiment-2/adverse-drug-event-detector,drug_interactions,0.0314,0.0037,true,5437,2026-05-20T14:00:00Z
mlflow://experiment-2/adverse-drug-event-detector,dosage_ratio,0.024,0.0053,true,6357,2026-05-20T14:00:00Z
mlflow://experiment-2/adverse-drug-event-detector,renal_function,0.0308,0.0074,true,44038,2026-05-20T14:00:00Z
mlflow://experiment-2/adverse-drug-event-detector,liver_function,0.0285,0.0043,true,31602,2026-05-20T14:00:00Z
mlflow://experiment-2/adverse-drug-event-detector,allergy_flag,0.0304,0.0035,true,23928,2026-05-20T14:00:00Z
mlflow://experiment-2/adverse-drug-event-detector,age,0.0359,0.007,true,26973,2026-05-20T14:00:00Z
mlflow://experiment-2/adverse-drug-event-detector,weight,0.0261,0.006,true,9423,2026-05-20T14:00:00Z
mlflow://experiment-2/adverse-drug-event-detector,concurrent_meds,0.0278,0.0073,true,11020,2026-05-20T14:00:00Z
mlflow://experiment-2/adverse-drug-event-detector,route,0.0267,0.0047,true,41538,2026-05-20T14:00:00Z
mlflow://experiment-2/adverse-drug-event-detector,frequency,0.0297,0.0073,false,23677,2026-05-20T14:00:00Z
mlflow://experiment-2/adverse-drug-event-detector,drug_interactions,0.0363,0.0044,true,37724,2026-05-23T14:00:00Z
mlflow://experiment-2/adverse-drug-event-detector,dosage_ratio,0.0308,0.0053,true,16006,2026-05-23T14:00:00Z
mlflow://experiment-2/adverse-drug-event-detector,renal_function,0.0363,0.0078,true,24435,2026-05-23T14:00:00Z
mlflow://experiment-2/adverse-drug-event-detector,liver_function,0.035,0.0095,true,36862,2026-05-23T14:00:00Z
mlflow://experiment-2/adverse-drug-event-detector,allergy_flag,0.0212,0.0029,true,13413,2026-05-23T14:00:00Z
mlflow://experiment-2/adverse-drug-event-detector,age,0.0328,0.006,true,23458,2026-05-23T14:00:00Z
mlflow://experiment-2/adverse-drug-event-detector,weight,0.0247,0.0006,true,47247,2026-05-23T14:00:00Z
mlflow://experiment-2/adverse-drug-event-detector,concurrent_meds,0.0319,0.0035,true,34340,2026-05-23T14:00:00Z
mlflow://experiment-2/adverse-drug-event-detector,route,0.0271,0.0041,true,20016,2026-05-23T14:00:00Z
mlflow://experiment-2/adverse-drug-event-detector,frequency,0.0329,0.0036,true,21545,2026-05-23T14:00:00Z
mlflow://experiment-2/adverse-drug-event-detector,drug_interactions,0.0341,0.0082,true,35896,2026-05-26T14:00:00Z
mlflow://experiment-2/adverse-drug-event-detector,dosage_ratio,0.0339,0.004,true,13356,2026-05-26T14:00:00Z
mlflow://experiment-2/adverse-drug-event-detector,renal_function,0.0269,0.0027,true,5172,2026-05-26T14:00:00Z
mlflow://experiment-2/adverse-drug-event-detector,liver_function,0.0272,0.0063,true,17161,2026-05-26T14:00:00Z
mlflow://experiment-2/adverse-drug-event-detector,allergy_flag,0.0377,0.0058,true,34676,2026-05-26T14:00:00Z
mlflow://experiment-2/adverse-drug-event-detector,age,0.032,0.0052,true,46593,2026-05-26T14:00:00Z
mlflow://experiment-2/adverse-drug-event-detector,weight,0.0296,0.0062,true,39977,2026-05-26T14:00:00Z
mlflow://experiment-2/adverse-drug-event-detector,concurrent_meds,0.0229,0.0032,true,16860,2026-05-26T14:00:00Z
mlflow://experiment-2/adverse-drug-event-detector,route,0.0265,0.0083,true,46617,2026-05-26T14:00:00Z
mlflow://experiment-2/adverse-drug-event-detector,frequency,0.0298,0.0046,true,12512,2026-05-26T14:00:00Z
mlflow://experiment-2/adverse-drug-event-detector,drug_interactions,0.0314,0.0087,true,6584,2026-05-29T14:00:00Z
mlflow://experiment-2/adverse-drug-event-detector,dosage_ratio,0.0318,0.0057,true,48150,2026-05-29T14:00:00Z
mlflow://experiment-2/adverse-drug-event-detector,renal_function,0.0254,0.0042,true,27101,2026-05-29T14:00:00Z
mlflow://experiment-2/adverse-drug-event-detector,liver_function,0.0247,0.0054,true,17562,2026-05-29T14:00:00Z
mlflow://experiment-2/adverse-drug-event-detector,allergy_flag,0.0325,0.0038,true,31418,2026-05-29T14:00:00Z
mlflow://experiment-2/adverse-drug-event-detector,age,0.0251,0.0049,true,26930,2026-05-29T14:00:00Z
mlflow://experiment-2/adverse-drug-event-detector,weight,0.0272,0.0041,true,15515,2026-05-29T14:00:00Z
mlflow://experiment-2/adverse-drug-event-detector,concurrent_meds,0.0201,0.0065,true,6265,2026-05-29T14:00:00Z
mlflow://experiment-2/adverse-drug-event-detector,route,0.0253,0.0056,true,30952,2026-05-29T14:00:00Z
mlflow://experiment-2/adverse-drug-event-detector,frequency,0.0264,0.0033,true,17268,2026-05-29T14:00:00Z
mlflow://experiment-2/adverse-drug-event-detector,drug_interactions,0.0268,0.0048,true,47535,2026-06-01T14:00:00Z
mlflow://experiment-2/adverse-drug-event-detector,dosage_ratio,0.0237,0.0023,true,10415,2026-06-01T14:00:00Z
mlflow://experiment-2/adverse-drug-event-detector,renal_function,0.0285,0.0024,true,36099,2026-06-01T14:00:00Z
mlflow://experiment-2/adverse-drug-event-detector,liver_function,0.0291,0.0045,true,34456,2026-06-01T14:00:00Z
mlflow://experiment-2/adverse-drug-event-detector,allergy_flag,0.0343,0.0054,true,5639,2026-06-01T14:00:00Z
mlflow://experiment-2/adverse-drug-event-detector,age,0.0229,0.0062,true,7219,2026-06-01T14:00:00Z
mlflow://experiment-2/adverse-drug-event-detector,weight,0.0276,0.0056,true,15494,2026-06-01T14:00:00Z
mlflow://experiment-2/adverse-drug-event-detector,concurrent_meds,0.033,0.0035,true,30697,2026-06-01T14:00:00Z
mlflow://experiment-2/adverse-drug-event-detector,route,0.0285,0.0058,true,8240,2026-06-01T14:00:00Z
mlflow://experiment-2/adverse-drug-event-detector,frequency,0.0282,0.0051,true,9655,2026-06-01T14:00:00Z
mlflow://experiment-2/adverse-drug-event-detector,drug_interactions,0.0363,0.0026,true,33008,2026-06-04T14:00:00Z
mlflow://experiment-2/adverse-drug-event-detector,dosage_ratio,0.0192,0.0035,true,33299,2026-06-04T14:00:00Z
mlflow://experiment-2/adverse-drug-event-detector,renal_function,0.0245,0.0045,true,39037,2026-06-04T14:00:00Z
mlflow://experiment-2/adverse-drug-event-detector,liver_function,0.0247,0.0041,true,9723,2026-06-04T14:00:00Z
mlflow://experiment-2/adverse-drug-event-detector,allergy_flag,0.0284,0.0044,true,40533,2026-06-04T14:00:00Z
mlflow://experiment-2/adverse-drug-event-detector,age,0.0288,0.0039,false,36777,2026-06-04T14:00:00Z
mlflow://experiment-2/adverse-drug-event-detector,weight,0.0338,0.005,true,6497,2026-06-04T14:00:00Z
mlflow://experiment-2/adverse-drug-event-detector,concurrent_meds,0.0259,0.0081,true,37573,2026-06-04T14:00:00Z
mlflow://experiment-2/adverse-drug-event-detector,route,0.0228,0.008,true,44388,2026-06-04T14:00:00Z
mlflow://experiment-2/adverse-drug-event-detector,frequency,0.0353,0.0053,true,36077,2026-06-04T14:00:00Z
mlflow://experiment-2/adverse-drug-event-detector,drug_interactions,0.0293,0.0039,true,18295,2026-06-07T14:00:00Z
mlflow://experiment-2/adverse-drug-event-detector,dosage_ratio,0.0276,0.0052,true,18028,2026-06-07T14:00:00Z
mlflow://experiment-2/adverse-drug-event-detector,renal_function,0.0357,0.0068,true,14891,2026-06-07T14:00:00Z
mlflow://experiment-2/adverse-drug-event-detector,liver_function,0.0307,0.0082,true,35282,2026-06-07T14:00:00Z
mlflow://experiment-2/adverse-drug-event-detector,allergy_flag,0.026,0.0072,true,44541,2026-06-07T14:00:00Z
mlflow://experiment-2/adverse-drug-event-detector,age,0.0396,0.0052,true,37815,2026-06-07T14:00:00Z
mlflow://experiment-2/adverse-drug-event-detector,weight,0.0403,0.0052,true,11638,2026-06-07T14:00:00Z
mlflow://experiment-2/adverse-drug-event-detector,concurrent_meds,0.027,0.007,true,44421,2026-06-07T14:00:00Z
mlflow://experiment-2/adverse-drug-event-detector,route,0.028,0.0038,true,49535,2026-06-07T14:00:00Z
mlflow://experiment-2/adverse-drug-event-detector,frequency,0.0339,0.0034,true,18359,2026-06-07T14:00:00Z
mlflow://experiment-2/adverse-drug-event-detector,drug_interactions,0.0291,0.0046,true,18166,2026-06-10T14:00:00Z
mlflow://experiment-2/adverse-drug-event-detector,dosage_ratio,0.0234,0.0053,true,43329,2026-06-10T14:00:00Z
mlflow://experiment-2/adverse-drug-event-detector,renal_function,0.0274,0.0053,true,25125,2026-06-10T14:00:00Z
mlflow://experiment-2/adverse-drug-event-detector,liver_function,0.0249,0.0049,false,12307,2026-06-10T14:00:00Z
mlflow://experiment-2/adverse-drug-event-detector,allergy_flag,0.0364,0.0082,true,27104,2026-06-10T14:00:00Z
mlflow://experiment-2/adverse-drug-event-detector,age,0.0247,0.0022,true,30549,2026-06-10T14:00:00Z
mlflow://experiment-2/adverse-drug-event-detector,weight,0.0197,0.0077,true,37134,2026-06-10T14:00:00Z
mlflow://experiment-2/adverse-drug-event-detector,concurrent_meds,0.0305,0.0053,true,37718,2026-06-10T14:00:00Z
mlflow://experiment-2/adverse-drug-event-detector,route,0.027,0.0036,true,40213,2026-06-10T14:00:00Z
mlflow://experiment-2/adverse-drug-event-detector,frequency,0.0377,0.0085,true,27181,2026-06-10T14:00:00Z
mlflow://experiment-2/adverse-drug-event-detector,drug_interactions,0.03,0.0039,true,13150,2026-06-13T14:00:00Z
mlflow://experiment-2/adverse-drug-event-detector,dosage_ratio,0.0222,0.0059,true,31755,2026-06-13T14:00:00Z
mlflow://experiment-2/adverse-drug-event-detector,renal_function,0.0303,0.0068,true,33010,2026-06-13T14:00:00Z
mlflow://experiment-2/adverse-drug-event-detector,liver_function,0.0299,0.0046,true,22133,2026-06-13T14:00:00Z
mlflow://experiment-2/adverse-drug-event-detector,allergy_flag,0.0325,0.0073,true,8022,2026-06-13T14:00:00Z
mlflow://experiment-2/adverse-drug-event-detector,age,0.025,0.0076,true,36941,2026-06-13T14:00:00Z
mlflow://experiment-2/adverse-drug-event-detector,weight,0.0391,0.0005,true,27875,2026-06-13T14:00:00Z
mlflow://experiment-2/adverse-drug-event-detector,concurrent_meds,0.0244,0.002,true,24416,2026-06-13T14:00:00Z
mlflow://experiment-2/adverse-drug-event-detector,route,0.0289,0.0042,true,29913,2026-06-13T14:00:00Z
mlflow://experiment-2/adverse-drug-event-detector,frequency,0.0248,0.005,true,42281,2026-06-13T14:00:00Z
mlflow://experiment-2/adverse-drug-event-detector,drug_interactions,0.0264,0.0028,true,33015,2026-06-16T14:00:00Z
mlflow://experiment-2/adverse-drug-event-detector,dosage_ratio,0.035,0.0088,false,22101,2026-06-16T14:00:00Z
mlflow://experiment-2/adverse-drug-event-detector,renal_function,0.0388,0.0106,true,31872,2026-06-16T14:00:00Z
mlflow://experiment-2/adverse-drug-event-detector,liver_function,0.0263,0.0018,true,21553,2026-06-16T14:00:00Z
mlflow://experiment-2/adverse-drug-event-detector,allergy_flag,0.0309,0.0076,true,6997,2026-06-16T14:00:00Z
mlflow://experiment-2/adverse-drug-event-detector,age,0.0324,0.0012,true,15920,2026-06-16T14:00:00Z
mlflow://experiment-2/adverse-drug-event-detector,weight,0.0373,0.0045,true,48657,2026-06-16T14:00:00Z
mlflow://experiment-2/adverse-drug-event-detector,concurrent_meds,0.0317,0.0058,true,33103,2026-06-16T14:00:00Z
mlflow://experiment-2/adverse-drug-event-detector,route,0.0291,0.003,true,45395,2026-06-16T14:00:00Z
mlflow://experiment-2/adverse-drug-event-detector,frequency,0.0374,0.0064,true,46302,2026-06-16T14:00:00Z
mlflow://experiment-2/adverse-drug-event-detector,drug_interactions,0.0258,0.0054,true,5705,2026-06-19T14:00:00Z
mlflow://experiment-2/adverse-drug-event-detector,dosage_ratio,0.0326,0.0052,true,44884,2026-06-19T14:00:00Z
mlflow://experiment-2/adverse-drug-event-detector,renal_function,0.0261,0.0053,true,27260,2026-06-19T14:00:00Z
mlflow://experiment-2/adverse-drug-event-detector,liver_function,0.0333,0.0052,true,35395,2026-06-19T14:00:00Z
mlflow://experiment-2/adverse-drug-event-detector,allergy_flag,0.0284,0.0003,true,49261,2026-06-19T14:00:00Z
mlflow://experiment-2/adverse-drug-event-detector,age,0.0253,0.0061,true,12090,2026-06-19T14:00:00Z
mlflow://experiment-2/adverse-drug-event-detector,weight,0.0281,0.0049,true,7231,2026-06-19T14:00:00Z
mlflow://experiment-2/adverse-drug-event-detector,concurrent_meds,0.0322,0.0063,true,25538,2026-06-19T14:00:00Z
mlflow://experiment-2/adverse-drug-event-detector,route,0.039,0.0082,true,9382,2026-06-19T14:00:00Z
mlflow://experiment-2/adverse-drug-event-detector,frequency,0.0345,0.0074,true,36880,2026-06-19T14:00:00Z
mlflow://experiment-2/adverse-drug-event-detector,drug_interactions,0.033,0.0053,true,49351,2026-06-22T14:00:00Z
mlflow://experiment-2/adverse-drug-event-detector,dosage_ratio,0.0352,0.0054,true,25320,2026-06-22T14:00:00Z
mlflow://experiment-2/adverse-drug-event-detector,renal_function,0.0415,0.007,true,26904,2026-06-22T14:00:00Z
mlflow://experiment-2/adverse-drug-event-detector,liver_function,0.0275,0.0032,true,48731,2026-06-22T14:00:00Z
mlflow://experiment-2/adverse-drug-event-detector,allergy_flag,0.0368,0.0052,true,24885,2026-06-22T14:00:00Z
mlflow://experiment-2/adverse-drug-event-detector,age,0.0215,0.0074,true,9071,2026-06-22T14:00:00Z
mlflow://experiment-2/adverse-drug-event-detector,weight,0.0304,0.0043,true,6366,2026-06-22T14:00:00Z
mlflow://experiment-2/adverse-drug-event-detector,concurrent_meds,0.0322,0.0039,true,36578,2026-06-22T14:00:00Z
mlflow://experiment-2/adverse-drug-event-detector,route,0.0251,0.0019,true,39846,2026-06-22T14:00:00Z
mlflow://experiment-2/adverse-drug-event-detector,frequency,0.0289,0,true,18213,2026-06-22T14:00:00Z
mlflow://experiment-2/adverse-drug-event-detector,drug_interactions,0.0412,0.0051,true,13048,2026-06-25T14:00:00Z
mlflow://experiment-2/adverse-drug-event-detector,dosage_ratio,0.0333,0.0071,true,24767,2026-06-25T14:00:00Z
mlflow://experiment-2/adverse-drug-event-detector,renal_function,0.0315,0.0046,true,7621,2026-06-25T14:00:00Z
mlflow://experiment-2/adverse-drug-event-detector,liver_function,0.0304,0.0028,true,21156,2026-06-25T14:00:00Z
mlflow://experiment-2/adverse-drug-event-detector,allergy_flag,0.031,0.0052,true,25237,2026-06-25T14:00:00Z
mlflow://experiment-2/adverse-drug-event-detector,age,0.0351,0.0069,true,36448,2026-06-25T14:00:00Z
mlflow://experiment-2/adverse-drug-event-detector,weight,0.0331,0.006,true,16494,2026-06-25T14:00:00Z
mlflow://experiment-2/adverse-drug-event-detector,concurrent_meds,0.0241,0.0039,true,49853,2026-06-25T14:00:00Z
mlflow://experiment-2/adverse-drug-event-detector,route,0.0307,0.0054,true,15124,2026-06-25T14:00:00Z
mlflow://experiment-2/adverse-drug-event-detector,frequency,0.0328,0.0078,true,28482,2026-06-25T14:00:00Z
mlflow://experiment-2/adverse-drug-event-detector,drug_interactions,0.03,0.0025,true,8690,2026-06-28T14:00:00Z
mlflow://experiment-2/adverse-drug-event-detector,dosage_ratio,0.0398,0.0073,true,35117,2026-06-28T14:00:00Z
mlflow://experiment-2/adverse-drug-event-detector,renal_function,0.0304,0.0101,true,39001,2026-06-28T14:00:00Z
mlflow://experiment-2/adverse-drug-event-detector,liver_function,0.0335,0.0076,true,22974,2026-06-28T14:00:00Z
mlflow://experiment-2/adverse-drug-event-detector,allergy_flag,0.0308,0.0102,true,17855,2026-06-28T14:00:00Z
mlflow://experiment-2/adverse-drug-event-detector,age,0.0394,0.0042,true,39727,2026-06-28T14:00:00Z
mlflow://experiment-2/adverse-drug-event-detector,weight,0.0295,0.0053,true,49197,2026-06-28T14:00:00Z
mlflow://experiment-2/adverse-drug-event-detector,concurrent_meds,0.0322,0.0023,true,41473,2026-06-28T14:00:00Z
mlflow://experiment-2/adverse-drug-event-detector,route,0.0225,0.0086,true,7454,2026-06-28T14:00:00Z
mlflow://experiment-2/adverse-drug-event-detector,frequency,0.0312,0.003,true,48250,2026-06-28T14:00:00Z
mlflow://experiment-2/adverse-drug-event-detector,drug_interactions,0.0297,0.0053,true,14193,2026-07-01T14:00:00Z
mlflow://experiment-2/adverse-drug-event-detector,dosage_ratio,0.028,0.0062,true,44245,2026-07-01T14:00:00Z
mlflow://experiment-2/adverse-drug-event-detector,renal_function,0.0268,0.0048,true,6899,2026-07-01T14:00:00Z
mlflow://experiment-2/adverse-drug-event-detector,liver_function,0.0354,0.0046,true,16010,2026-07-01T14:00:00Z
mlflow://experiment-2/adverse-drug-event-detector,allergy_flag,0.0242,0.0046,true,42441,2026-07-01T14:00:00Z
mlflow://experiment-2/adverse-drug-event-detector,age,0.0285,0.0041,true,27561,2026-07-01T14:00:00Z
mlflow://experiment-2/adverse-drug-event-detector,weight,0.0347,0.0059,true,29586,2026-07-01T14:00:00Z
mlflow://experiment-2/adverse-drug-event-detector,concurrent_meds,0.0364,0.0061,true,10421,2026-07-01T14:00:00Z
mlflow://experiment-2/adverse-drug-event-detector,route,0.0328,0.0017,true,11499,2026-07-01T14:00:00Z
mlflow://experiment-2/adverse-drug-event-detector,frequency,0.0318,0.0025,true,38969,2026-07-01T14:00:00Z
mlflow://experiment-2/adverse-drug-event-detector,drug_interactions,0.0282,0.0025,true,32026,2026-07-04T14:00:00Z
mlflow://experiment-2/adverse-drug-event-detector,dosage_ratio,0.0358,0.0018,true,34773,2026-07-04T14:00:00Z
mlflow://experiment-2/adverse-drug-event-detector,renal_function,0.0294,0.0043,true,45175,2026-07-04T14:00:00Z
mlflow://experiment-2/adverse-drug-event-detector,liver_function,0.0247,0.0034,true,38934,2026-07-04T14:00:00Z
mlflow://experiment-2/adverse-drug-event-detector,allergy_flag,0.0347,0.0037,true,31742,2026-07-04T14:00:00Z
mlflow://experiment-2/adverse-drug-event-detector,age,0.0369,0.004,true,19307,2026-07-04T14:00:00Z
mlflow://experiment-2/adverse-drug-event-detector,weight,0.0311,0.0078,true,36194,2026-07-04T14:00:00Z
mlflow://experiment-2/adverse-drug-event-detector,concurrent_meds,0.0294,0.0015,true,39167,2026-07-04T14:00:00Z
mlflow://experiment-2/adverse-drug-event-detector,route,0.027,0.0056,true,47586,2026-07-04T14:00:00Z
mlflow://experiment-2/adverse-drug-event-detector,frequency,0.0302,0.0064,true,48348,2026-07-04T14:00:00Z
mlflow://experiment-2/adverse-drug-event-detector,drug_interactions,0.0323,0.0049,true,5314,2026-07-07T14:00:00Z
mlflow://experiment-2/adverse-drug-event-detector,dosage_ratio,0.0252,0.007,true,40027,2026-07-07T14:00:00Z
mlflow://experiment-2/adverse-drug-event-detector,renal_function,0.0376,0.0052,true,46673,2026-07-07T14:00:00Z
mlflow://experiment-2/adverse-drug-event-detector,liver_function,0.0366,0.0025,true,39924,2026-07-07T14:00:00Z
mlflow://experiment-2/adverse-drug-event-detector,allergy_flag,0.0309,0.0052,true,34331,2026-07-07T14:00:00Z
mlflow://experiment-2/adverse-drug-event-detector,age,0.0326,0.0052,true,16810,2026-07-07T14:00:00Z
mlflow://experiment-2/adverse-drug-event-detector,weight,0.0412,0.0,false,34876,2026-07-07T14:00:00Z
mlflow://experiment-2/adverse-drug-event-detector,concurrent_meds,0.0348,0.0061,true,45548,2026-07-07T14:00:00Z
mlflow://experiment-2/adverse-drug-event-detector,route,0.0306,0.0076,true,45383,2026-07-07T14:00:00Z
mlflow://experiment-2/adverse-drug-event-detector,frequency,0.0336,0.006,true,45517,2026-07-07T14:00:00Z
mlflow://experiment-2/adverse-drug-event-detector,drug_interactions,0.0344,0.0074,true,44914,2026-07-10T14:00:00Z
mlflow://experiment-2/adverse-drug-event-detector,dosage_ratio,0.0282,0.0063,true,29659,2026-07-10T14:00:00Z
mlflow://experiment-2/adverse-drug-event-detector,renal_function,0.0195,0.0034,true,21062,2026-07-10T14:00:00Z
mlflow://experiment-2/adverse-drug-event-detector,liver_function,0.0245,0.0058,true,20742,2026-07-10T14:00:00Z
mlflow://experiment-2/adverse-drug-event-detector,allergy_flag,0.0325,0.0035,true,8126,2026-07-10T14:00:00Z
mlflow://experiment-2/adverse-drug-event-detector,age,0.0327,0.0072,true,19026,2026-07-10T14:00:00Z
mlflow://experiment-2/adverse-drug-event-detector,weight,0.0332,0.0056,true,14287,2026-07-10T14:00:00Z
mlflow://experiment-2/adverse-drug-event-detector,concurrent_meds,0.0315,0.0058,true,20864,2026-07-10T14:00:00Z
mlflow://experiment-2/adverse-drug-event-detector,route,0.0278,0.0072,true,46057,2026-07-10T14:00:00Z
mlflow://experiment-2/adverse-drug-event-detector,frequency,0.0284,0.0072,true,40895,2026-07-10T14:00:00Z
mlflow://experiment-2/adverse-drug-event-detector,drug_interactions,0.0338,0.0023,true,23295,2026-07-13T14:00:00Z
mlflow://experiment-2/adverse-drug-event-detector,dosage_ratio,0.0269,0.0053,true,40326,2026-07-13T14:00:00Z
mlflow://experiment-2/adverse-drug-event-detector,renal_function,0.0295,0.0036,true,17136,2026-07-13T14:00:00Z
mlflow://experiment-2/adverse-drug-event-detector,liver_function,0.0327,0.005,true,33139,2026-07-13T14:00:00Z
mlflow://experiment-2/adverse-drug-event-detector,allergy_flag,0.0327,0.0057,true,32831,2026-07-13T14:00:00Z
mlflow://experiment-2/adverse-drug-event-detector,age,0.0322,0.0103,true,43727,2026-07-13T14:00:00Z
mlflow://experiment-2/adverse-drug-event-detector,weight,0.0281,0.0088,true,48382,2026-07-13T14:00:00Z
mlflow://experiment-2/adverse-drug-event-detector,concurrent_meds,0.031,0.004,true,46151,2026-07-13T14:00:00Z
mlflow://experiment-2/adverse-drug-event-detector,route,0.0322,0.0041,true,6769,2026-07-13T14:00:00Z
mlflow://experiment-2/adverse-drug-event-detector,frequency,0.0278,0.0087,true,8612,2026-07-13T14:00:00Z
mlflow://experiment-2/adverse-drug-event-detector,drug_interactions,0.0305,0.0025,true,31875,2026-07-16T14:00:00Z
mlflow://experiment-2/adverse-drug-event-detector,dosage_ratio,0.0231,0.0086,true,49918,2026-07-16T14:00:00Z
mlflow://experiment-2/adverse-drug-event-detector,renal_function,0.0312,0.0056,true,21074,2026-07-16T14:00:00Z
mlflow://experiment-2/adverse-drug-event-detector,liver_function,0.0339,0.0044,true,20350,2026-07-16T14:00:00Z
mlflow://experiment-2/adverse-drug-event-detector,allergy_flag,0.0265,0.0039,true,43733,2026-07-16T14:00:00Z
mlflow://experiment-2/adverse-drug-event-detector,age,0.0282,0.0047,true,47842,2026-07-16T14:00:00Z
mlflow://experiment-2/adverse-drug-event-detector,weight,0.0473,0.0087,true,10321,2026-07-16T14:00:00Z
mlflow://experiment-2/adverse-drug-event-detector,concurrent_meds,0.0232,0.0039,true,20807,2026-07-16T14:00:00Z
mlflow://experiment-2/adverse-drug-event-detector,route,0.023,0.0054,true,33795,2026-07-16T14:00:00Z
mlflow://experiment-2/adverse-drug-event-detector,frequency,0.0225,0.0052,true,30070,2026-07-16T14:00:00Z
mlflow://experiment-2/adverse-drug-event-detector,drug_interactions,0.0308,0.0042,true,49690,2026-07-19T14:00:00Z
mlflow://experiment-2/adverse-drug-event-detector,dosage_ratio,0.0305,0.0051,true,6055,2026-07-19T14:00:00Z
mlflow://experiment-2/adverse-drug-event-detector,renal_function,0.0245,0.0014,true,25253,2026-07-19T14:00:00Z
mlflow://experiment-2/adverse-drug-event-detector,liver_function,0.025,0.0066,true,44559,2026-07-19T14:00:00Z
mlflow://experiment-2/adverse-drug-event-detector,allergy_flag,0.0281,0.0058,true,19866,2026-07-19T14:00:00Z
mlflow://experiment-2/adverse-drug-event-detector,age,0.0301,0.0058,true,17389,2026-07-19T14:00:00Z
mlflow://experiment-2/adverse-drug-event-detector,weight,0.0404,0.0037,true,7564,2026-07-19T14:00:00Z
mlflow://experiment-2/adverse-drug-event-detector,concurrent_meds,0.0214,0.0051,true,39590,2026-07-19T14:00:00Z
mlflow://experiment-2/adverse-drug-event-detector,route,0.0293,0.0066,true,45143,2026-07-19T14:00:00Z
mlflow://experiment-2/adverse-drug-event-detector,frequency,0.0318,0.0053,true,9086,2026-07-19T14:00:00Z
mlflow://experiment-2/adverse-drug-event-detector,drug_interactions,0.0349,0.0051,true,8751,2026-07-22T14:00:00Z
mlflow://experiment-2/adverse-drug-event-detector,dosage_ratio,0.0398,0.0015,true,42705,2026-07-22T14:00:00Z
mlflow://experiment-2/adverse-drug-event-detector,renal_function,0.0375,0.0026,true,23613,2026-07-22T14:00:00Z
mlflow://experiment-2/adverse-drug-event-detector,liver_function,0.026,0.0023,true,6804,2026-07-22T14:00:00Z
mlflow://experiment-2/adverse-drug-event-detector,allergy_flag,0.0345,0.0035,true,49083,2026-07-22T14:00:00Z
mlflow://experiment-2/adverse-drug-event-detector,age,0.0333,0.0082,true,32040,2026-07-22T14:00:00Z
mlflow://experiment-2/adverse-drug-event-detector,weight,0.0249,0.0036,true,33448,2026-07-22T14:00:00Z
mlflow://experiment-2/adverse-drug-event-detector,concurrent_meds,0.0303,0.0007,true,14773,2026-07-22T14:00:00Z
mlflow://experiment-2/adverse-drug-event-detector,route,0.0273,0.0009,true,46972,2026-07-22T14:00:00Z
mlflow://experiment-2/adverse-drug-event-detector,frequency,0.0312,0.0057,true,36864,2026-07-22T14:00:00Z
mlflow://experiment-2/adverse-drug-event-detector,drug_interactions,0.0349,0.0035,true,24631,2026-07-25T14:00:00Z
mlflow://experiment-2/adverse-drug-event-detector,dosage_ratio,0.0158,0.0044,true,6063,2026-07-25T14:00:00Z
mlflow://experiment-2/adverse-drug-event-detector,renal_function,0.0279,0.0047,true,18385,2026-07-25T14:00:00Z
mlflow://experiment-2/adverse-drug-event-detector,liver_function,0.0241,0.0085,true,13833,2026-07-25T14:00:00Z
mlflow://experiment-2/adverse-drug-event-detector,allergy_flag,0.0371,0.0079,true,37663,2026-07-25T14:00:00Z
mlflow://experiment-2/adverse-drug-event-detector,age,0.0234,0.0019,true,21016,2026-07-25T14:00:00Z
mlflow://experiment-2/adverse-drug-event-detector,weight,0.026,0.0067,true,6913,2026-07-25T14:00:00Z
mlflow://experiment-2/adverse-drug-event-detector,concurrent_meds,0.0292,0.004,true,34912,2026-07-25T14:00:00Z
mlflow://experiment-2/adverse-drug-event-detector,route,0.0345,0.0053,true,30952,2026-07-25T14:00:00Z
mlflow://experiment-2/adverse-drug-event-detector,frequency,0.0346,0.0001,true,16564,2026-07-25T14:00:00Z
mlflow://experiment-2/adverse-drug-event-detector,drug_interactions,0.0339,0.0016,true,40330,2026-07-28T14:00:00Z
mlflow://experiment-2/adverse-drug-event-detector,dosage_ratio,0.0218,0.0068,true,7512,2026-07-28T14:00:00Z
mlflow://experiment-2/adverse-drug-event-detector,renal_function,0.028,0.0056,false,6082,2026-07-28T14:00:00Z
mlflow://experiment-2/adverse-drug-event-detector,liver_function,0.0252,0.0072,true,6325,2026-07-28T14:00:00Z
mlflow://experiment-2/adverse-drug-event-detector,allergy_flag,0.0256,0.0058,false,6506,2026-07-28T14:00:00Z
mlflow://experiment-2/adverse-drug-event-detector,age,0.026,0.0071,true,5214,2026-07-28T14:00:00Z
mlflow://experiment-2/adverse-drug-event-detector,weight,0.0337,0.0085,true,35758,2026-07-28T14:00:00Z
mlflow://experiment-2/adverse-drug-event-detector,concurrent_meds,0.0326,0.0058,true,34470,2026-07-28T14:00:00Z
mlflow://experiment-2/adverse-drug-event-detector,route,0.0335,0.0085,true,13513,2026-07-28T14:00:00Z
mlflow://experiment-2/adverse-drug-event-detector,frequency,0.0364,0.0061,true,26845,2026-07-28T14:00:00Z
mlflow://experiment-3/clinical-trial-enrollment-pred,site_capacity,0.0261,0.0054,true,15321,2026-05-02T14:00:00Z
mlflow://experiment-3/clinical-trial-enrollment-pred,protocol_complexity,0.0283,0.0052,true,35366,2026-05-02T14:00:00Z
mlflow://experiment-3/clinical-trial-enrollment-pred,disease_prevalence,0.0358,0.0061,true,43549,2026-05-02T14:00:00Z
mlflow://experiment-3/clinical-trial-enrollment-pred,competition_score,0.0299,0.0083,true,45274,2026-05-02T14:00:00Z
mlflow://experiment-3/clinical-trial-enrollment-pred,pi_experience,0.0356,0.0068,true,26364,2026-05-02T14:00:00Z
mlflow://experiment-3/clinical-trial-enrollment-pred,geo_distance,0.0263,0.0071,true,29532,2026-05-02T14:00:00Z
mlflow://experiment-3/clinical-trial-enrollment-pred,insurance_coverage,0.0333,0.0018,true,30947,2026-05-02T14:00:00Z
mlflow://experiment-3/clinical-trial-enrollment-pred,demographics_match,0.0376,0.0063,true,48361,2026-05-02T14:00:00Z
mlflow://experiment-3/clinical-trial-enrollment-pred,referral_network,0.0306,0.0025,true,40051,2026-05-02T14:00:00Z
mlflow://experiment-3/clinical-trial-enrollment-pred,seasonal_factor,0.0278,0.0072,true,45086,2026-05-02T14:00:00Z
mlflow://experiment-3/clinical-trial-enrollment-pred,site_capacity,0.0285,0.004,true,13283,2026-05-05T14:00:00Z
mlflow://experiment-3/clinical-trial-enrollment-pred,protocol_complexity,0.0373,0.0037,true,13753,2026-05-05T14:00:00Z
mlflow://experiment-3/clinical-trial-enrollment-pred,disease_prevalence,0.0315,0.0039,true,5682,2026-05-05T14:00:00Z
mlflow://experiment-3/clinical-trial-enrollment-pred,competition_score,0.0297,0.0039,true,11383,2026-05-05T14:00:00Z
mlflow://experiment-3/clinical-trial-enrollment-pred,pi_experience,0.0245,0.0026,true,7496,2026-05-05T14:00:00Z
mlflow://experiment-3/clinical-trial-enrollment-pred,geo_distance,0.0445,0.0044,true,5759,2026-05-05T14:00:00Z
mlflow://experiment-3/clinical-trial-enrollment-pred,insurance_coverage,0.0275,0.003,true,38860,2026-05-05T14:00:00Z
mlflow://experiment-3/clinical-trial-enrollment-pred,demographics_match,0.0229,0.0038,true,42610,2026-05-05T14:00:00Z
mlflow://experiment-3/clinical-trial-enrollment-pred,referral_network,0.0271,0.0048,true,16352,2026-05-05T14:00:00Z
mlflow://experiment-3/clinical-trial-enrollment-pred,seasonal_factor,0.0286,0.0061,true,48049,2026-05-05T14:00:00Z
mlflow://experiment-3/clinical-trial-enrollment-pred,site_capacity,0.0276,0.0077,true,48325,2026-05-08T14:00:00Z
mlflow://experiment-3/clinical-trial-enrollment-pred,protocol_complexity,0.03,0.0032,true,33539,2026-05-08T14:00:00Z
mlflow://experiment-3/clinical-trial-enrollment-pred,disease_prevalence,0.0299,0.0057,true,14919,2026-05-08T14:00:00Z
mlflow://experiment-3/clinical-trial-enrollment-pred,competition_score,0.0308,0.0071,true,48404,2026-05-08T14:00:00Z
mlflow://experiment-3/clinical-trial-enrollment-pred,pi_experience,0.0279,0.0046,true,46078,2026-05-08T14:00:00Z
mlflow://experiment-3/clinical-trial-enrollment-pred,geo_distance,0.0239,0.0075,true,31383,2026-05-08T14:00:00Z
mlflow://experiment-3/clinical-trial-enrollment-pred,insurance_coverage,0.0337,0.0033,true,14172,2026-05-08T14:00:00Z
mlflow://experiment-3/clinical-trial-enrollment-pred,demographics_match,0.0263,0.0058,true,19917,2026-05-08T14:00:00Z
mlflow://experiment-3/clinical-trial-enrollment-pred,referral_network,0.0331,0.0072,true,23828,2026-05-08T14:00:00Z
mlflow://experiment-3/clinical-trial-enrollment-pred,seasonal_factor,0.027,0.0044,true,35179,2026-05-08T14:00:00Z
mlflow://experiment-3/clinical-trial-enrollment-pred,site_capacity,0.0341,0.0019,true,43921,2026-05-11T14:00:00Z
mlflow://experiment-3/clinical-trial-enrollment-pred,protocol_complexity,0.0265,0.0043,true,9412,2026-05-11T14:00:00Z
mlflow://experiment-3/clinical-trial-enrollment-pred,disease_prevalence,0.0188,0.0034,true,5685,2026-05-11T14:00:00Z
mlflow://experiment-3/clinical-trial-enrollment-pred,competition_score,0.0216,0.0037,true,25278,2026-05-11T14:00:00Z
mlflow://experiment-3/clinical-trial-enrollment-pred,pi_experience,0.0417,0.0045,true,30306,2026-05-11T14:00:00Z
mlflow://experiment-3/clinical-trial-enrollment-pred,geo_distance,0.0284,0.0065,true,48578,2026-05-11T14:00:00Z
mlflow://experiment-3/clinical-trial-enrollment-pred,insurance_coverage,0.0299,0.0022,true,19315,2026-05-11T14:00:00Z
mlflow://experiment-3/clinical-trial-enrollment-pred,demographics_match,0.0214,0.0084,true,49894,2026-05-11T14:00:00Z
mlflow://experiment-3/clinical-trial-enrollment-pred,referral_network,0.0342,0.0019,true,7603,2026-05-11T14:00:00Z
mlflow://experiment-3/clinical-trial-enrollment-pred,seasonal_factor,0.0287,0.0042,true,30767,2026-05-11T14:00:00Z
mlflow://experiment-3/clinical-trial-enrollment-pred,site_capacity,0.0363,0.0052,true,36888,2026-05-14T14:00:00Z
mlflow://experiment-3/clinical-trial-enrollment-pred,protocol_complexity,0.0294,0.0055,true,38587,2026-05-14T14:00:00Z
mlflow://experiment-3/clinical-trial-enrollment-pred,disease_prevalence,0.0313,0.0042,true,24078,2026-05-14T14:00:00Z
mlflow://experiment-3/clinical-trial-enrollment-pred,competition_score,0.0258,0.0092,true,32841,2026-05-14T14:00:00Z
mlflow://experiment-3/clinical-trial-enrollment-pred,pi_experience,0.0297,0.0033,true,41124,2026-05-14T14:00:00Z
mlflow://experiment-3/clinical-trial-enrollment-pred,geo_distance,0.0471,0.0053,true,24289,2026-05-14T14:00:00Z
mlflow://experiment-3/clinical-trial-enrollment-pred,insurance_coverage,0.0218,0.0032,true,16228,2026-05-14T14:00:00Z
mlflow://experiment-3/clinical-trial-enrollment-pred,demographics_match,0.0366,0.0085,true,22142,2026-05-14T14:00:00Z
mlflow://experiment-3/clinical-trial-enrollment-pred,referral_network,0.0296,0.0061,true,9940,2026-05-14T14:00:00Z
mlflow://experiment-3/clinical-trial-enrollment-pred,seasonal_factor,0.0198,0.0066,true,23593,2026-05-14T14:00:00Z
mlflow://experiment-3/clinical-trial-enrollment-pred,site_capacity,0.0333,0.006,true,22682,2026-05-17T14:00:00Z
mlflow://experiment-3/clinical-trial-enrollment-pred,protocol_complexity,0.0237,0.0035,true,44390,2026-05-17T14:00:00Z
mlflow://experiment-3/clinical-trial-enrollment-pred,disease_prevalence,0.0294,0.0043,true,45753,2026-05-17T14:00:00Z
mlflow://experiment-3/clinical-trial-enrollment-pred,competition_score,0.0338,0.009,true,37720,2026-05-17T14:00:00Z
mlflow://experiment-3/clinical-trial-enrollment-pred,pi_experience,0.0382,0.0034,true,21753,2026-05-17T14:00:00Z
mlflow://experiment-3/clinical-trial-enrollment-pred,geo_distance,0.0353,0.0033,true,18576,2026-05-17T14:00:00Z
mlflow://experiment-3/clinical-trial-enrollment-pred,insurance_coverage,0.0347,0.0042,true,31037,2026-05-17T14:00:00Z
mlflow://experiment-3/clinical-trial-enrollment-pred,demographics_match,0.0294,0.0033,true,27578,2026-05-17T14:00:00Z
mlflow://experiment-3/clinical-trial-enrollment-pred,referral_network,0.0273,0.0012,true,13911,2026-05-17T14:00:00Z
mlflow://experiment-3/clinical-trial-enrollment-pred,seasonal_factor,0.0343,0.005,true,47377,2026-05-17T14:00:00Z
mlflow://experiment-3/clinical-trial-enrollment-pred,site_capacity,0.023,0.0056,true,13926,2026-05-20T14:00:00Z
mlflow://experiment-3/clinical-trial-enrollment-pred,protocol_complexity,0.0251,0.0036,true,46449,2026-05-20T14:00:00Z
mlflow://experiment-3/clinical-trial-enrollment-pred,disease_prevalence,0.0365,0.0058,true,32412,2026-05-20T14:00:00Z
mlflow://experiment-3/clinical-trial-enrollment-pred,competition_score,0.031,0.0059,true,14906,2026-05-20T14:00:00Z
mlflow://experiment-3/clinical-trial-enrollment-pred,pi_experience,0.0354,0.0074,true,33397,2026-05-20T14:00:00Z
mlflow://experiment-3/clinical-trial-enrollment-pred,geo_distance,0.0346,0.006,true,23062,2026-05-20T14:00:00Z
mlflow://experiment-3/clinical-trial-enrollment-pred,insurance_coverage,0.0333,0.0071,true,37679,2026-05-20T14:00:00Z
mlflow://experiment-3/clinical-trial-enrollment-pred,demographics_match,0.0278,0.0062,true,30545,2026-05-20T14:00:00Z
mlflow://experiment-3/clinical-trial-enrollment-pred,referral_network,0.0335,0.0029,true,37735,2026-05-20T14:00:00Z
mlflow://experiment-3/clinical-trial-enrollment-pred,seasonal_factor,0.0261,0.0046,true,43805,2026-05-20T14:00:00Z
mlflow://experiment-3/clinical-trial-enrollment-pred,site_capacity,0.0322,0.0069,true,31049,2026-05-23T14:00:00Z
mlflow://experiment-3/clinical-trial-enrollment-pred,protocol_complexity,0.0242,0.0051,true,33286,2026-05-23T14:00:00Z
mlflow://experiment-3/clinical-trial-enrollment-pred,disease_prevalence,0.0199,0.0107,true,22804,2026-05-23T14:00:00Z
mlflow://experiment-3/clinical-trial-enrollment-pred,competition_score,0.0298,0.0031,true,42869,2026-05-23T14:00:00Z
mlflow://experiment-3/clinical-trial-enrollment-pred,pi_experience,0.0302,0.003,true,9929,2026-05-23T14:00:00Z
mlflow://experiment-3/clinical-trial-enrollment-pred,geo_distance,0.0275,0.0009,true,45811,2026-05-23T14:00:00Z
mlflow://experiment-3/clinical-trial-enrollment-pred,insurance_coverage,0.0248,0.003,true,22263,2026-05-23T14:00:00Z
mlflow://experiment-3/clinical-trial-enrollment-pred,demographics_match,0.0358,0.0077,true,34733,2026-05-23T14:00:00Z
mlflow://experiment-3/clinical-trial-enrollment-pred,referral_network,0.0317,0.0053,true,11757,2026-05-23T14:00:00Z
mlflow://experiment-3/clinical-trial-enrollment-pred,seasonal_factor,0.0281,0.0055,true,6891,2026-05-23T14:00:00Z
mlflow://experiment-3/clinical-trial-enrollment-pred,site_capacity,0.0276,0.0031,true,13861,2026-05-26T14:00:00Z
mlflow://experiment-3/clinical-trial-enrollment-pred,protocol_complexity,0.0394,0.0064,true,35314,2026-05-26T14:00:00Z
mlflow://experiment-3/clinical-trial-enrollment-pred,disease_prevalence,0.0295,0.0024,true,48077,2026-05-26T14:00:00Z
mlflow://experiment-3/clinical-trial-enrollment-pred,competition_score,0.0343,0.0083,true,38429,2026-05-26T14:00:00Z
mlflow://experiment-3/clinical-trial-enrollment-pred,pi_experience,0.0332,0.0034,true,49483,2026-05-26T14:00:00Z
mlflow://experiment-3/clinical-trial-enrollment-pred,geo_distance,0.0319,0.0055,true,31349,2026-05-26T14:00:00Z
mlflow://experiment-3/clinical-trial-enrollment-pred,insurance_coverage,0.0372,0.0033,true,42533,2026-05-26T14:00:00Z
mlflow://experiment-3/clinical-trial-enrollment-pred,demographics_match,0.0262,0.0024,true,27623,2026-05-26T14:00:00Z
mlflow://experiment-3/clinical-trial-enrollment-pred,referral_network,0.0272,0.0042,true,43903,2026-05-26T14:00:00Z
mlflow://experiment-3/clinical-trial-enrollment-pred,seasonal_factor,0.0276,0.0057,false,25582,2026-05-26T14:00:00Z
mlflow://experiment-3/clinical-trial-enrollment-pred,site_capacity,0.0242,0.0059,true,32263,2026-05-29T14:00:00Z
mlflow://experiment-3/clinical-trial-enrollment-pred,protocol_complexity,0.0204,0.0084,true,36762,2026-05-29T14:00:00Z
mlflow://experiment-3/clinical-trial-enrollment-pred,disease_prevalence,0.0257,0.0085,false,14209,2026-05-29T14:00:00Z
mlflow://experiment-3/clinical-trial-enrollment-pred,competition_score,0.0279,0.0058,true,27630,2026-05-29T14:00:00Z
mlflow://experiment-3/clinical-trial-enrollment-pred,pi_experience,0.0252,0.0048,true,30624,2026-05-29T14:00:00Z
mlflow://experiment-3/clinical-trial-enrollment-pred,geo_distance,0.0228,0.0054,true,31747,2026-05-29T14:00:00Z
mlflow://experiment-3/clinical-trial-enrollment-pred,insurance_coverage,0.0288,0.0065,true,10581,2026-05-29T14:00:00Z
mlflow://experiment-3/clinical-trial-enrollment-pred,demographics_match,0.035,0.0061,true,41026,2026-05-29T14:00:00Z
mlflow://experiment-3/clinical-trial-enrollment-pred,referral_network,0.0287,0.0065,true,21037,2026-05-29T14:00:00Z
mlflow://experiment-3/clinical-trial-enrollment-pred,seasonal_factor,0.0375,0.0073,true,40784,2026-05-29T14:00:00Z
mlflow://experiment-3/clinical-trial-enrollment-pred,site_capacity,0.0357,0.0038,true,24647,2026-06-01T14:00:00Z
mlflow://experiment-3/clinical-trial-enrollment-pred,protocol_complexity,0.0308,0.0072,true,40323,2026-06-01T14:00:00Z
mlflow://experiment-3/clinical-trial-enrollment-pred,disease_prevalence,0.0317,0.0102,true,9811,2026-06-01T14:00:00Z
mlflow://experiment-3/clinical-trial-enrollment-pred,competition_score,0.0241,0.0091,true,38272,2026-06-01T14:00:00Z
mlflow://experiment-3/clinical-trial-enrollment-pred,pi_experience,0.0274,0.0052,true,39005,2026-06-01T14:00:00Z
mlflow://experiment-3/clinical-trial-enrollment-pred,geo_distance,0.0306,0.0113,true,12413,2026-06-01T14:00:00Z
mlflow://experiment-3/clinical-trial-enrollment-pred,insurance_coverage,0.0403,0.0051,true,16030,2026-06-01T14:00:00Z
mlflow://experiment-3/clinical-trial-enrollment-pred,demographics_match,0.0216,0.0039,true,22358,2026-06-01T14:00:00Z
mlflow://experiment-3/clinical-trial-enrollment-pred,referral_network,0.0244,0.0059,true,15488,2026-06-01T14:00:00Z
mlflow://experiment-3/clinical-trial-enrollment-pred,seasonal_factor,0.0358,0.0047,true,10299,2026-06-01T14:00:00Z
mlflow://experiment-3/clinical-trial-enrollment-pred,site_capacity,0.0355,0.0046,true,8759,2026-06-04T14:00:00Z
mlflow://experiment-3/clinical-trial-enrollment-pred,protocol_complexity,0.0376,0.0046,true,42464,2026-06-04T14:00:00Z
mlflow://experiment-3/clinical-trial-enrollment-pred,disease_prevalence,0.0238,0.0041,true,24514,2026-06-04T14:00:00Z
mlflow://experiment-3/clinical-trial-enrollment-pred,competition_score,0.0273,0.0032,true,22270,2026-06-04T14:00:00Z
mlflow://experiment-3/clinical-trial-enrollment-pred,pi_experience,0.0317,0.0026,true,27175,2026-06-04T14:00:00Z
mlflow://experiment-3/clinical-trial-enrollment-pred,geo_distance,0.028,0.0056,true,46400,2026-06-04T14:00:00Z
mlflow://experiment-3/clinical-trial-enrollment-pred,insurance_coverage,0.0337,0.004,true,24412,2026-06-04T14:00:00Z
mlflow://experiment-3/clinical-trial-enrollment-pred,demographics_match,0.0275,0.0029,true,42614,2026-06-04T14:00:00Z
mlflow://experiment-3/clinical-trial-enrollment-pred,referral_network,0.0377,0.0051,true,9275,2026-06-04T14:00:00Z
mlflow://experiment-3/clinical-trial-enrollment-pred,seasonal_factor,0.0327,0.0035,true,7319,2026-06-04T14:00:00Z
mlflow://experiment-3/clinical-trial-enrollment-pred,site_capacity,0.0257,0.0039,true,40746,2026-06-07T14:00:00Z
mlflow://experiment-3/clinical-trial-enrollment-pred,protocol_complexity,0.0292,0.0062,true,21833,2026-06-07T14:00:00Z
mlflow://experiment-3/clinical-trial-enrollment-pred,disease_prevalence,0.0327,0.0029,true,46808,2026-06-07T14:00:00Z
mlflow://experiment-3/clinical-trial-enrollment-pred,competition_score,0.0276,0.0026,true,30165,2026-06-07T14:00:00Z
mlflow://experiment-3/clinical-trial-enrollment-pred,pi_experience,0.0235,0.0027,true,41105,2026-06-07T14:00:00Z
mlflow://experiment-3/clinical-trial-enrollment-pred,geo_distance,0.0322,0.0061,true,49082,2026-06-07T14:00:00Z
mlflow://experiment-3/clinical-trial-enrollment-pred,insurance_coverage,0.0263,0.0028,true,11183,2026-06-07T14:00:00Z
mlflow://experiment-3/clinical-trial-enrollment-pred,demographics_match,0.0284,0.0058,true,20228,2026-06-07T14:00:00Z
mlflow://experiment-3/clinical-trial-enrollment-pred,referral_network,0.0373,0.0047,true,11494,2026-06-07T14:00:00Z
mlflow://experiment-3/clinical-trial-enrollment-pred,seasonal_factor,0.0278,0.0022,true,31046,2026-06-07T14:00:00Z
mlflow://experiment-3/clinical-trial-enrollment-pred,site_capacity,0.0241,0.004,true,21342,2026-06-10T14:00:00Z
mlflow://experiment-3/clinical-trial-enrollment-pred,protocol_complexity,0.0252,0.0064,true,38977,2026-06-10T14:00:00Z
mlflow://experiment-3/clinical-trial-enrollment-pred,disease_prevalence,0.027,0.0007,true,38435,2026-06-10T14:00:00Z
mlflow://experiment-3/clinical-trial-enrollment-pred,competition_score,0.0289,0.0061,true,49472,2026-06-10T14:00:00Z
mlflow://experiment-3/clinical-trial-enrollment-pred,pi_experience,0.0347,0.007,true,34887,2026-06-10T14:00:00Z
mlflow://experiment-3/clinical-trial-enrollment-pred,geo_distance,0.0256,0.0045,true,16816,2026-06-10T14:00:00Z
mlflow://experiment-3/clinical-trial-enrollment-pred,insurance_coverage,0.0301,0.0029,true,34522,2026-06-10T14:00:00Z
mlflow://experiment-3/clinical-trial-enrollment-pred,demographics_match,0.0272,0.0053,true,33341,2026-06-10T14:00:00Z
mlflow://experiment-3/clinical-trial-enrollment-pred,referral_network,0.0288,0.0021,true,21989,2026-06-10T14:00:00Z
mlflow://experiment-3/clinical-trial-enrollment-pred,seasonal_factor,0.0282,0.0074,true,21019,2026-06-10T14:00:00Z
mlflow://experiment-3/clinical-trial-enrollment-pred,site_capacity,0.0236,0.0052,true,27575,2026-06-13T14:00:00Z
mlflow://experiment-3/clinical-trial-enrollment-pred,protocol_complexity,0.0308,0.0058,true,21774,2026-06-13T14:00:00Z
mlflow://experiment-3/clinical-trial-enrollment-pred,disease_prevalence,0.0255,0.0045,true,16516,2026-06-13T14:00:00Z
mlflow://experiment-3/clinical-trial-enrollment-pred,competition_score,0.0204,0.0034,true,32179,2026-06-13T14:00:00Z
mlflow://experiment-3/clinical-trial-enrollment-pred,pi_experience,0.0252,0.0044,true,22049,2026-06-13T14:00:00Z
mlflow://experiment-3/clinical-trial-enrollment-pred,geo_distance,0.0271,0.0045,true,21773,2026-06-13T14:00:00Z
mlflow://experiment-3/clinical-trial-enrollment-pred,insurance_coverage,0.0206,0.007,true,49135,2026-06-13T14:00:00Z
mlflow://experiment-3/clinical-trial-enrollment-pred,demographics_match,0.0184,0.0046,true,38025,2026-06-13T14:00:00Z
mlflow://experiment-3/clinical-trial-enrollment-pred,referral_network,0.0321,0.0062,true,18929,2026-06-13T14:00:00Z
mlflow://experiment-3/clinical-trial-enrollment-pred,seasonal_factor,0.0311,0.0074,true,11652,2026-06-13T14:00:00Z
mlflow://experiment-3/clinical-trial-enrollment-pred,site_capacity,0.0339,0.0034,true,42314,2026-06-16T14:00:00Z
mlflow://experiment-3/clinical-trial-enrollment-pred,protocol_complexity,0.0229,0.0057,true,45067,2026-06-16T14:00:00Z
mlflow://experiment-3/clinical-trial-enrollment-pred,disease_prevalence,0.0293,0.0078,true,24499,2026-06-16T14:00:00Z
mlflow://experiment-3/clinical-trial-enrollment-pred,competition_score,0.0402,0.0049,true,36102,2026-06-16T14:00:00Z
mlflow://experiment-3/clinical-trial-enrollment-pred,pi_experience,0.0256,0.0051,true,8536,2026-06-16T14:00:00Z
mlflow://experiment-3/clinical-trial-enrollment-pred,geo_distance,0.0292,0.0031,true,17355,2026-06-16T14:00:00Z
mlflow://experiment-3/clinical-trial-enrollment-pred,insurance_coverage,0.033,0.0041,true,41218,2026-06-16T14:00:00Z
mlflow://experiment-3/clinical-trial-enrollment-pred,demographics_match,0.0297,0.0043,true,49763,2026-06-16T14:00:00Z
mlflow://experiment-3/clinical-trial-enrollment-pred,referral_network,0.0344,0.005,true,28556,2026-06-16T14:00:00Z
mlflow://experiment-3/clinical-trial-enrollment-pred,seasonal_factor,0.0346,0.005,true,38199,2026-06-16T14:00:00Z
mlflow://experiment-3/clinical-trial-enrollment-pred,site_capacity,0.0302,0.0064,true,44410,2026-06-19T14:00:00Z
mlflow://experiment-3/clinical-trial-enrollment-pred,protocol_complexity,0.0326,0.0016,true,11321,2026-06-19T14:00:00Z
mlflow://experiment-3/clinical-trial-enrollment-pred,disease_prevalence,0.0289,0.0028,true,42099,2026-06-19T14:00:00Z
mlflow://experiment-3/clinical-trial-enrollment-pred,competition_score,0.0317,0.0008,true,19865,2026-06-19T14:00:00Z
mlflow://experiment-3/clinical-trial-enrollment-pred,pi_experience,0.0345,0.0047,true,36499,2026-06-19T14:00:00Z
mlflow://experiment-3/clinical-trial-enrollment-pred,geo_distance,0.026,0.0063,true,48101,2026-06-19T14:00:00Z
mlflow://experiment-3/clinical-trial-enrollment-pred,insurance_coverage,0.0326,0.004,true,6660,2026-06-19T14:00:00Z
mlflow://experiment-3/clinical-trial-enrollment-pred,demographics_match,0.031,0.0039,true,48327,2026-06-19T14:00:00Z
mlflow://experiment-3/clinical-trial-enrollment-pred,referral_network,0.0258,0.0044,true,46322,2026-06-19T14:00:00Z
mlflow://experiment-3/clinical-trial-enrollment-pred,seasonal_factor,0.0248,0.0053,true,24655,2026-06-19T14:00:00Z
mlflow://experiment-3/clinical-trial-enrollment-pred,site_capacity,0.03,0.0021,true,30274,2026-06-22T14:00:00Z
mlflow://experiment-3/clinical-trial-enrollment-pred,protocol_complexity,0.0317,0.0018,true,27570,2026-06-22T14:00:00Z
mlflow://experiment-3/clinical-trial-enrollment-pred,disease_prevalence,0.0252,0.0046,true,14552,2026-06-22T14:00:00Z
mlflow://experiment-3/clinical-trial-enrollment-pred,competition_score,0.0295,0.0043,true,41045,2026-06-22T14:00:00Z
mlflow://experiment-3/clinical-trial-enrollment-pred,pi_experience,0.0416,0.008,true,15128,2026-06-22T14:00:00Z
mlflow://experiment-3/clinical-trial-enrollment-pred,geo_distance,0.0296,0.0075,true,16411,2026-06-22T14:00:00Z
mlflow://experiment-3/clinical-trial-enrollment-pred,insurance_coverage,0.0241,0.0057,true,39900,2026-06-22T14:00:00Z
mlflow://experiment-3/clinical-trial-enrollment-pred,demographics_match,0.0339,0.01,true,38799,2026-06-22T14:00:00Z
mlflow://experiment-3/clinical-trial-enrollment-pred,referral_network,0.0348,0.0042,true,24064,2026-06-22T14:00:00Z
mlflow://experiment-3/clinical-trial-enrollment-pred,seasonal_factor,0.0297,0.004,true,23781,2026-06-22T14:00:00Z
mlflow://experiment-3/clinical-trial-enrollment-pred,site_capacity,0.0273,0.0046,true,29893,2026-06-25T14:00:00Z
mlflow://experiment-3/clinical-trial-enrollment-pred,protocol_complexity,0.0257,0.0069,true,6714,2026-06-25T14:00:00Z
mlflow://experiment-3/clinical-trial-enrollment-pred,disease_prevalence,0.0319,0.0048,true,42875,2026-06-25T14:00:00Z
mlflow://experiment-3/clinical-trial-enrollment-pred,competition_score,0.0257,0.0017,true,15546,2026-06-25T14:00:00Z
mlflow://experiment-3/clinical-trial-enrollment-pred,pi_experience,0.0325,0.0059,false,31834,2026-06-25T14:00:00Z
mlflow://experiment-3/clinical-trial-enrollment-pred,geo_distance,0.0249,0.0013,true,9604,2026-06-25T14:00:00Z
mlflow://experiment-3/clinical-trial-enrollment-pred,insurance_coverage,0.0304,0,false,46047,2026-06-25T14:00:00Z
mlflow://experiment-3/clinical-trial-enrollment-pred,demographics_match,0.029,0.0062,true,33233,2026-06-25T14:00:00Z
mlflow://experiment-3/clinical-trial-enrollment-pred,referral_network,0.0314,0.0001,true,32813,2026-06-25T14:00:00Z
mlflow://experiment-3/clinical-trial-enrollment-pred,seasonal_factor,0.0298,0.0095,true,33642,2026-06-25T14:00:00Z
mlflow://experiment-3/clinical-trial-enrollment-pred,site_capacity,0.0193,0.0084,true,20601,2026-06-28T14:00:00Z
mlflow://experiment-3/clinical-trial-enrollment-pred,protocol_complexity,0.0349,0.0033,true,33542,2026-06-28T14:00:00Z
mlflow://experiment-3/clinical-trial-enrollment-pred,disease_prevalence,0.0397,0.0042,true,37272,2026-06-28T14:00:00Z
mlflow://experiment-3/clinical-trial-enrollment-pred,competition_score,0.0322,0.0055,true,21752,2026-06-28T14:00:00Z
mlflow://experiment-3/clinical-trial-enrollment-pred,pi_experience,0.0278,0.0035,true,29906,2026-06-28T14:00:00Z
mlflow://experiment-3/clinical-trial-enrollment-pred,geo_distance,0.0229,0.0064,true,7414,2026-06-28T14:00:00Z
mlflow://experiment-3/clinical-trial-enrollment-pred,insurance_coverage,0.0381,0.007,true,43944,2026-06-28T14:00:00Z
mlflow://experiment-3/clinical-trial-enrollment-pred,demographics_match,0.0377,0.0048,true,49451,2026-06-28T14:00:00Z
mlflow://experiment-3/clinical-trial-enrollment-pred,referral_network,0.0318,0.0009,true,23248,2026-06-28T14:00:00Z
mlflow://experiment-3/clinical-trial-enrollment-pred,seasonal_factor,0.031,0.0059,true,8404,2026-06-28T14:00:00Z
mlflow://experiment-3/clinical-trial-enrollment-pred,site_capacity,0.0311,0.0049,true,10704,2026-07-01T14:00:00Z
mlflow://experiment-3/clinical-trial-enrollment-pred,protocol_complexity,0.0374,0.0067,true,18112,2026-07-01T14:00:00Z
mlflow://experiment-3/clinical-trial-enrollment-pred,disease_prevalence,0.036,0.0051,true,48353,2026-07-01T14:00:00Z
mlflow://experiment-3/clinical-trial-enrollment-pred,competition_score,0.0272,0.0061,true,5298,2026-07-01T14:00:00Z
mlflow://experiment-3/clinical-trial-enrollment-pred,pi_experience,0.0347,0.0058,true,24485,2026-07-01T14:00:00Z
mlflow://experiment-3/clinical-trial-enrollment-pred,geo_distance,0.0208,0.0017,true,42013,2026-07-01T14:00:00Z
mlflow://experiment-3/clinical-trial-enrollment-pred,insurance_coverage,0.0307,0.001,true,32654,2026-07-01T14:00:00Z
mlflow://experiment-3/clinical-trial-enrollment-pred,demographics_match,0.0344,0.0036,true,29534,2026-07-01T14:00:00Z
mlflow://experiment-3/clinical-trial-enrollment-pred,referral_network,0.033,0.0059,true,6648,2026-07-01T14:00:00Z
mlflow://experiment-3/clinical-trial-enrollment-pred,seasonal_factor,0.0389,0.0051,true,16343,2026-07-01T14:00:00Z
mlflow://experiment-3/clinical-trial-enrollment-pred,site_capacity,0.037,0.0022,true,24458,2026-07-04T14:00:00Z
mlflow://experiment-3/clinical-trial-enrollment-pred,protocol_complexity,0.0308,0.0053,true,33994,2026-07-04T14:00:00Z
mlflow://experiment-3/clinical-trial-enrollment-pred,disease_prevalence,0.0362,0.0033,true,19384,2026-07-04T14:00:00Z
mlflow://experiment-3/clinical-trial-enrollment-pred,competition_score,0.0218,0.0095,true,29628,2026-07-04T14:00:00Z
mlflow://experiment-3/clinical-trial-enrollment-pred,pi_experience,0.031,0.0053,true,11742,2026-07-04T14:00:00Z
mlflow://experiment-3/clinical-trial-enrollment-pred,geo_distance,0.0198,0.0035,true,12330,2026-07-04T14:00:00Z
mlflow://experiment-3/clinical-trial-enrollment-pred,insurance_coverage,0.0437,0.0045,true,49345,2026-07-04T14:00:00Z
mlflow://experiment-3/clinical-trial-enrollment-pred,demographics_match,0.0317,0.0026,true,36984,2026-07-04T14:00:00Z
mlflow://experiment-3/clinical-trial-enrollment-pred,referral_network,0.0276,0.0061,true,24442,2026-07-04T14:00:00Z
mlflow://experiment-3/clinical-trial-enrollment-pred,seasonal_factor,0.031,0.0045,true,7555,2026-07-04T14:00:00Z
mlflow://experiment-3/clinical-trial-enrollment-pred,site_capacity,0.0232,0.0045,true,29193,2026-07-07T14:00:00Z
mlflow://experiment-3/clinical-trial-enrollment-pred,protocol_complexity,0.0331,0.0031,true,21206,2026-07-07T14:00:00Z
mlflow://experiment-3/clinical-trial-enrollment-pred,disease_prevalence,0.0316,0.0035,true,42423,2026-07-07T14:00:00Z
mlflow://experiment-3/clinical-trial-enrollment-pred,competition_score,0.0282,0.0073,true,22961,2026-07-07T14:00:00Z
mlflow://experiment-3/clinical-trial-enrollment-pred,pi_experience,0.0287,0.0039,true,29175,2026-07-07T14:00:00Z
mlflow://experiment-3/clinical-trial-enrollment-pred,geo_distance,0.0192,0.0014,true,17188,2026-07-07T14:00:00Z
mlflow://experiment-3/clinical-trial-enrollment-pred,insurance_coverage,0.024,0.0063,true,8419,2026-07-07T14:00:00Z
mlflow://experiment-3/clinical-trial-enrollment-pred,demographics_match,0.0255,0.0073,true,29601,2026-07-07T14:00:00Z
mlflow://experiment-3/clinical-trial-enrollment-pred,referral_network,0.0333,0.0023,true,45367,2026-07-07T14:00:00Z
mlflow://experiment-3/clinical-trial-enrollment-pred,seasonal_factor,0.0316,0.0041,true,9677,2026-07-07T14:00:00Z
mlflow://experiment-3/clinical-trial-enrollment-pred,site_capacity,0.0275,0.0036,true,7011,2026-07-10T14:00:00Z
mlflow://experiment-3/clinical-trial-enrollment-pred,protocol_complexity,0.0274,0.0072,true,25533,2026-07-10T14:00:00Z
mlflow://experiment-3/clinical-trial-enrollment-pred,disease_prevalence,0.0297,0.0084,true,8244,2026-07-10T14:00:00Z
mlflow://experiment-3/clinical-trial-enrollment-pred,competition_score,0.033,0.0059,true,9475,2026-07-10T14:00:00Z
mlflow://experiment-3/clinical-trial-enrollment-pred,pi_experience,0.0372,0.0052,true,11742,2026-07-10T14:00:00Z
mlflow://experiment-3/clinical-trial-enrollment-pred,geo_distance,0.0329,0.0013,true,40642,2026-07-10T14:00:00Z
mlflow://experiment-3/clinical-trial-enrollment-pred,insurance_coverage,0.0345,0.0049,true,46486,2026-07-10T14:00:00Z
mlflow://experiment-3/clinical-trial-enrollment-pred,demographics_match,0.0346,0.0058,true,46914,2026-07-10T14:00:00Z
mlflow://experiment-3/clinical-trial-enrollment-pred,referral_network,0.0248,0.0062,true,45622,2026-07-10T14:00:00Z
mlflow://experiment-3/clinical-trial-enrollment-pred,seasonal_factor,0.0266,0.0063,true,43183,2026-07-10T14:00:00Z
mlflow://experiment-3/clinical-trial-enrollment-pred,site_capacity,0.0246,0.0046,true,23504,2026-07-13T14:00:00Z
mlflow://experiment-3/clinical-trial-enrollment-pred,protocol_complexity,0.0275,0.0068,true,45101,2026-07-13T14:00:00Z
mlflow://experiment-3/clinical-trial-enrollment-pred,disease_prevalence,0.0261,0.0076,true,16796,2026-07-13T14:00:00Z
mlflow://experiment-3/clinical-trial-enrollment-pred,competition_score,0.0413,0.0032,true,44354,2026-07-13T14:00:00Z
mlflow://experiment-3/clinical-trial-enrollment-pred,pi_experience,0.0348,0.0035,true,5545,2026-07-13T14:00:00Z
mlflow://experiment-3/clinical-trial-enrollment-pred,geo_distance,0.0335,0.0047,true,10613,2026-07-13T14:00:00Z
mlflow://experiment-3/clinical-trial-enrollment-pred,insurance_coverage,0.0308,0.0035,true,31134,2026-07-13T14:00:00Z
mlflow://experiment-3/clinical-trial-enrollment-pred,demographics_match,0.0326,0.0045,true,6908,2026-07-13T14:00:00Z
mlflow://experiment-3/clinical-trial-enrollment-pred,referral_network,0.0316,0.0051,true,40640,2026-07-13T14:00:00Z
mlflow://experiment-3/clinical-trial-enrollment-pred,seasonal_factor,0.0347,0.0037,true,8358,2026-07-13T14:00:00Z
mlflow://experiment-3/clinical-trial-enrollment-pred,site_capacity,0.0233,0.0025,true,49822,2026-07-16T14:00:00Z
mlflow://experiment-3/clinical-trial-enrollment-pred,protocol_complexity,0.0337,0.0073,true,17175,2026-07-16T14:00:00Z
mlflow://experiment-3/clinical-trial-enrollment-pred,disease_prevalence,0.0299,0.0042,true,7631,2026-07-16T14:00:00Z
mlflow://experiment-3/clinical-trial-enrollment-pred,competition_score,0.0275,0.0034,true,19013,2026-07-16T14:00:00Z
mlflow://experiment-3/clinical-trial-enrollment-pred,pi_experience,0.0291,0.0007,true,32856,2026-07-16T14:00:00Z
mlflow://experiment-3/clinical-trial-enrollment-pred,geo_distance,0.0272,0.0082,true,20333,2026-07-16T14:00:00Z
mlflow://experiment-3/clinical-trial-enrollment-pred,insurance_coverage,0.0288,0.0039,true,20978,2026-07-16T14:00:00Z
mlflow://experiment-3/clinical-trial-enrollment-pred,demographics_match,0.0301,0.0023,true,44538,2026-07-16T14:00:00Z
mlflow://experiment-3/clinical-trial-enrollment-pred,referral_network,0.0337,0.0036,true,39558,2026-07-16T14:00:00Z
mlflow://experiment-3/clinical-trial-enrollment-pred,seasonal_factor,0.0227,0.0014,true,11523,2026-07-16T14:00:00Z
mlflow://experiment-3/clinical-trial-enrollment-pred,site_capacity,0.0327,0.0055,false,48268,2026-07-19T14:00:00Z
mlflow://experiment-3/clinical-trial-enrollment-pred,protocol_complexity,0.0269,0.0053,true,10985,2026-07-19T14:00:00Z
mlflow://experiment-3/clinical-trial-enrollment-pred,disease_prevalence,0.0196,0.0045,true,36553,2026-07-19T14:00:00Z
mlflow://experiment-3/clinical-trial-enrollment-pred,competition_score,0.0307,0.0057,true,48643,2026-07-19T14:00:00Z
mlflow://experiment-3/clinical-trial-enrollment-pred,pi_experience,0.0341,0.0077,true,34488,2026-07-19T14:00:00Z
mlflow://experiment-3/clinical-trial-enrollment-pred,geo_distance,0.0314,0.0066,true,17201,2026-07-19T14:00:00Z
mlflow://experiment-3/clinical-trial-enrollment-pred,insurance_coverage,0.026,0.0079,true,26469,2026-07-19T14:00:00Z
mlflow://experiment-3/clinical-trial-enrollment-pred,demographics_match,0.0305,0.0068,true,12117,2026-07-19T14:00:00Z
mlflow://experiment-3/clinical-trial-enrollment-pred,referral_network,0.0283,0.005,true,5774,2026-07-19T14:00:00Z
mlflow://experiment-3/clinical-trial-enrollment-pred,seasonal_factor,0.0245,0.0056,true,17271,2026-07-19T14:00:00Z
mlflow://experiment-3/clinical-trial-enrollment-pred,site_capacity,0.0291,0.0021,true,13590,2026-07-22T14:00:00Z
mlflow://experiment-3/clinical-trial-enrollment-pred,protocol_complexity,0.0255,0.0032,true,18237,2026-07-22T14:00:00Z
mlflow://experiment-3/clinical-trial-enrollment-pred,disease_prevalence,0.0358,0.0041,true,18807,2026-07-22T14:00:00Z
mlflow://experiment-3/clinical-trial-enrollment-pred,competition_score,0.0269,0.0066,true,49376,2026-07-22T14:00:00Z
mlflow://experiment-3/clinical-trial-enrollment-pred,pi_experience,0.0378,0.0038,true,38774,2026-07-22T14:00:00Z
mlflow://experiment-3/clinical-trial-enrollment-pred,geo_distance,0.0384,0.0026,true,6087,2026-07-22T14:00:00Z
mlflow://experiment-3/clinical-trial-enrollment-pred,insurance_coverage,0.0208,0.0056,true,14152,2026-07-22T14:00:00Z
mlflow://experiment-3/clinical-trial-enrollment-pred,demographics_match,0.0369,0.0092,true,5961,2026-07-22T14:00:00Z
mlflow://experiment-3/clinical-trial-enrollment-pred,referral_network,0.0288,0.0079,true,36688,2026-07-22T14:00:00Z
mlflow://experiment-3/clinical-trial-enrollment-pred,seasonal_factor,0.0241,0.0065,true,47891,2026-07-22T14:00:00Z
mlflow://experiment-3/clinical-trial-enrollment-pred,site_capacity,0.0287,0.0052,true,38653,2026-07-25T14:00:00Z
mlflow://experiment-3/clinical-trial-enrollment-pred,protocol_complexity,0.0294,0.0081,true,34156,2026-07-25T14:00:00Z
mlflow://experiment-3/clinical-trial-enrollment-pred,disease_prevalence,0.0357,0.0077,false,41596,2026-07-25T14:00:00Z
mlflow://experiment-3/clinical-trial-enrollment-pred,competition_score,0.0257,0.0013,true,24984,2026-07-25T14:00:00Z
mlflow://experiment-3/clinical-trial-enrollment-pred,pi_experience,0.0307,0.0019,true,46807,2026-07-25T14:00:00Z
mlflow://experiment-3/clinical-trial-enrollment-pred,geo_distance,0.0425,0.0031,true,35145,2026-07-25T14:00:00Z
mlflow://experiment-3/clinical-trial-enrollment-pred,insurance_coverage,0.0234,0.0036,true,9573,2026-07-25T14:00:00Z
mlflow://experiment-3/clinical-trial-enrollment-pred,demographics_match,0.0297,0.004,true,8007,2026-07-25T14:00:00Z
mlflow://experiment-3/clinical-trial-enrollment-pred,referral_network,0.0246,0.006,true,10472,2026-07-25T14:00:00Z
mlflow://experiment-3/clinical-trial-enrollment-pred,seasonal_factor,0.0378,0.0054,true,26376,2026-07-25T14:00:00Z
mlflow://experiment-3/clinical-trial-enrollment-pred,site_capacity,0.0333,0.0054,true,20946,2026-07-28T14:00:00Z
mlflow://experiment-3/clinical-trial-enrollment-pred,protocol_complexity,0.0302,0.0094,true,12382,2026-07-28T14:00:00Z
mlflow://experiment-3/clinical-trial-enrollment-pred,disease_prevalence,0.0269,0.0022,true,36364,2026-07-28T14:00:00Z
mlflow://experiment-3/clinical-trial-enrollment-pred,competition_score,0.0355,0.001,true,28191,2026-07-28T14:00:00Z
mlflow://experiment-3/clinical-trial-enrollment-pred,pi_experience,0.0263,0.0041,true,32033,2026-07-28T14:00:00Z
mlflow://experiment-3/clinical-trial-enrollment-pred,geo_distance,0.025,0.0055,true,20802,2026-07-28T14:00:00Z
mlflow://experiment-3/clinical-trial-enrollment-pred,insurance_coverage,0.0272,0.0066,true,33375,2026-07-28T14:00:00Z
mlflow://experiment-3/clinical-trial-enrollment-pred,demographics_match,0.0303,0.005,true,20484,2026-07-28T14:00:00Z
mlflow://experiment-3/clinical-trial-enrollment-pred,referral_network,0.0296,0.0054,true,44902,2026-07-28T14:00:00Z
mlflow://experiment-3/clinical-trial-enrollment-pred,seasonal_factor,0.0324,0.0078,true,38918,2026-07-28T14:00:00Z
mlflow://experiment-4/disease-progression-forecaster,baseline_severity,0.0375,0.004,true,5923,2026-05-02T14:00:00Z
mlflow://experiment-4/disease-progression-forecaster,biomarker_trend,0.0306,0.0082,true,9570,2026-05-02T14:00:00Z
mlflow://experiment-4/disease-progression-forecaster,treatment_adherence,0.0308,0.0063,true,46312,2026-05-02T14:00:00Z
mlflow://experiment-4/disease-progression-forecaster,comorbidity_count,0.0301,0.0059,false,42704,2026-05-02T14:00:00Z
mlflow://experiment-4/disease-progression-forecaster,age,0.0268,0.0032,true,41542,2026-05-02T14:00:00Z
mlflow://experiment-4/disease-progression-forecaster,bmi,0.0327,0.0033,true,28261,2026-05-02T14:00:00Z
mlflow://experiment-4/disease-progression-forecaster,activity_level,0.028,0.0026,true,10992,2026-05-02T14:00:00Z
mlflow://experiment-4/disease-progression-forecaster,genetic_risk,0.0254,0.0051,true,7471,2026-05-02T14:00:00Z
mlflow://experiment-4/disease-progression-forecaster,environmental_exposure,0.0246,0.0057,true,41753,2026-05-02T14:00:00Z
mlflow://experiment-4/disease-progression-forecaster,social_support,0.0404,0.0047,true,18894,2026-05-02T14:00:00Z
mlflow://experiment-4/disease-progression-forecaster,baseline_severity,0.033,0.0019,true,11117,2026-05-05T14:00:00Z
mlflow://experiment-4/disease-progression-forecaster,biomarker_trend,0.0277,0.0055,true,7444,2026-05-05T14:00:00Z
mlflow://experiment-4/disease-progression-forecaster,treatment_adherence,0.0198,0.0072,true,15854,2026-05-05T14:00:00Z
mlflow://experiment-4/disease-progression-forecaster,comorbidity_count,0.0252,0.0036,true,13456,2026-05-05T14:00:00Z
mlflow://experiment-4/disease-progression-forecaster,age,0.0267,0.0025,true,38008,2026-05-05T14:00:00Z
mlflow://experiment-4/disease-progression-forecaster,bmi,0.0257,0.0037,true,34688,2026-05-05T14:00:00Z
mlflow://experiment-4/disease-progression-forecaster,activity_level,0.0302,0.0046,true,16287,2026-05-05T14:00:00Z
mlflow://experiment-4/disease-progression-forecaster,genetic_risk,0.0313,0.0041,true,38517,2026-05-05T14:00:00Z
mlflow://experiment-4/disease-progression-forecaster,environmental_exposure,0.0344,0.0052,true,19602,2026-05-05T14:00:00Z
mlflow://experiment-4/disease-progression-forecaster,social_support,0.03,0.0064,true,39523,2026-05-05T14:00:00Z
mlflow://experiment-4/disease-progression-forecaster,baseline_severity,0.0219,0.0033,true,21094,2026-05-08T14:00:00Z
mlflow://experiment-4/disease-progression-forecaster,biomarker_trend,0.0305,0.0064,true,32508,2026-05-08T14:00:00Z
mlflow://experiment-4/disease-progression-forecaster,treatment_adherence,0.0302,0.0066,true,7292,2026-05-08T14:00:00Z
mlflow://experiment-4/disease-progression-forecaster,comorbidity_count,0.0343,0.0045,true,20030,2026-05-08T14:00:00Z
mlflow://experiment-4/disease-progression-forecaster,age,0.0151,0.0076,true,35008,2026-05-08T14:00:00Z
mlflow://experiment-4/disease-progression-forecaster,bmi,0.027,0.0035,true,36836,2026-05-08T14:00:00Z
mlflow://experiment-4/disease-progression-forecaster,activity_level,0.0243,0.0065,true,20172,2026-05-08T14:00:00Z
mlflow://experiment-4/disease-progression-forecaster,genetic_risk,0.0294,0.0058,true,5514,2026-05-08T14:00:00Z
mlflow://experiment-4/disease-progression-forecaster,environmental_exposure,0.0293,0.0053,true,45367,2026-05-08T14:00:00Z
mlflow://experiment-4/disease-progression-forecaster,social_support,0.0358,0.0057,true,9582,2026-05-08T14:00:00Z
mlflow://experiment-4/disease-progression-forecaster,baseline_severity,0.0294,0.0052,true,39609,2026-05-11T14:00:00Z
mlflow://experiment-4/disease-progression-forecaster,biomarker_trend,0.029,0.0021,true,45127,2026-05-11T14:00:00Z
mlflow://experiment-4/disease-progression-forecaster,treatment_adherence,0.0271,0.0029,true,35274,2026-05-11T14:00:00Z
mlflow://experiment-4/disease-progression-forecaster,comorbidity_count,0.0358,0.0086,true,17281,2026-05-11T14:00:00Z
mlflow://experiment-4/disease-progression-forecaster,age,0.0369,0.0034,true,46140,2026-05-11T14:00:00Z
mlflow://experiment-4/disease-progression-forecaster,bmi,0.0291,0.0016,true,29040,2026-05-11T14:00:00Z
mlflow://experiment-4/disease-progression-forecaster,activity_level,0.0282,0.0038,false,48170,2026-05-11T14:00:00Z
mlflow://experiment-4/disease-progression-forecaster,genetic_risk,0.0319,0.0033,true,8347,2026-05-11T14:00:00Z
mlflow://experiment-4/disease-progression-forecaster,environmental_exposure,0.0287,0.0066,true,22494,2026-05-11T14:00:00Z
mlflow://experiment-4/disease-progression-forecaster,social_support,0.0312,0.0088,true,11091,2026-05-11T14:00:00Z
mlflow://experiment-4/disease-progression-forecaster,baseline_severity,0.0257,0.0062,true,31561,2026-05-14T14:00:00Z
mlflow://experiment-4/disease-progression-forecaster,biomarker_trend,0.0263,0.0047,true,17340,2026-05-14T14:00:00Z
mlflow://experiment-4/disease-progression-forecaster,treatment_adherence,0.0412,0.0057,true,35357,2026-05-14T14:00:00Z
mlflow://experiment-4/disease-progression-forecaster,comorbidity_count,0.028,0.0077,true,48699,2026-05-14T14:00:00Z
mlflow://experiment-4/disease-progression-forecaster,age,0.0306,0.0012,true,23314,2026-05-14T14:00:00Z
mlflow://experiment-4/disease-progression-forecaster,bmi,0.027,0.0057,true,45480,2026-05-14T14:00:00Z
mlflow://experiment-4/disease-progression-forecaster,activity_level,0.0331,0.0049,true,31989,2026-05-14T14:00:00Z
mlflow://experiment-4/disease-progression-forecaster,genetic_risk,0.0327,0.0023,true,41162,2026-05-14T14:00:00Z
mlflow://experiment-4/disease-progression-forecaster,environmental_exposure,0.0265,0.0067,true,49875,2026-05-14T14:00:00Z
mlflow://experiment-4/disease-progression-forecaster,social_support,0.0319,0.0045,true,22715,2026-05-14T14:00:00Z
mlflow://experiment-4/disease-progression-forecaster,baseline_severity,0.0252,0.0042,true,33103,2026-05-17T14:00:00Z
mlflow://experiment-4/disease-progression-forecaster,biomarker_trend,0.0251,0.004,true,37180,2026-05-17T14:00:00Z
mlflow://experiment-4/disease-progression-forecaster,treatment_adherence,0.0345,0.0044,true,20008,2026-05-17T14:00:00Z
mlflow://experiment-4/disease-progression-forecaster,comorbidity_count,0.0278,0.004,true,36442,2026-05-17T14:00:00Z
mlflow://experiment-4/disease-progression-forecaster,age,0.0339,0.0061,true,24433,2026-05-17T14:00:00Z
mlflow://experiment-4/disease-progression-forecaster,bmi,0.033,0.0024,true,7810,2026-05-17T14:00:00Z
mlflow://experiment-4/disease-progression-forecaster,activity_level,0.0319,0.007,true,23233,2026-05-17T14:00:00Z
mlflow://experiment-4/disease-progression-forecaster,genetic_risk,0.0258,0.0034,true,31309,2026-05-17T14:00:00Z
mlflow://experiment-4/disease-progression-forecaster,environmental_exposure,0.0338,0.0079,true,24049,2026-05-17T14:00:00Z
mlflow://experiment-4/disease-progression-forecaster,social_support,0.0327,0.002,true,37066,2026-05-17T14:00:00Z
mlflow://experiment-4/disease-progression-forecaster,baseline_severity,0.0301,0.004,true,15281,2026-05-20T14:00:00Z
mlflow://experiment-4/disease-progression-forecaster,biomarker_trend,0.0364,0.0041,true,46792,2026-05-20T14:00:00Z
mlflow://experiment-4/disease-progression-forecaster,treatment_adherence,0.0319,0.008,true,9256,2026-05-20T14:00:00Z
mlflow://experiment-4/disease-progression-forecaster,comorbidity_count,0.0327,0.0067,true,8473,2026-05-20T14:00:00Z
mlflow://experiment-4/disease-progression-forecaster,age,0.0333,0.0059,true,28388,2026-05-20T14:00:00Z
mlflow://experiment-4/disease-progression-forecaster,bmi,0.0282,0.0039,true,46098,2026-05-20T14:00:00Z
mlflow://experiment-4/disease-progression-forecaster,activity_level,0.0247,0.0089,true,40545,2026-05-20T14:00:00Z
mlflow://experiment-4/disease-progression-forecaster,genetic_risk,0.0233,0.0012,true,39412,2026-05-20T14:00:00Z
mlflow://experiment-4/disease-progression-forecaster,environmental_exposure,0.0279,0.0041,true,49996,2026-05-20T14:00:00Z
mlflow://experiment-4/disease-progression-forecaster,social_support,0.0367,0.0067,true,9463,2026-05-20T14:00:00Z
mlflow://experiment-4/disease-progression-forecaster,baseline_severity,0.0283,0.0078,true,14467,2026-05-23T14:00:00Z
mlflow://experiment-4/disease-progression-forecaster,biomarker_trend,0.0448,0,true,45640,2026-05-23T14:00:00Z
mlflow://experiment-4/disease-progression-forecaster,treatment_adherence,0.0211,0.0081,true,12853,2026-05-23T14:00:00Z
mlflow://experiment-4/disease-progression-forecaster,comorbidity_count,0.0343,0.0038,true,25503,2026-05-23T14:00:00Z
mlflow://experiment-4/disease-progression-forecaster,age,0.0305,0.0064,true,33218,2026-05-23T14:00:00Z
mlflow://experiment-4/disease-progression-forecaster,bmi,0.0232,0.0013,true,48230,2026-05-23T14:00:00Z
mlflow://experiment-4/disease-progression-forecaster,activity_level,0.0334,0.003,true,34761,2026-05-23T14:00:00Z
mlflow://experiment-4/disease-progression-forecaster,genetic_risk,0.0272,0.0034,true,41478,2026-05-23T14:00:00Z
mlflow://experiment-4/disease-progression-forecaster,environmental_exposure,0.0325,0.0033,true,47045,2026-05-23T14:00:00Z
mlflow://experiment-4/disease-progression-forecaster,social_support,0.0333,0.004,true,34140,2026-05-23T14:00:00Z
mlflow://experiment-4/disease-progression-forecaster,baseline_severity,0.0261,0.0088,true,39190,2026-05-26T14:00:00Z
mlflow://experiment-4/disease-progression-forecaster,biomarker_trend,0.0253,0.0033,true,38993,2026-05-26T14:00:00Z
mlflow://experiment-4/disease-progression-forecaster,treatment_adherence,0.0261,0.007,true,33407,2026-05-26T14:00:00Z
mlflow://experiment-4/disease-progression-forecaster,comorbidity_count,0.0263,0.0057,true,34871,2026-05-26T14:00:00Z
mlflow://experiment-4/disease-progression-forecaster,age,0.0354,0.0048,true,34021,2026-05-26T14:00:00Z
mlflow://experiment-4/disease-progression-forecaster,bmi,0.0354,0.0048,true,39006,2026-05-26T14:00:00Z
mlflow://experiment-4/disease-progression-forecaster,activity_level,0.0271,0.0066,true,48091,2026-05-26T14:00:00Z
mlflow://experiment-4/disease-progression-forecaster,genetic_risk,0.0333,0.0048,true,36663,2026-05-26T14:00:00Z
mlflow://experiment-4/disease-progression-forecaster,environmental_exposure,0.0265,0.0046,true,46284,2026-05-26T14:00:00Z
mlflow://experiment-4/disease-progression-forecaster,social_support,0.0275,0.0072,true,6892,2026-05-26T14:00:00Z
mlflow://experiment-4/disease-progression-forecaster,baseline_severity,0.0192,0.0022,true,26096,2026-05-29T14:00:00Z
mlflow://experiment-4/disease-progression-forecaster,biomarker_trend,0.0308,0.0045,true,23262,2026-05-29T14:00:00Z
mlflow://experiment-4/disease-progression-forecaster,treatment_adherence,0.025,0.0063,true,23330,2026-05-29T14:00:00Z
mlflow://experiment-4/disease-progression-forecaster,comorbidity_count,0.032,0.0025,true,13454,2026-05-29T14:00:00Z
mlflow://experiment-4/disease-progression-forecaster,age,0.0394,0.0052,true,49769,2026-05-29T14:00:00Z
mlflow://experiment-4/disease-progression-forecaster,bmi,0.0392,0.0061,true,39118,2026-05-29T14:00:00Z
mlflow://experiment-4/disease-progression-forecaster,activity_level,0.0315,0.0073,true,27403,2026-05-29T14:00:00Z
mlflow://experiment-4/disease-progression-forecaster,genetic_risk,0.0378,0.0047,true,19359,2026-05-29T14:00:00Z
mlflow://experiment-4/disease-progression-forecaster,environmental_exposure,0.0224,0.0041,true,8992,2026-05-29T14:00:00Z
mlflow://experiment-4/disease-progression-forecaster,social_support,0.0359,0.0093,true,49075,2026-05-29T14:00:00Z
mlflow://experiment-4/disease-progression-forecaster,baseline_severity,0.034,0.0023,true,7336,2026-06-01T14:00:00Z
mlflow://experiment-4/disease-progression-forecaster,biomarker_trend,0.0248,0.0046,true,9907,2026-06-01T14:00:00Z
mlflow://experiment-4/disease-progression-forecaster,treatment_adherence,0.0314,0.0039,true,48090,2026-06-01T14:00:00Z
mlflow://experiment-4/disease-progression-forecaster,comorbidity_count,0.0333,0.0052,true,23525,2026-06-01T14:00:00Z
mlflow://experiment-4/disease-progression-forecaster,age,0.0221,0.004,true,13877,2026-06-01T14:00:00Z
mlflow://experiment-4/disease-progression-forecaster,bmi,0.0286,0.003,true,47402,2026-06-01T14:00:00Z
mlflow://experiment-4/disease-progression-forecaster,activity_level,0.0318,0.0049,true,36366,2026-06-01T14:00:00Z
mlflow://experiment-4/disease-progression-forecaster,genetic_risk,0.0281,0.0041,true,45187,2026-06-01T14:00:00Z
mlflow://experiment-4/disease-progression-forecaster,environmental_exposure,0.0317,0.0083,true,20371,2026-06-01T14:00:00Z
mlflow://experiment-4/disease-progression-forecaster,social_support,0.0365,0.0052,true,19856,2026-06-01T14:00:00Z
mlflow://experiment-4/disease-progression-forecaster,baseline_severity,0.0274,0.0038,true,34955,2026-06-04T14:00:00Z
mlflow://experiment-4/disease-progression-forecaster,biomarker_trend,0.0448,0.0023,true,10228,2026-06-04T14:00:00Z
mlflow://experiment-4/disease-progression-forecaster,treatment_adherence,0.0259,0.0059,true,28929,2026-06-04T14:00:00Z
mlflow://experiment-4/disease-progression-forecaster,comorbidity_count,0.0294,0.0059,true,5873,2026-06-04T14:00:00Z
mlflow://experiment-4/disease-progression-forecaster,age,0.0337,0.0044,true,12923,2026-06-04T14:00:00Z
mlflow://experiment-4/disease-progression-forecaster,bmi,0.0285,0.0012,true,40260,2026-06-04T14:00:00Z
mlflow://experiment-4/disease-progression-forecaster,activity_level,0.0311,0.0049,true,7266,2026-06-04T14:00:00Z
mlflow://experiment-4/disease-progression-forecaster,genetic_risk,0.0309,0.0034,true,10957,2026-06-04T14:00:00Z
mlflow://experiment-4/disease-progression-forecaster,environmental_exposure,0.0249,0.0044,true,44839,2026-06-04T14:00:00Z
mlflow://experiment-4/disease-progression-forecaster,social_support,0.032,0.0061,true,35947,2026-06-04T14:00:00Z
mlflow://experiment-4/disease-progression-forecaster,baseline_severity,0.0236,0.0087,true,27611,2026-06-07T14:00:00Z
mlflow://experiment-4/disease-progression-forecaster,biomarker_trend,0.0291,0.0092,true,10929,2026-06-07T14:00:00Z
mlflow://experiment-4/disease-progression-forecaster,treatment_adherence,0.0217,0.004,true,31122,2026-06-07T14:00:00Z
mlflow://experiment-4/disease-progression-forecaster,comorbidity_count,0.0327,0.0046,true,27156,2026-06-07T14:00:00Z
mlflow://experiment-4/disease-progression-forecaster,age,0.0374,0.004,true,42674,2026-06-07T14:00:00Z
mlflow://experiment-4/disease-progression-forecaster,bmi,0.0267,0.0024,true,15486,2026-06-07T14:00:00Z
mlflow://experiment-4/disease-progression-forecaster,activity_level,0.0355,0.0036,true,46400,2026-06-07T14:00:00Z
mlflow://experiment-4/disease-progression-forecaster,genetic_risk,0.0296,0.0038,true,16155,2026-06-07T14:00:00Z
mlflow://experiment-4/disease-progression-forecaster,environmental_exposure,0.0251,0.0016,true,35808,2026-06-07T14:00:00Z
mlflow://experiment-4/disease-progression-forecaster,social_support,0.0267,0.0086,true,18217,2026-06-07T14:00:00Z
mlflow://experiment-4/disease-progression-forecaster,baseline_severity,0.028,0.0068,true,23934,2026-06-10T14:00:00Z
mlflow://experiment-4/disease-progression-forecaster,biomarker_trend,0.0274,0.0054,true,12706,2026-06-10T14:00:00Z
mlflow://experiment-4/disease-progression-forecaster,treatment_adherence,0.0323,0.0059,true,8408,2026-06-10T14:00:00Z
mlflow://experiment-4/disease-progression-forecaster,comorbidity_count,0.0315,0.0017,true,36464,2026-06-10T14:00:00Z
mlflow://experiment-4/disease-progression-forecaster,age,0.0334,0.0068,true,42432,2026-06-10T14:00:00Z
mlflow://experiment-4/disease-progression-forecaster,bmi,0.0259,0.0049,false,42920,2026-06-10T14:00:00Z
mlflow://experiment-4/disease-progression-forecaster,activity_level,0.0235,0.0019,false,7618,2026-06-10T14:00:00Z
mlflow://experiment-4/disease-progression-forecaster,genetic_risk,0.0313,0.0048,true,44931,2026-06-10T14:00:00Z
mlflow://experiment-4/disease-progression-forecaster,environmental_exposure,0.0264,0.0056,true,5096,2026-06-10T14:00:00Z
mlflow://experiment-4/disease-progression-forecaster,social_support,0.0313,0.0062,true,33095,2026-06-10T14:00:00Z
mlflow://experiment-4/disease-progression-forecaster,baseline_severity,0.0347,0.0048,true,6951,2026-06-13T14:00:00Z
mlflow://experiment-4/disease-progression-forecaster,biomarker_trend,0.0397,0.0045,true,47506,2026-06-13T14:00:00Z
mlflow://experiment-4/disease-progression-forecaster,treatment_adherence,0.0258,0.0094,true,15060,2026-06-13T14:00:00Z
mlflow://experiment-4/disease-progression-forecaster,comorbidity_count,0.0366,0.0045,true,41565,2026-06-13T14:00:00Z
mlflow://experiment-4/disease-progression-forecaster,age,0.0309,0.0034,true,7509,2026-06-13T14:00:00Z
mlflow://experiment-4/disease-progression-forecaster,bmi,0.0324,0.006,true,12004,2026-06-13T14:00:00Z
mlflow://experiment-4/disease-progression-forecaster,activity_level,0.0246,0.0035,true,9896,2026-06-13T14:00:00Z
mlflow://experiment-4/disease-progression-forecaster,genetic_risk,0.0314,0.0051,true,13507,2026-06-13T14:00:00Z
mlflow://experiment-4/disease-progression-forecaster,environmental_exposure,0.0385,0.0038,true,48326,2026-06-13T14:00:00Z
mlflow://experiment-4/disease-progression-forecaster,social_support,0.0366,0.0043,true,18475,2026-06-13T14:00:00Z
mlflow://experiment-4/disease-progression-forecaster,baseline_severity,0.0322,0.0051,true,30122,2026-06-16T14:00:00Z
mlflow://experiment-4/disease-progression-forecaster,biomarker_trend,0.0385,0.0052,true,38585,2026-06-16T14:00:00Z
mlflow://experiment-4/disease-progression-forecaster,treatment_adherence,0.0242,0.0035,true,40015,2026-06-16T14:00:00Z
mlflow://experiment-4/disease-progression-forecaster,comorbidity_count,0.0284,0.0035,false,19137,2026-06-16T14:00:00Z
mlflow://experiment-4/disease-progression-forecaster,age,0.0196,0.0064,true,28060,2026-06-16T14:00:00Z
mlflow://experiment-4/disease-progression-forecaster,bmi,0.0327,0.0084,true,5309,2026-06-16T14:00:00Z
mlflow://experiment-4/disease-progression-forecaster,activity_level,0.0315,0.0039,true,12392,2026-06-16T14:00:00Z
mlflow://experiment-4/disease-progression-forecaster,genetic_risk,0.0247,0.0064,true,20822,2026-06-16T14:00:00Z
mlflow://experiment-4/disease-progression-forecaster,environmental_exposure,0.0259,0.0064,true,11995,2026-06-16T14:00:00Z
mlflow://experiment-4/disease-progression-forecaster,social_support,0.0299,0.0062,true,12051,2026-06-16T14:00:00Z
mlflow://experiment-4/disease-progression-forecaster,baseline_severity,0.0311,0.007,true,14036,2026-06-19T14:00:00Z
mlflow://experiment-4/disease-progression-forecaster,biomarker_trend,0.0345,0.0065,true,6487,2026-06-19T14:00:00Z
mlflow://experiment-4/disease-progression-forecaster,treatment_adherence,0.0333,0.0011,true,44461,2026-06-19T14:00:00Z
mlflow://experiment-4/disease-progression-forecaster,comorbidity_count,0.0252,0.0045,true,47016,2026-06-19T14:00:00Z
mlflow://experiment-4/disease-progression-forecaster,age,0.0369,0.0054,true,30618,2026-06-19T14:00:00Z
mlflow://experiment-4/disease-progression-forecaster,bmi,0.0348,0.0027,true,12403,2026-06-19T14:00:00Z
mlflow://experiment-4/disease-progression-forecaster,activity_level,0.0258,0.0071,true,20333,2026-06-19T14:00:00Z
mlflow://experiment-4/disease-progression-forecaster,genetic_risk,0.0305,0.0038,true,14675,2026-06-19T14:00:00Z
mlflow://experiment-4/disease-progression-forecaster,environmental_exposure,0.0296,0.0044,true,15866,2026-06-19T14:00:00Z
mlflow://experiment-4/disease-progression-forecaster,social_support,0.0269,0.0058,true,26355,2026-06-19T14:00:00Z
mlflow://experiment-4/disease-progression-forecaster,baseline_severity,0.0344,0.0026,true,7433,2026-06-22T14:00:00Z
mlflow://experiment-4/disease-progression-forecaster,biomarker_trend,0.0172,0.0045,true,6843,2026-06-22T14:00:00Z
mlflow://experiment-4/disease-progression-forecaster,treatment_adherence,0.0323,0.0021,true,46276,2026-06-22T14:00:00Z
mlflow://experiment-4/disease-progression-forecaster,comorbidity_count,0.0201,0.0061,true,45418,2026-06-22T14:00:00Z
mlflow://experiment-4/disease-progression-forecaster,age,0.0254,0.0017,true,33920,2026-06-22T14:00:00Z
mlflow://experiment-4/disease-progression-forecaster,bmi,0.0358,0.0027,true,35487,2026-06-22T14:00:00Z
mlflow://experiment-4/disease-progression-forecaster,activity_level,0.0301,0.0017,true,17432,2026-06-22T14:00:00Z
mlflow://experiment-4/disease-progression-forecaster,genetic_risk,0.0275,0.0065,true,37941,2026-06-22T14:00:00Z
mlflow://experiment-4/disease-progression-forecaster,environmental_exposure,0.0252,0.0056,false,7582,2026-06-22T14:00:00Z
mlflow://experiment-4/disease-progression-forecaster,social_support,0.0357,0.0034,true,26928,2026-06-22T14:00:00Z
mlflow://experiment-4/disease-progression-forecaster,baseline_severity,0.0333,0.0027,true,28185,2026-06-25T14:00:00Z
mlflow://experiment-4/disease-progression-forecaster,biomarker_trend,0.0328,0.0028,true,20885,2026-06-25T14:00:00Z
mlflow://experiment-4/disease-progression-forecaster,treatment_adherence,0.0322,0.0018,true,33281,2026-06-25T14:00:00Z
mlflow://experiment-4/disease-progression-forecaster,comorbidity_count,0.0357,0.005,true,37392,2026-06-25T14:00:00Z
mlflow://experiment-4/disease-progression-forecaster,age,0.0235,0.0052,true,10036,2026-06-25T14:00:00Z
mlflow://experiment-4/disease-progression-forecaster,bmi,0.0297,0.0066,true,21867,2026-06-25T14:00:00Z
mlflow://experiment-4/disease-progression-forecaster,activity_level,0.0204,0.0057,false,28169,2026-06-25T14:00:00Z
mlflow://experiment-4/disease-progression-forecaster,genetic_risk,0.0361,0.0055,true,5414,2026-06-25T14:00:00Z
mlflow://experiment-4/disease-progression-forecaster,environmental_exposure,0.0285,0.0069,true,29304,2026-06-25T14:00:00Z
mlflow://experiment-4/disease-progression-forecaster,social_support,0.0303,0.0042,true,47772,2026-06-25T14:00:00Z
mlflow://experiment-4/disease-progression-forecaster,baseline_severity,0.0263,0.0063,true,26519,2026-06-28T14:00:00Z
mlflow://experiment-4/disease-progression-forecaster,biomarker_trend,0.0274,0.0037,true,9144,2026-06-28T14:00:00Z
mlflow://experiment-4/disease-progression-forecaster,treatment_adherence,0.0324,0.0072,true,19322,2026-06-28T14:00:00Z
mlflow://experiment-4/disease-progression-forecaster,comorbidity_count,0.0299,0.008,true,6847,2026-06-28T14:00:00Z
mlflow://experiment-4/disease-progression-forecaster,age,0.0233,0.007,true,17249,2026-06-28T14:00:00Z
mlflow://experiment-4/disease-progression-forecaster,bmi,0.0335,0.0054,true,12705,2026-06-28T14:00:00Z
mlflow://experiment-4/disease-progression-forecaster,activity_level,0.0244,0.0069,true,48714,2026-06-28T14:00:00Z
mlflow://experiment-4/disease-progression-forecaster,genetic_risk,0.0289,0.0051,true,22107,2026-06-28T14:00:00Z
mlflow://experiment-4/disease-progression-forecaster,environmental_exposure,0.0228,0.0041,true,17461,2026-06-28T14:00:00Z
mlflow://experiment-4/disease-progression-forecaster,social_support,0.0255,0.0051,true,17041,2026-06-28T14:00:00Z
mlflow://experiment-4/disease-progression-forecaster,baseline_severity,0.0247,0.0028,true,49611,2026-07-01T14:00:00Z
mlflow://experiment-4/disease-progression-forecaster,biomarker_trend,0.0403,0.0049,true,20846,2026-07-01T14:00:00Z
mlflow://experiment-4/disease-progression-forecaster,treatment_adherence,0.0295,0.0081,true,41705,2026-07-01T14:00:00Z
mlflow://experiment-4/disease-progression-forecaster,comorbidity_count,0.0258,0.0043,true,24068,2026-07-01T14:00:00Z
mlflow://experiment-4/disease-progression-forecaster,age,0.0291,0.0051,true,25153,2026-07-01T14:00:00Z
mlflow://experiment-4/disease-progression-forecaster,bmi,0.0332,0.0065,true,20343,2026-07-01T14:00:00Z
mlflow://experiment-4/disease-progression-forecaster,activity_level,0.027,0.0045,true,46309,2026-07-01T14:00:00Z
mlflow://experiment-4/disease-progression-forecaster,genetic_risk,0.0329,0.0092,true,43188,2026-07-01T14:00:00Z
mlflow://experiment-4/disease-progression-forecaster,environmental_exposure,0.0354,0.0037,true,46286,2026-07-01T14:00:00Z
mlflow://experiment-4/disease-progression-forecaster,social_support,0.0357,0.0041,true,15104,2026-07-01T14:00:00Z
mlflow://experiment-4/disease-progression-forecaster,baseline_severity,0.03,0.0025,true,11463,2026-07-04T14:00:00Z
mlflow://experiment-4/disease-progression-forecaster,biomarker_trend,0.0285,0.0048,true,27032,2026-07-04T14:00:00Z
mlflow://experiment-4/disease-progression-forecaster,treatment_adherence,0.0287,0.0043,true,46904,2026-07-04T14:00:00Z
mlflow://experiment-4/disease-progression-forecaster,comorbidity_count,0.0289,0.0024,true,24936,2026-07-04T14:00:00Z
mlflow://experiment-4/disease-progression-forecaster,age,0.0385,0.0041,true,38407,2026-07-04T14:00:00Z
mlflow://experiment-4/disease-progression-forecaster,bmi,0.0396,0.006,true,6199,2026-07-04T14:00:00Z
mlflow://experiment-4/disease-progression-forecaster,activity_level,0.0332,0.0057,true,39221,2026-07-04T14:00:00Z
mlflow://experiment-4/disease-progression-forecaster,genetic_risk,0.0342,0.0012,true,34081,2026-07-04T14:00:00Z
mlflow://experiment-4/disease-progression-forecaster,environmental_exposure,0.0263,0.006,true,22535,2026-07-04T14:00:00Z
mlflow://experiment-4/disease-progression-forecaster,social_support,0.0394,0.0078,false,28522,2026-07-04T14:00:00Z
mlflow://experiment-4/disease-progression-forecaster,baseline_severity,0.0426,0.0043,true,15318,2026-07-07T14:00:00Z
mlflow://experiment-4/disease-progression-forecaster,biomarker_trend,0.0321,0.0051,true,45091,2026-07-07T14:00:00Z
mlflow://experiment-4/disease-progression-forecaster,treatment_adherence,0.0252,0.0076,true,20571,2026-07-07T14:00:00Z
mlflow://experiment-4/disease-progression-forecaster,comorbidity_count,0.0354,0.006,true,28641,2026-07-07T14:00:00Z
mlflow://experiment-4/disease-progression-forecaster,age,0.0264,0.0084,true,12972,2026-07-07T14:00:00Z
mlflow://experiment-4/disease-progression-forecaster,bmi,0.0271,0.0038,false,9034,2026-07-07T14:00:00Z
mlflow://experiment-4/disease-progression-forecaster,activity_level,0.0306,0.0051,true,38004,2026-07-07T14:00:00Z
mlflow://experiment-4/disease-progression-forecaster,genetic_risk,0.0378,0.0039,true,19424,2026-07-07T14:00:00Z
mlflow://experiment-4/disease-progression-forecaster,environmental_exposure,0.028,0.0055,true,47737,2026-07-07T14:00:00Z
mlflow://experiment-4/disease-progression-forecaster,social_support,0.0291,0.0068,true,35679,2026-07-07T14:00:00Z
mlflow://experiment-4/disease-progression-forecaster,baseline_severity,0.0402,0.0045,true,13055,2026-07-10T14:00:00Z
mlflow://experiment-4/disease-progression-forecaster,biomarker_trend,0.0361,0.0034,true,42999,2026-07-10T14:00:00Z
mlflow://experiment-4/disease-progression-forecaster,treatment_adherence,0.0292,0.0061,true,40565,2026-07-10T14:00:00Z
mlflow://experiment-4/disease-progression-forecaster,comorbidity_count,0.0262,0.006,true,9000,2026-07-10T14:00:00Z
mlflow://experiment-4/disease-progression-forecaster,age,0.0266,0.0057,true,38810,2026-07-10T14:00:00Z
mlflow://experiment-4/disease-progression-forecaster,bmi,0.0275,0.0039,true,18045,2026-07-10T14:00:00Z
mlflow://experiment-4/disease-progression-forecaster,activity_level,0.0308,0.0107,true,15258,2026-07-10T14:00:00Z
mlflow://experiment-4/disease-progression-forecaster,genetic_risk,0.0278,0.0053,true,21112,2026-07-10T14:00:00Z
mlflow://experiment-4/disease-progression-forecaster,environmental_exposure,0.0291,0.0067,true,28950,2026-07-10T14:00:00Z
mlflow://experiment-4/disease-progression-forecaster,social_support,0.0281,0.0041,true,5011,2026-07-10T14:00:00Z
mlflow://experiment-4/disease-progression-forecaster,baseline_severity,0.0274,0.0053,true,49888,2026-07-13T14:00:00Z
mlflow://experiment-4/disease-progression-forecaster,biomarker_trend,0.0279,0.0018,true,32285,2026-07-13T14:00:00Z
mlflow://experiment-4/disease-progression-forecaster,treatment_adherence,0.032,0.0076,true,17975,2026-07-13T14:00:00Z
mlflow://experiment-4/disease-progression-forecaster,comorbidity_count,0.0272,0.0022,true,38146,2026-07-13T14:00:00Z
mlflow://experiment-4/disease-progression-forecaster,age,0.03,0.0057,true,9561,2026-07-13T14:00:00Z
mlflow://experiment-4/disease-progression-forecaster,bmi,0.0291,0.0056,true,40235,2026-07-13T14:00:00Z
mlflow://experiment-4/disease-progression-forecaster,activity_level,0.0262,0.007,true,18475,2026-07-13T14:00:00Z
mlflow://experiment-4/disease-progression-forecaster,genetic_risk,0.026,0.0067,true,6449,2026-07-13T14:00:00Z
mlflow://experiment-4/disease-progression-forecaster,environmental_exposure,0.0381,0.0055,true,28132,2026-07-13T14:00:00Z
mlflow://experiment-4/disease-progression-forecaster,social_support,0.0252,0.0058,true,44300,2026-07-13T14:00:00Z
mlflow://experiment-4/disease-progression-forecaster,baseline_severity,0.0338,0.0058,true,38436,2026-07-16T14:00:00Z
mlflow://experiment-4/disease-progression-forecaster,biomarker_trend,0.025,0.0044,true,24595,2026-07-16T14:00:00Z
mlflow://experiment-4/disease-progression-forecaster,treatment_adherence,0.0237,0.002,false,31239,2026-07-16T14:00:00Z
mlflow://experiment-4/disease-progression-forecaster,comorbidity_count,0.0316,0.0057,true,7895,2026-07-16T14:00:00Z
mlflow://experiment-4/disease-progression-forecaster,age,0.034,0.0069,true,45061,2026-07-16T14:00:00Z
mlflow://experiment-4/disease-progression-forecaster,bmi,0.0325,0.0077,true,47269,2026-07-16T14:00:00Z
mlflow://experiment-4/disease-progression-forecaster,activity_level,0.0336,0.0004,true,18055,2026-07-16T14:00:00Z
mlflow://experiment-4/disease-progression-forecaster,genetic_risk,0.0224,0.007,true,6120,2026-07-16T14:00:00Z
mlflow://experiment-4/disease-progression-forecaster,environmental_exposure,0.0228,0.0041,true,35413,2026-07-16T14:00:00Z
mlflow://experiment-4/disease-progression-forecaster,social_support,0.0232,0.0083,false,33388,2026-07-16T14:00:00Z
mlflow://experiment-4/disease-progression-forecaster,baseline_severity,0.0286,0.0068,true,26050,2026-07-19T14:00:00Z
mlflow://experiment-4/disease-progression-forecaster,biomarker_trend,0.0315,0.0059,true,41532,2026-07-19T14:00:00Z
mlflow://experiment-4/disease-progression-forecaster,treatment_adherence,0.0324,0.005,true,26318,2026-07-19T14:00:00Z
mlflow://experiment-4/disease-progression-forecaster,comorbidity_count,0.0319,0.0017,true,10607,2026-07-19T14:00:00Z
mlflow://experiment-4/disease-progression-forecaster,age,0.0245,0.0023,true,5557,2026-07-19T14:00:00Z
mlflow://experiment-4/disease-progression-forecaster,bmi,0.0293,0.0088,true,49858,2026-07-19T14:00:00Z
mlflow://experiment-4/disease-progression-forecaster,activity_level,0.0379,0.0049,true,31960,2026-07-19T14:00:00Z
mlflow://experiment-4/disease-progression-forecaster,genetic_risk,0.0346,0.007,true,6939,2026-07-19T14:00:00Z
mlflow://experiment-4/disease-progression-forecaster,environmental_exposure,0.0329,0.0064,true,39136,2026-07-19T14:00:00Z
mlflow://experiment-4/disease-progression-forecaster,social_support,0.0234,0.0045,true,14101,2026-07-19T14:00:00Z
mlflow://experiment-4/disease-progression-forecaster,baseline_severity,0.0323,0.0078,true,20863,2026-07-22T14:00:00Z
mlflow://experiment-4/disease-progression-forecaster,biomarker_trend,0.0289,0.0007,true,12591,2026-07-22T14:00:00Z
mlflow://experiment-4/disease-progression-forecaster,treatment_adherence,0.0254,0.0056,true,28094,2026-07-22T14:00:00Z
mlflow://experiment-4/disease-progression-forecaster,comorbidity_count,0.0282,0.0045,true,6559,2026-07-22T14:00:00Z
mlflow://experiment-4/disease-progression-forecaster,age,0.0366,0.0044,true,13593,2026-07-22T14:00:00Z
mlflow://experiment-4/disease-progression-forecaster,bmi,0.0309,0.0048,true,46541,2026-07-22T14:00:00Z
mlflow://experiment-4/disease-progression-forecaster,activity_level,0.0242,0.0053,true,8980,2026-07-22T14:00:00Z
mlflow://experiment-4/disease-progression-forecaster,genetic_risk,0.0284,0.0073,true,46706,2026-07-22T14:00:00Z
mlflow://experiment-4/disease-progression-forecaster,environmental_exposure,0.0211,0.0082,true,6410,2026-07-22T14:00:00Z
mlflow://experiment-4/disease-progression-forecaster,social_support,0.0297,0.0072,true,17169,2026-07-22T14:00:00Z
mlflow://experiment-4/disease-progression-forecaster,baseline_severity,0.0373,0.0051,true,38437,2026-07-25T14:00:00Z
mlflow://experiment-4/disease-progression-forecaster,biomarker_trend,0.0292,0.0043,true,18538,2026-07-25T14:00:00Z
mlflow://experiment-4/disease-progression-forecaster,treatment_adherence,0.0386,0.005,true,34291,2026-07-25T14:00:00Z
mlflow://experiment-4/disease-progression-forecaster,comorbidity_count,0.0356,0.0086,true,19642,2026-07-25T14:00:00Z
mlflow://experiment-4/disease-progression-forecaster,age,0.0257,0.0062,true,18750,2026-07-25T14:00:00Z
mlflow://experiment-4/disease-progression-forecaster,bmi,0.0338,0.0041,true,16345,2026-07-25T14:00:00Z
mlflow://experiment-4/disease-progression-forecaster,activity_level,0.0292,0.0068,true,49038,2026-07-25T14:00:00Z
mlflow://experiment-4/disease-progression-forecaster,genetic_risk,0.0302,0.0075,true,20875,2026-07-25T14:00:00Z
mlflow://experiment-4/disease-progression-forecaster,environmental_exposure,0.0364,0.0075,true,45688,2026-07-25T14:00:00Z
mlflow://experiment-4/disease-progression-forecaster,social_support,0.0319,0.004,true,48614,2026-07-25T14:00:00Z
mlflow://experiment-4/disease-progression-forecaster,baseline_severity,0.0319,0.0067,true,37207,2026-07-28T14:00:00Z
mlflow://experiment-4/disease-progression-forecaster,biomarker_trend,0.0298,0.0054,true,29763,2026-07-28T14:00:00Z
mlflow://experiment-4/disease-progression-forecaster,treatment_adherence,0.0301,0.0059,true,36785,2026-07-28T14:00:00Z
mlflow://experiment-4/disease-progression-forecaster,comorbidity_count,0.0342,0.0059,true,31175,2026-07-28T14:00:00Z
mlflow://experiment-4/disease-progression-forecaster,age,0.0283,0.0042,true,36784,2026-07-28T14:00:00Z
mlflow://experiment-4/disease-progression-forecaster,bmi,0.029,0.0034,true,12513,2026-07-28T14:00:00Z
mlflow://experiment-4/disease-progression-forecaster,activity_level,0.0351,0.0033,true,22315,2026-07-28T14:00:00Z
mlflow://experiment-4/disease-progression-forecaster,genetic_risk,0.0231,0.0054,true,37561,2026-07-28T14:00:00Z
mlflow://experiment-4/disease-progression-forecaster,environmental_exposure,0.0287,0.0013,true,24708,2026-07-28T14:00:00Z
mlflow://experiment-4/disease-progression-forecaster,social_support,0.0285,0.0076,true,33019,2026-07-28T14:00:00Z
mlflow://experiment-5/medical-image-anomaly-detector,pixel_intensity_mean,0.0124,0.0012,true,39608,2026-05-02T14:00:00Z
mlflow://experiment-5/medical-image-anomaly-detector,texture_entropy,0.0166,0.0065,true,5874,2026-05-02T14:00:00Z
mlflow://experiment-5/medical-image-anomaly-detector,shape_regularity,0.006,0.0024,true,44793,2026-05-02T14:00:00Z
mlflow://experiment-5/medical-image-anomaly-detector,contrast_ratio,0.0126,0.0051,true,7584,2026-05-02T14:00:00Z
mlflow://experiment-5/medical-image-anomaly-detector,edge_density,0.0092,0.0053,true,29480,2026-05-02T14:00:00Z
mlflow://experiment-5/medical-image-anomaly-detector,region_size,0.011,0.0021,true,25773,2026-05-02T14:00:00Z
mlflow://experiment-5/medical-image-anomaly-detector,symmetry_score,0.0178,0.0073,true,29080,2026-05-02T14:00:00Z
mlflow://experiment-5/medical-image-anomaly-detector,calcification_count,0.0232,0.0017,true,23366,2026-05-02T14:00:00Z
mlflow://experiment-5/medical-image-anomaly-detector,density_category,0.0023,0.0039,true,6888,2026-05-02T14:00:00Z
mlflow://experiment-5/medical-image-anomaly-detector,prior_finding_flag,0.0183,0,true,39597,2026-05-02T14:00:00Z
mlflow://experiment-5/medical-image-anomaly-detector,pixel_intensity_mean,0.0144,0.0074,true,25751,2026-05-05T14:00:00Z
mlflow://experiment-5/medical-image-anomaly-detector,texture_entropy,0.0098,0.0057,true,43330,2026-05-05T14:00:00Z
mlflow://experiment-5/medical-image-anomaly-detector,shape_regularity,0.0033,0.0003,true,49615,2026-05-05T14:00:00Z
mlflow://experiment-5/medical-image-anomaly-detector,contrast_ratio,0.0125,0.0058,true,25913,2026-05-05T14:00:00Z
mlflow://experiment-5/medical-image-anomaly-detector,edge_density,0.0085,0.0071,true,24383,2026-05-05T14:00:00Z
mlflow://experiment-5/medical-image-anomaly-detector,region_size,0.0074,0.0056,false,17581,2026-05-05T14:00:00Z
mlflow://experiment-5/medical-image-anomaly-detector,symmetry_score,0.0119,0.0085,true,32103,2026-05-05T14:00:00Z
mlflow://experiment-5/medical-image-anomaly-detector,calcification_count,0.0094,0.0059,true,20857,2026-05-05T14:00:00Z
mlflow://experiment-5/medical-image-anomaly-detector,density_category,0.0102,0.0055,true,23884,2026-05-05T14:00:00Z
mlflow://experiment-5/medical-image-anomaly-detector,prior_finding_flag,0.0124,0.0079,true,11591,2026-05-05T14:00:00Z
mlflow://experiment-5/medical-image-anomaly-detector,pixel_intensity_mean,0.0181,0.0036,true,19392,2026-05-08T14:00:00Z
mlflow://experiment-5/medical-image-anomaly-detector,texture_entropy,0.0103,0.0037,true,9638,2026-05-08T14:00:00Z
mlflow://experiment-5/medical-image-anomaly-detector,shape_regularity,0.0098,0.0044,true,44756,2026-05-08T14:00:00Z
mlflow://experiment-5/medical-image-anomaly-detector,contrast_ratio,0.006,0.0081,true,22651,2026-05-08T14:00:00Z
mlflow://experiment-5/medical-image-anomaly-detector,edge_density,0.0113,0.0026,true,20246,2026-05-08T14:00:00Z
mlflow://experiment-5/medical-image-anomaly-detector,region_size,0.0058,0.0065,true,29991,2026-05-08T14:00:00Z
mlflow://experiment-5/medical-image-anomaly-detector,symmetry_score,0.0095,0.0047,true,36015,2026-05-08T14:00:00Z
mlflow://experiment-5/medical-image-anomaly-detector,calcification_count,0,0.007,true,18204,2026-05-08T14:00:00Z
mlflow://experiment-5/medical-image-anomaly-detector,density_category,0.0168,0.0066,true,32053,2026-05-08T14:00:00Z
mlflow://experiment-5/medical-image-anomaly-detector,prior_finding_flag,0.0125,0,true,20597,2026-05-08T14:00:00Z
mlflow://experiment-5/medical-image-anomaly-detector,pixel_intensity_mean,0.0109,0.0029,true,31546,2026-05-11T14:00:00Z
mlflow://experiment-5/medical-image-anomaly-detector,texture_entropy,0.0099,0.005,true,29681,2026-05-11T14:00:00Z
mlflow://experiment-5/medical-image-anomaly-detector,shape_regularity,0.0111,0.0065,true,49002,2026-05-11T14:00:00Z
mlflow://experiment-5/medical-image-anomaly-detector,contrast_ratio,0.0055,0.0055,true,22989,2026-05-11T14:00:00Z
mlflow://experiment-5/medical-image-anomaly-detector,edge_density,0.0152,0.0058,true,5501,2026-05-11T14:00:00Z
mlflow://experiment-5/medical-image-anomaly-detector,region_size,0.0129,0.0048,true,29411,2026-05-11T14:00:00Z
mlflow://experiment-5/medical-image-anomaly-detector,symmetry_score,0.0058,0.0084,true,45754,2026-05-11T14:00:00Z
mlflow://experiment-5/medical-image-anomaly-detector,calcification_count,0.0142,0,true,44913,2026-05-11T14:00:00Z
mlflow://experiment-5/medical-image-anomaly-detector,density_category,0.0077,0.0053,true,9388,2026-05-11T14:00:00Z
mlflow://experiment-5/medical-image-anomaly-detector,prior_finding_flag,0.0083,0.0071,false,9464,2026-05-11T14:00:00Z
mlflow://experiment-5/medical-image-anomaly-detector,pixel_intensity_mean,0.0187,0.0059,true,35791,2026-05-14T14:00:00Z
mlflow://experiment-5/medical-image-anomaly-detector,texture_entropy,0.004,0.0047,true,39473,2026-05-14T14:00:00Z
mlflow://experiment-5/medical-image-anomaly-detector,shape_regularity,0.0081,0.0059,true,12579,2026-05-14T14:00:00Z
mlflow://experiment-5/medical-image-anomaly-detector,contrast_ratio,0.0153,0.0033,true,26595,2026-05-14T14:00:00Z
mlflow://experiment-5/medical-image-anomaly-detector,edge_density,0.0112,0.0075,true,33629,2026-05-14T14:00:00Z
mlflow://experiment-5/medical-image-anomaly-detector,region_size,0.0082,0.0056,true,23537,2026-05-14T14:00:00Z
mlflow://experiment-5/medical-image-anomaly-detector,symmetry_score,0.0114,0.0065,true,29746,2026-05-14T14:00:00Z
mlflow://experiment-5/medical-image-anomaly-detector,calcification_count,0.0098,0.004,true,36540,2026-05-14T14:00:00Z
mlflow://experiment-5/medical-image-anomaly-detector,density_category,0.0132,0.0064,true,44322,2026-05-14T14:00:00Z
mlflow://experiment-5/medical-image-anomaly-detector,prior_finding_flag,0.0072,0.0034,true,19133,2026-05-14T14:00:00Z
mlflow://experiment-5/medical-image-anomaly-detector,pixel_intensity_mean,0.0093,0.0065,true,38144,2026-05-17T14:00:00Z
mlflow://experiment-5/medical-image-anomaly-detector,texture_entropy,0.0149,0.0084,true,45366,2026-05-17T14:00:00Z
mlflow://experiment-5/medical-image-anomaly-detector,shape_regularity,0.008,0.0043,true,23001,2026-05-17T14:00:00Z
mlflow://experiment-5/medical-image-anomaly-detector,contrast_ratio,0.0057,0.0031,true,30593,2026-05-17T14:00:00Z
mlflow://experiment-5/medical-image-anomaly-detector,edge_density,0.0205,0.0047,true,24962,2026-05-17T14:00:00Z
mlflow://experiment-5/medical-image-anomaly-detector,region_size,0.019,0.0077,true,12052,2026-05-17T14:00:00Z
mlflow://experiment-5/medical-image-anomaly-detector,symmetry_score,0.0007,0.0071,true,14378,2026-05-17T14:00:00Z
mlflow://experiment-5/medical-image-anomaly-detector,calcification_count,0.0114,0.0043,true,28319,2026-05-17T14:00:00Z
mlflow://experiment-5/medical-image-anomaly-detector,density_category,0.01,0.0034,true,9404,2026-05-17T14:00:00Z
mlflow://experiment-5/medical-image-anomaly-detector,prior_finding_flag,0.0118,0.0033,true,16566,2026-05-17T14:00:00Z
mlflow://experiment-5/medical-image-anomaly-detector,pixel_intensity_mean,0.0051,0.0042,true,21729,2026-05-20T14:00:00Z
mlflow://experiment-5/medical-image-anomaly-detector,texture_entropy,0.0111,0.0025,true,19686,2026-05-20T14:00:00Z
mlflow://experiment-5/medical-image-anomaly-detector,shape_regularity,0.012,0.0052,true,7195,2026-05-20T14:00:00Z
mlflow://experiment-5/medical-image-anomaly-detector,contrast_ratio,0.0112,0.0042,true,49748,2026-05-20T14:00:00Z
mlflow://experiment-5/medical-image-anomaly-detector,edge_density,0.0085,0.0021,true,49509,2026-05-20T14:00:00Z
mlflow://experiment-5/medical-image-anomaly-detector,region_size,0.0043,0.0064,true,33386,2026-05-20T14:00:00Z
mlflow://experiment-5/medical-image-anomaly-detector,symmetry_score,0.0011,0.0071,true,27750,2026-05-20T14:00:00Z
mlflow://experiment-5/medical-image-anomaly-detector,calcification_count,0.0137,0.0047,true,36060,2026-05-20T14:00:00Z
mlflow://experiment-5/medical-image-anomaly-detector,density_category,0.008,0.0034,true,12871,2026-05-20T14:00:00Z
mlflow://experiment-5/medical-image-anomaly-detector,prior_finding_flag,0,0.0028,true,19220,2026-05-20T14:00:00Z
mlflow://experiment-5/medical-image-anomaly-detector,pixel_intensity_mean,0.0078,0.0061,true,18095,2026-05-23T14:00:00Z
mlflow://experiment-5/medical-image-anomaly-detector,texture_entropy,0.0151,0.0039,true,12685,2026-05-23T14:00:00Z
mlflow://experiment-5/medical-image-anomaly-detector,shape_regularity,0.0201,0.0045,true,40049,2026-05-23T14:00:00Z
mlflow://experiment-5/medical-image-anomaly-detector,contrast_ratio,0.0001,0.004,true,46843,2026-05-23T14:00:00Z
mlflow://experiment-5/medical-image-anomaly-detector,edge_density,0.0126,0.0058,true,11953,2026-05-23T14:00:00Z
mlflow://experiment-5/medical-image-anomaly-detector,region_size,0,0.0038,true,41275,2026-05-23T14:00:00Z
mlflow://experiment-5/medical-image-anomaly-detector,symmetry_score,0.0088,0.0062,true,33316,2026-05-23T14:00:00Z
mlflow://experiment-5/medical-image-anomaly-detector,calcification_count,0.0069,0.0041,true,47942,2026-05-23T14:00:00Z
mlflow://experiment-5/medical-image-anomaly-detector,density_category,0.0189,0.0063,true,43714,2026-05-23T14:00:00Z
mlflow://experiment-5/medical-image-anomaly-detector,prior_finding_flag,0.0062,0.0054,true,48608,2026-05-23T14:00:00Z
mlflow://experiment-5/medical-image-anomaly-detector,pixel_intensity_mean,0.0115,0.0053,true,31135,2026-05-26T14:00:00Z
mlflow://experiment-5/medical-image-anomaly-detector,texture_entropy,0.0024,0.0056,true,23568,2026-05-26T14:00:00Z
mlflow://experiment-5/medical-image-anomaly-detector,shape_regularity,0.0075,0.0065,true,8478,2026-05-26T14:00:00Z
mlflow://experiment-5/medical-image-anomaly-detector,contrast_ratio,0.0158,0.0056,true,7719,2026-05-26T14:00:00Z
mlflow://experiment-5/medical-image-anomaly-detector,edge_density,0.0196,0.0055,true,11649,2026-05-26T14:00:00Z
mlflow://experiment-5/medical-image-anomaly-detector,region_size,0.0116,0.0033,true,37533,2026-05-26T14:00:00Z
mlflow://experiment-5/medical-image-anomaly-detector,symmetry_score,0.0103,0.0022,true,20084,2026-05-26T14:00:00Z
mlflow://experiment-5/medical-image-anomaly-detector,calcification_count,0.008,0.0026,true,12734,2026-05-26T14:00:00Z
mlflow://experiment-5/medical-image-anomaly-detector,density_category,0.0109,0.0047,false,8046,2026-05-26T14:00:00Z
mlflow://experiment-5/medical-image-anomaly-detector,prior_finding_flag,0.0045,0.0035,true,8681,2026-05-26T14:00:00Z
mlflow://experiment-5/medical-image-anomaly-detector,pixel_intensity_mean,0.01,0.0036,true,13167,2026-05-29T14:00:00Z
mlflow://experiment-5/medical-image-anomaly-detector,texture_entropy,0.0063,0.0027,true,9285,2026-05-29T14:00:00Z
mlflow://experiment-5/medical-image-anomaly-detector,shape_regularity,0.0131,0.0083,true,12331,2026-05-29T14:00:00Z
mlflow://experiment-5/medical-image-anomaly-detector,contrast_ratio,0.0054,0.0025,true,37122,2026-05-29T14:00:00Z
mlflow://experiment-5/medical-image-anomaly-detector,edge_density,0.0064,0.0083,true,31372,2026-05-29T14:00:00Z
mlflow://experiment-5/medical-image-anomaly-detector,region_size,0.0011,0.0022,true,40923,2026-05-29T14:00:00Z
mlflow://experiment-5/medical-image-anomaly-detector,symmetry_score,0.0162,0.0037,true,39312,2026-05-29T14:00:00Z
mlflow://experiment-5/medical-image-anomaly-detector,calcification_count,0.0154,0.0034,true,25450,2026-05-29T14:00:00Z
mlflow://experiment-5/medical-image-anomaly-detector,density_category,0.009,0.0049,true,22862,2026-05-29T14:00:00Z
mlflow://experiment-5/medical-image-anomaly-detector,prior_finding_flag,0.0127,0.0047,true,24098,2026-05-29T14:00:00Z
mlflow://experiment-5/medical-image-anomaly-detector,pixel_intensity_mean,0.0018,0.0058,true,24196,2026-06-01T14:00:00Z
mlflow://experiment-5/medical-image-anomaly-detector,texture_entropy,0.0072,0.0045,true,16633,2026-06-01T14:00:00Z
mlflow://experiment-5/medical-image-anomaly-detector,shape_regularity,0.0128,0.0029,true,34138,2026-06-01T14:00:00Z
mlflow://experiment-5/medical-image-anomaly-detector,contrast_ratio,0.0102,0.0064,true,29173,2026-06-01T14:00:00Z
mlflow://experiment-5/medical-image-anomaly-detector,edge_density,0.0087,0.0068,true,35551,2026-06-01T14:00:00Z
mlflow://experiment-5/medical-image-anomaly-detector,region_size,0.0184,0.008,true,10807,2026-06-01T14:00:00Z
mlflow://experiment-5/medical-image-anomaly-detector,symmetry_score,0,0.0067,true,12160,2026-06-01T14:00:00Z
mlflow://experiment-5/medical-image-anomaly-detector,calcification_count,0.0123,0.0027,true,30615,2026-06-01T14:00:00Z
mlflow://experiment-5/medical-image-anomaly-detector,density_category,0.008,0.0054,true,49271,2026-06-01T14:00:00Z
mlflow://experiment-5/medical-image-anomaly-detector,prior_finding_flag,0.0143,0.0032,true,36773,2026-06-01T14:00:00Z
mlflow://experiment-5/medical-image-anomaly-detector,pixel_intensity_mean,0.017,0.0065,true,29678,2026-06-04T14:00:00Z
mlflow://experiment-5/medical-image-anomaly-detector,texture_entropy,0.0116,0.0012,true,17031,2026-06-04T14:00:00Z
mlflow://experiment-5/medical-image-anomaly-detector,shape_regularity,0.0097,0.0022,true,24916,2026-06-04T14:00:00Z
mlflow://experiment-5/medical-image-anomaly-detector,contrast_ratio,0.0131,0.0058,true,39074,2026-06-04T14:00:00Z
mlflow://experiment-5/medical-image-anomaly-detector,edge_density,0.0143,0.0048,false,13894,2026-06-04T14:00:00Z
mlflow://experiment-5/medical-image-anomaly-detector,region_size,0.0094,0.0029,true,36201,2026-06-04T14:00:00Z
mlflow://experiment-5/medical-image-anomaly-detector,symmetry_score,0.0172,0.0084,true,31410,2026-06-04T14:00:00Z
mlflow://experiment-5/medical-image-anomaly-detector,calcification_count,0.0053,0.0059,true,21843,2026-06-04T14:00:00Z
mlflow://experiment-5/medical-image-anomaly-detector,density_category,0.0121,0.0075,true,37864,2026-06-04T14:00:00Z
mlflow://experiment-5/medical-image-anomaly-detector,prior_finding_flag,0.0104,0.0039,true,46425,2026-06-04T14:00:00Z
mlflow://experiment-5/medical-image-anomaly-detector,pixel_intensity_mean,0.0106,0.0055,true,9494,2026-06-07T14:00:00Z
mlflow://experiment-5/medical-image-anomaly-detector,texture_entropy,0.0045,0.0052,true,29521,2026-06-07T14:00:00Z
mlflow://experiment-5/medical-image-anomaly-detector,shape_regularity,0.0052,0.0037,true,17063,2026-06-07T14:00:00Z
mlflow://experiment-5/medical-image-anomaly-detector,contrast_ratio,0.0109,0.0054,true,47278,2026-06-07T14:00:00Z
mlflow://experiment-5/medical-image-anomaly-detector,edge_density,0.0098,0.0034,true,44959,2026-06-07T14:00:00Z
mlflow://experiment-5/medical-image-anomaly-detector,region_size,0.0021,0.0043,true,35775,2026-06-07T14:00:00Z
mlflow://experiment-5/medical-image-anomaly-detector,symmetry_score,0.0124,0.006,true,5642,2026-06-07T14:00:00Z
mlflow://experiment-5/medical-image-anomaly-detector,calcification_count,0,0.0066,true,28508,2026-06-07T14:00:00Z
mlflow://experiment-5/medical-image-anomaly-detector,density_category,0.0169,0.0059,true,21634,2026-06-07T14:00:00Z
mlflow://experiment-5/medical-image-anomaly-detector,prior_finding_flag,0.0137,0.0039,true,41602,2026-06-07T14:00:00Z
mlflow://experiment-5/medical-image-anomaly-detector,pixel_intensity_mean,0.0039,0.0057,true,30642,2026-06-10T14:00:00Z
mlflow://experiment-5/medical-image-anomaly-detector,texture_entropy,0.0172,0.0065,true,30762,2026-06-10T14:00:00Z
mlflow://experiment-5/medical-image-anomaly-detector,shape_regularity,0.0116,0.005,true,25762,2026-06-10T14:00:00Z
mlflow://experiment-5/medical-image-anomaly-detector,contrast_ratio,0.0031,0.004,true,44873,2026-06-10T14:00:00Z
mlflow://experiment-5/medical-image-anomaly-detector,edge_density,0.0147,0.0022,true,25371,2026-06-10T14:00:00Z
mlflow://experiment-5/medical-image-anomaly-detector,region_size,0.0134,0.0033,true,46531,2026-06-10T14:00:00Z
mlflow://experiment-5/medical-image-anomaly-detector,symmetry_score,0.0108,0.0063,true,25999,2026-06-10T14:00:00Z
mlflow://experiment-5/medical-image-anomaly-detector,calcification_count,0.0101,0.0065,true,43819,2026-06-10T14:00:00Z
mlflow://experiment-5/medical-image-anomaly-detector,density_category,0.0091,0.0038,true,27204,2026-06-10T14:00:00Z
mlflow://experiment-5/medical-image-anomaly-detector,prior_finding_flag,0.0084,0.0028,true,28602,2026-06-10T14:00:00Z
mlflow://experiment-5/medical-image-anomaly-detector,pixel_intensity_mean,0.0108,0.0063,true,43685,2026-06-13T14:00:00Z
mlflow://experiment-5/medical-image-anomaly-detector,texture_entropy,0.0187,0.0038,true,22703,2026-06-13T14:00:00Z
mlflow://experiment-5/medical-image-anomaly-detector,shape_regularity,0.0074,0.0049,true,45274,2026-06-13T14:00:00Z
mlflow://experiment-5/medical-image-anomaly-detector,contrast_ratio,0.0044,0.0061,true,14100,2026-06-13T14:00:00Z
mlflow://experiment-5/medical-image-anomaly-detector,edge_density,0.0089,0.0028,true,24463,2026-06-13T14:00:00Z
mlflow://experiment-5/medical-image-anomaly-detector,region_size,0.0101,0.0054,true,23672,2026-06-13T14:00:00Z
mlflow://experiment-5/medical-image-anomaly-detector,symmetry_score,0.01,0.0062,true,37586,2026-06-13T14:00:00Z
mlflow://experiment-5/medical-image-anomaly-detector,calcification_count,0,0.0043,true,33314,2026-06-13T14:00:00Z
mlflow://experiment-5/medical-image-anomaly-detector,density_category,0.0086,0.0092,true,34492,2026-06-13T14:00:00Z
mlflow://experiment-5/medical-image-anomaly-detector,prior_finding_flag,0.0188,0.005,true,15572,2026-06-13T14:00:00Z
mlflow://experiment-5/medical-image-anomaly-detector,pixel_intensity_mean,0.0072,0.0067,true,47510,2026-06-16T14:00:00Z
mlflow://experiment-5/medical-image-anomaly-detector,texture_entropy,0.0074,0.0102,true,38902,2026-06-16T14:00:00Z
mlflow://experiment-5/medical-image-anomaly-detector,shape_regularity,0.0129,0.0062,true,47904,2026-06-16T14:00:00Z
mlflow://experiment-5/medical-image-anomaly-detector,contrast_ratio,0.0109,0.0038,true,47537,2026-06-16T14:00:00Z
mlflow://experiment-5/medical-image-anomaly-detector,edge_density,0.0077,0.0047,true,10356,2026-06-16T14:00:00Z
mlflow://experiment-5/medical-image-anomaly-detector,region_size,0.0119,0.0044,true,28899,2026-06-16T14:00:00Z
mlflow://experiment-5/medical-image-anomaly-detector,symmetry_score,0.008,0.0035,true,17337,2026-06-16T14:00:00Z
mlflow://experiment-5/medical-image-anomaly-detector,calcification_count,0.008,0.005,true,35999,2026-06-16T14:00:00Z
mlflow://experiment-5/medical-image-anomaly-detector,density_category,0.0124,0.0079,true,33692,2026-06-16T14:00:00Z
mlflow://experiment-5/medical-image-anomaly-detector,prior_finding_flag,0.0085,0.0093,true,11636,2026-06-16T14:00:00Z
mlflow://experiment-5/medical-image-anomaly-detector,pixel_intensity_mean,0.0084,0.0046,true,47165,2026-06-19T14:00:00Z
mlflow://experiment-5/medical-image-anomaly-detector,texture_entropy,0.0102,0.0084,true,17884,2026-06-19T14:00:00Z
mlflow://experiment-5/medical-image-anomaly-detector,shape_regularity,0.0129,0.002,true,20480,2026-06-19T14:00:00Z
mlflow://experiment-5/medical-image-anomaly-detector,contrast_ratio,0.0115,0.003,true,39263,2026-06-19T14:00:00Z
mlflow://experiment-5/medical-image-anomaly-detector,edge_density,0.0147,0.0061,true,9116,2026-06-19T14:00:00Z
mlflow://experiment-5/medical-image-anomaly-detector,region_size,0.0028,0.0072,true,19192,2026-06-19T14:00:00Z
mlflow://experiment-5/medical-image-anomaly-detector,symmetry_score,0.0055,0.0032,true,42481,2026-06-19T14:00:00Z
mlflow://experiment-5/medical-image-anomaly-detector,calcification_count,0.0129,0.0066,true,9891,2026-06-19T14:00:00Z
mlflow://experiment-5/medical-image-anomaly-detector,density_category,0.0115,0.002,true,36077,2026-06-19T14:00:00Z
mlflow://experiment-5/medical-image-anomaly-detector,prior_finding_flag,0.0054,0.0087,true,23007,2026-06-19T14:00:00Z
mlflow://experiment-5/medical-image-anomaly-detector,pixel_intensity_mean,0.0191,0.0086,true,8818,2026-06-22T14:00:00Z
mlflow://experiment-5/medical-image-anomaly-detector,texture_entropy,0.0106,0.0021,true,6771,2026-06-22T14:00:00Z
mlflow://experiment-5/medical-image-anomaly-detector,shape_regularity,0.0097,0.0033,true,8139,2026-06-22T14:00:00Z
mlflow://experiment-5/medical-image-anomaly-detector,contrast_ratio,0.0117,0.0073,true,21662,2026-06-22T14:00:00Z
mlflow://experiment-5/medical-image-anomaly-detector,edge_density,0.0106,0.0087,true,33642,2026-06-22T14:00:00Z
mlflow://experiment-5/medical-image-anomaly-detector,region_size,0.0136,0.0016,true,43946,2026-06-22T14:00:00Z
mlflow://experiment-5/medical-image-anomaly-detector,symmetry_score,0.0092,0.0044,true,42786,2026-06-22T14:00:00Z
mlflow://experiment-5/medical-image-anomaly-detector,calcification_count,0.006,0.0052,true,29972,2026-06-22T14:00:00Z
mlflow://experiment-5/medical-image-anomaly-detector,density_category,0.0138,0.0034,true,5328,2026-06-22T14:00:00Z
mlflow://experiment-5/medical-image-anomaly-detector,prior_finding_flag,0.0082,0.0085,true,34049,2026-06-22T14:00:00Z
mlflow://experiment-5/medical-image-anomaly-detector,pixel_intensity_mean,0.0187,0.0032,true,37616,2026-06-25T14:00:00Z
mlflow://experiment-5/medical-image-anomaly-detector,texture_entropy,0.0123,0.0066,true,27153,2026-06-25T14:00:00Z
mlflow://experiment-5/medical-image-anomaly-detector,shape_regularity,0.0071,0.004,true,36036,2026-06-25T14:00:00Z
mlflow://experiment-5/medical-image-anomaly-detector,contrast_ratio,0.0089,0.0047,true,48189,2026-06-25T14:00:00Z
mlflow://experiment-5/medical-image-anomaly-detector,edge_density,0.0193,0.0078,true,20764,2026-06-25T14:00:00Z
mlflow://experiment-5/medical-image-anomaly-detector,region_size,0.0167,0.0039,true,35842,2026-06-25T14:00:00Z
mlflow://experiment-5/medical-image-anomaly-detector,symmetry_score,0.021,0.0072,true,45188,2026-06-25T14:00:00Z
mlflow://experiment-5/medical-image-anomaly-detector,calcification_count,0.0108,0.0059,true,19949,2026-06-25T14:00:00Z
mlflow://experiment-5/medical-image-anomaly-detector,density_category,0.0044,0.0057,true,11797,2026-06-25T14:00:00Z
mlflow://experiment-5/medical-image-anomaly-detector,prior_finding_flag,0.0093,0.0056,true,44934,2026-06-25T14:00:00Z
mlflow://experiment-5/medical-image-anomaly-detector,pixel_intensity_mean,0.0136,0.0051,true,10778,2026-06-28T14:00:00Z
mlflow://experiment-5/medical-image-anomaly-detector,texture_entropy,0.0126,0.004,true,39307,2026-06-28T14:00:00Z
mlflow://experiment-5/medical-image-anomaly-detector,shape_regularity,0.0125,0.0058,true,14749,2026-06-28T14:00:00Z
mlflow://experiment-5/medical-image-anomaly-detector,contrast_ratio,0.0115,0.0043,true,24982,2026-06-28T14:00:00Z
mlflow://experiment-5/medical-image-anomaly-detector,edge_density,0.0126,0.0011,true,16769,2026-06-28T14:00:00Z
mlflow://experiment-5/medical-image-anomaly-detector,region_size,0.0089,0.004,true,19868,2026-06-28T14:00:00Z
mlflow://experiment-5/medical-image-anomaly-detector,symmetry_score,0.0166,0.0042,true,39507,2026-06-28T14:00:00Z
mlflow://experiment-5/medical-image-anomaly-detector,calcification_count,0.0085,0.0042,true,30659,2026-06-28T14:00:00Z
mlflow://experiment-5/medical-image-anomaly-detector,density_category,0.0135,0.0078,true,44992,2026-06-28T14:00:00Z
mlflow://experiment-5/medical-image-anomaly-detector,prior_finding_flag,0.0101,0.0062,true,36822,2026-06-28T14:00:00Z
mlflow://experiment-5/medical-image-anomaly-detector,pixel_intensity_mean,0.0005,0.0018,true,19063,2026-07-01T14:00:00Z
mlflow://experiment-5/medical-image-anomaly-detector,texture_entropy,0.0076,0.0022,true,36923,2026-07-01T14:00:00Z
mlflow://experiment-5/medical-image-anomaly-detector,shape_regularity,0.0212,0.0005,true,13770,2026-07-01T14:00:00Z
mlflow://experiment-5/medical-image-anomaly-detector,contrast_ratio,0.0134,0.0068,true,24657,2026-07-01T14:00:00Z
mlflow://experiment-5/medical-image-anomaly-detector,edge_density,0.0109,0.003,true,43738,2026-07-01T14:00:00Z
mlflow://experiment-5/medical-image-anomaly-detector,region_size,0.0081,0.0004,true,20965,2026-07-01T14:00:00Z
mlflow://experiment-5/medical-image-anomaly-detector,symmetry_score,0.0165,0.0054,true,11492,2026-07-01T14:00:00Z
mlflow://experiment-5/medical-image-anomaly-detector,calcification_count,0.0125,0.002,true,25917,2026-07-01T14:00:00Z
mlflow://experiment-5/medical-image-anomaly-detector,density_category,0.0106,0.0019,true,25203,2026-07-01T14:00:00Z
mlflow://experiment-5/medical-image-anomaly-detector,prior_finding_flag,0.0034,0.0052,true,31745,2026-07-01T14:00:00Z
mlflow://experiment-5/medical-image-anomaly-detector,pixel_intensity_mean,0.0118,0.0047,false,45496,2026-07-04T14:00:00Z
mlflow://experiment-5/medical-image-anomaly-detector,texture_entropy,0.01,0.0036,true,40963,2026-07-04T14:00:00Z
mlflow://experiment-5/medical-image-anomaly-detector,shape_regularity,0.024,0.0063,true,29536,2026-07-04T14:00:00Z
mlflow://experiment-5/medical-image-anomaly-detector,contrast_ratio,0.0124,0.0019,true,32483,2026-07-04T14:00:00Z
mlflow://experiment-5/medical-image-anomaly-detector,edge_density,0.0086,0.0082,true,20212,2026-07-04T14:00:00Z
mlflow://experiment-5/medical-image-anomaly-detector,region_size,0.0037,0.0048,true,10213,2026-07-04T14:00:00Z
mlflow://experiment-5/medical-image-anomaly-detector,symmetry_score,0.0148,0.0054,true,17199,2026-07-04T14:00:00Z
mlflow://experiment-5/medical-image-anomaly-detector,calcification_count,0.0091,0.0052,true,42043,2026-07-04T14:00:00Z
mlflow://experiment-5/medical-image-anomaly-detector,density_category,0.0148,0.0059,true,13082,2026-07-04T14:00:00Z
mlflow://experiment-5/medical-image-anomaly-detector,prior_finding_flag,0.012,0.0042,true,44176,2026-07-04T14:00:00Z
mlflow://experiment-5/medical-image-anomaly-detector,pixel_intensity_mean,0.0114,0.0065,true,41078,2026-07-07T14:00:00Z
mlflow://experiment-5/medical-image-anomaly-detector,texture_entropy,0.0064,0.0071,true,41421,2026-07-07T14:00:00Z
mlflow://experiment-5/medical-image-anomaly-detector,shape_regularity,0.0122,0.0066,true,47580,2026-07-07T14:00:00Z
mlflow://experiment-5/medical-image-anomaly-detector,contrast_ratio,0.0093,0.0047,true,15195,2026-07-07T14:00:00Z
mlflow://experiment-5/medical-image-anomaly-detector,edge_density,0.0066,0.0041,true,19231,2026-07-07T14:00:00Z
mlflow://experiment-5/medical-image-anomaly-detector,region_size,0.0062,0.0021,true,37491,2026-07-07T14:00:00Z
mlflow://experiment-5/medical-image-anomaly-detector,symmetry_score,0,0.0043,true,36459,2026-07-07T14:00:00Z
mlflow://experiment-5/medical-image-anomaly-detector,calcification_count,0.0147,0.006,true,41100,2026-07-07T14:00:00Z
mlflow://experiment-5/medical-image-anomaly-detector,density_category,0.0095,0.0031,true,8555,2026-07-07T14:00:00Z
mlflow://experiment-5/medical-image-anomaly-detector,prior_finding_flag,0.0166,0.0055,true,43092,2026-07-07T14:00:00Z
mlflow://experiment-5/medical-image-anomaly-detector,pixel_intensity_mean,0.0145,0.0013,true,40530,2026-07-10T14:00:00Z
mlflow://experiment-5/medical-image-anomaly-detector,texture_entropy,0.0129,0.0094,true,38175,2026-07-10T14:00:00Z
mlflow://experiment-5/medical-image-anomaly-detector,shape_regularity,0.0089,0.0039,true,32393,2026-07-10T14:00:00Z
mlflow://experiment-5/medical-image-anomaly-detector,contrast_ratio,0.0069,0.0073,true,19670,2026-07-10T14:00:00Z
mlflow://experiment-5/medical-image-anomaly-detector,edge_density,0.0099,0.0018,true,19429,2026-07-10T14:00:00Z
mlflow://experiment-5/medical-image-anomaly-detector,region_size,0.003,0.002,true,43426,2026-07-10T14:00:00Z
mlflow://experiment-5/medical-image-anomaly-detector,symmetry_score,0.0065,0.0031,true,13598,2026-07-10T14:00:00Z
mlflow://experiment-5/medical-image-anomaly-detector,calcification_count,0.0022,0.009,true,9050,2026-07-10T14:00:00Z
mlflow://experiment-5/medical-image-anomaly-detector,density_category,0.0134,0.0034,true,21997,2026-07-10T14:00:00Z
mlflow://experiment-5/medical-image-anomaly-detector,prior_finding_flag,0.0221,0.0072,true,39988,2026-07-10T14:00:00Z
mlflow://experiment-5/medical-image-anomaly-detector,pixel_intensity_mean,0.0075,0.0071,true,19885,2026-07-13T14:00:00Z
mlflow://experiment-5/medical-image-anomaly-detector,texture_entropy,0.0027,0.0051,true,49920,2026-07-13T14:00:00Z
mlflow://experiment-5/medical-image-anomaly-detector,shape_regularity,0.0134,0.0107,true,19102,2026-07-13T14:00:00Z
mlflow://experiment-5/medical-image-anomaly-detector,contrast_ratio,0.0056,0.0058,true,13804,2026-07-13T14:00:00Z
mlflow://experiment-5/medical-image-anomaly-detector,edge_density,0.0026,0.0049,true,12321,2026-07-13T14:00:00Z
mlflow://experiment-5/medical-image-anomaly-detector,region_size,0.0032,0.0066,true,17218,2026-07-13T14:00:00Z
mlflow://experiment-5/medical-image-anomaly-detector,symmetry_score,0.0111,0.0059,true,11894,2026-07-13T14:00:00Z
mlflow://experiment-5/medical-image-anomaly-detector,calcification_count,0.004,0.0061,false,9631,2026-07-13T14:00:00Z
mlflow://experiment-5/medical-image-anomaly-detector,density_category,0.0073,0.0017,true,6665,2026-07-13T14:00:00Z
mlflow://experiment-5/medical-image-anomaly-detector,prior_finding_flag,0.015,0.0054,true,48086,2026-07-13T14:00:00Z
mlflow://experiment-5/medical-image-anomaly-detector,pixel_intensity_mean,0.0168,0.0042,true,41425,2026-07-16T14:00:00Z
mlflow://experiment-5/medical-image-anomaly-detector,texture_entropy,0.0115,0.0077,true,38015,2026-07-16T14:00:00Z
mlflow://experiment-5/medical-image-anomaly-detector,shape_regularity,0.0109,0.0042,true,14639,2026-07-16T14:00:00Z
mlflow://experiment-5/medical-image-anomaly-detector,contrast_ratio,0.0087,0.0089,true,16115,2026-07-16T14:00:00Z
mlflow://experiment-5/medical-image-anomaly-detector,edge_density,0.0146,0.0061,true,23831,2026-07-16T14:00:00Z
mlflow://experiment-5/medical-image-anomaly-detector,region_size,0.01,0.0066,true,48797,2026-07-16T14:00:00Z
mlflow://experiment-5/medical-image-anomaly-detector,symmetry_score,0.0117,0.0079,true,48859,2026-07-16T14:00:00Z
mlflow://experiment-5/medical-image-anomaly-detector,calcification_count,0.0051,0.0083,false,45141,2026-07-16T14:00:00Z
mlflow://experiment-5/medical-image-anomaly-detector,density_category,0.0144,0.0034,true,26634,2026-07-16T14:00:00Z
mlflow://experiment-5/medical-image-anomaly-detector,prior_finding_flag,0.0143,0.0022,true,19985,2026-07-16T14:00:00Z
mlflow://experiment-5/medical-image-anomaly-detector,pixel_intensity_mean,0.0162,0.005,true,17052,2026-07-19T14:00:00Z
mlflow://experiment-5/medical-image-anomaly-detector,texture_entropy,0.012,0.0019,true,20226,2026-07-19T14:00:00Z
mlflow://experiment-5/medical-image-anomaly-detector,shape_regularity,0.0043,0.0016,true,15139,2026-07-19T14:00:00Z
mlflow://experiment-5/medical-image-anomaly-detector,contrast_ratio,0.0035,0.0052,true,31310,2026-07-19T14:00:00Z
mlflow://experiment-5/medical-image-anomaly-detector,edge_density,0.0066,0.0052,true,15956,2026-07-19T14:00:00Z
mlflow://experiment-5/medical-image-anomaly-detector,region_size,0.0205,0.0053,true,34140,2026-07-19T14:00:00Z
mlflow://experiment-5/medical-image-anomaly-detector,symmetry_score,0.0048,0.0071,true,42470,2026-07-19T14:00:00Z
mlflow://experiment-5/medical-image-anomaly-detector,calcification_count,0.0141,0.0064,true,34086,2026-07-19T14:00:00Z
mlflow://experiment-5/medical-image-anomaly-detector,density_category,0.0124,0.003,true,18054,2026-07-19T14:00:00Z
mlflow://experiment-5/medical-image-anomaly-detector,prior_finding_flag,0.0003,0.0073,true,21512,2026-07-19T14:00:00Z
mlflow://experiment-5/medical-image-anomaly-detector,pixel_intensity_mean,0.0102,0.006,true,7646,2026-07-22T14:00:00Z
mlflow://experiment-5/medical-image-anomaly-detector,texture_entropy,0.0075,0.008,true,28268,2026-07-22T14:00:00Z
mlflow://experiment-5/medical-image-anomaly-detector,shape_regularity,0.0106,0.0063,false,22639,2026-07-22T14:00:00Z
mlflow://experiment-5/medical-image-anomaly-detector,contrast_ratio,0.0034,0.0077,true,48963,2026-07-22T14:00:00Z
mlflow://experiment-5/medical-image-anomaly-detector,edge_density,0.0052,0.0017,true,9233,2026-07-22T14:00:00Z
mlflow://experiment-5/medical-image-anomaly-detector,region_size,0.0177,0.0027,true,25539,2026-07-22T14:00:00Z
mlflow://experiment-5/medical-image-anomaly-detector,symmetry_score,0.0103,0.005,true,13636,2026-07-22T14:00:00Z
mlflow://experiment-5/medical-image-anomaly-detector,calcification_count,0.0071,0.0056,true,33534,2026-07-22T14:00:00Z
mlflow://experiment-5/medical-image-anomaly-detector,density_category,0.0147,0.0047,true,5289,2026-07-22T14:00:00Z
mlflow://experiment-5/medical-image-anomaly-detector,prior_finding_flag,0.0123,0.0082,true,5075,2026-07-22T14:00:00Z
mlflow://experiment-5/medical-image-anomaly-detector,pixel_intensity_mean,0.0116,0.0055,true,5817,2026-07-25T14:00:00Z
mlflow://experiment-5/medical-image-anomaly-detector,texture_entropy,0.0163,0.0052,true,49123,2026-07-25T14:00:00Z
mlflow://experiment-5/medical-image-anomaly-detector,shape_regularity,0.0166,0.0015,true,22814,2026-07-25T14:00:00Z
mlflow://experiment-5/medical-image-anomaly-detector,contrast_ratio,0.0096,0.0069,true,6530,2026-07-25T14:00:00Z
mlflow://experiment-5/medical-image-anomaly-detector,edge_density,0.0089,0.0018,true,29829,2026-07-25T14:00:00Z
mlflow://experiment-5/medical-image-anomaly-detector,region_size,0.0047,0.0034,true,23802,2026-07-25T14:00:00Z
mlflow://experiment-5/medical-image-anomaly-detector,symmetry_score,0.0119,0.0052,true,31645,2026-07-25T14:00:00Z
mlflow://experiment-5/medical-image-anomaly-detector,calcification_count,0.0061,0.0059,true,29170,2026-07-25T14:00:00Z
mlflow://experiment-5/medical-image-anomaly-detector,density_category,0.0064,0.007,true,42855,2026-07-25T14:00:00Z
mlflow://experiment-5/medical-image-anomaly-detector,prior_finding_flag,0.0123,0.0058,true,13985,2026-07-25T14:00:00Z
mlflow://experiment-5/medical-image-anomaly-detector,pixel_intensity_mean,0.013,0.0037,true,42887,2026-07-28T14:00:00Z
mlflow://experiment-5/medical-image-anomaly-detector,texture_entropy,0.0095,0.006,true,24445,2026-07-28T14:00:00Z
mlflow://experiment-5/medical-image-anomaly-detector,shape_regularity,0.0098,0.0034,true,36149,2026-07-28T14:00:00Z
mlflow://experiment-5/medical-image-anomaly-detector,contrast_ratio,0.0173,0.0039,true,45498,2026-07-28T14:00:00Z
mlflow://experiment-5/medical-image-anomaly-detector,edge_density,0.0167,0.0045,true,17860,2026-07-28T14:00:00Z
mlflow://experiment-5/medical-image-anomaly-detector,region_size,0.0075,0.0038,true,22563,2026-07-28T14:00:00Z
mlflow://experiment-5/medical-image-anomaly-detector,symmetry_score,0,0.0056,true,26559,2026-07-28T14:00:00Z
mlflow://experiment-5/medical-image-anomaly-detector,calcification_count,0.0103,0,true,36696,2026-07-28T14:00:00Z
mlflow://experiment-5/medical-image-anomaly-detector,density_category,0.0163,0.0044,true,33327,2026-07-28T14:00:00Z
mlflow://experiment-5/medical-image-anomaly-detector,prior_finding_flag,0.0103,0.0071,true,24913,2026-07-28T14:00:00Z
mlflow://experiment-6/length-of-stay-predictor,admission_type,0.0005,0.0033,true,12536,2026-05-02T14:00:00Z
mlflow://experiment-6/length-of-stay-predictor,diagnosis_group,0.0228,0.0062,true,39303,2026-05-02T14:00:00Z
mlflow://experiment-6/length-of-stay-predictor,procedure_count,0.0041,0.004,true,41946,2026-05-02T14:00:00Z
mlflow://experiment-6/length-of-stay-predictor,age,0.0081,0.0014,true,43059,2026-05-02T14:00:00Z
mlflow://experiment-6/length-of-stay-predictor,insurance_type,0.0108,0.0052,true,25954,2026-05-02T14:00:00Z
mlflow://experiment-6/length-of-stay-predictor,ed_arrival,0.0141,0.0012,true,28648,2026-05-02T14:00:00Z
mlflow://experiment-6/length-of-stay-predictor,acuity_score,0.0011,0.004,true,18080,2026-05-02T14:00:00Z
mlflow://experiment-6/length-of-stay-predictor,bed_availability,0.0104,0.0047,true,49042,2026-05-02T14:00:00Z
mlflow://experiment-6/length-of-stay-predictor,staffing_ratio,0.0057,0.0035,true,43901,2026-05-02T14:00:00Z
mlflow://experiment-6/length-of-stay-predictor,day_of_week,0.0127,0.0048,true,39738,2026-05-02T14:00:00Z
mlflow://experiment-6/length-of-stay-predictor,admission_type,0.0118,0.0053,true,29179,2026-05-05T14:00:00Z
mlflow://experiment-6/length-of-stay-predictor,diagnosis_group,0.0107,0.0042,true,22112,2026-05-05T14:00:00Z
mlflow://experiment-6/length-of-stay-predictor,procedure_count,0.0152,0.0073,true,42360,2026-05-05T14:00:00Z
mlflow://experiment-6/length-of-stay-predictor,age,0.0095,0.0045,true,8736,2026-05-05T14:00:00Z
mlflow://experiment-6/length-of-stay-predictor,insurance_type,0.0063,0.0051,true,16015,2026-05-05T14:00:00Z
mlflow://experiment-6/length-of-stay-predictor,ed_arrival,0.0104,0.0065,true,8376,2026-05-05T14:00:00Z
mlflow://experiment-6/length-of-stay-predictor,acuity_score,0.0052,0.0027,true,30191,2026-05-05T14:00:00Z
mlflow://experiment-6/length-of-stay-predictor,bed_availability,0.0122,0.0045,true,20374,2026-05-05T14:00:00Z
mlflow://experiment-6/length-of-stay-predictor,staffing_ratio,0.0044,0.0059,true,29449,2026-05-05T14:00:00Z
mlflow://experiment-6/length-of-stay-predictor,day_of_week,0.0029,0.0036,true,29136,2026-05-05T14:00:00Z
mlflow://experiment-6/length-of-stay-predictor,admission_type,0.0042,0.0046,true,16648,2026-05-08T14:00:00Z
mlflow://experiment-6/length-of-stay-predictor,diagnosis_group,0.0054,0.0062,true,31333,2026-05-08T14:00:00Z
mlflow://experiment-6/length-of-stay-predictor,procedure_count,0.0089,0.0056,true,23753,2026-05-08T14:00:00Z
mlflow://experiment-6/length-of-stay-predictor,age,0.0086,0.0067,true,39789,2026-05-08T14:00:00Z
mlflow://experiment-6/length-of-stay-predictor,insurance_type,0.0155,0.0001,true,45239,2026-05-08T14:00:00Z
mlflow://experiment-6/length-of-stay-predictor,ed_arrival,0.0084,0.0025,true,14771,2026-05-08T14:00:00Z
mlflow://experiment-6/length-of-stay-predictor,acuity_score,0.0068,0.0057,true,47482,2026-05-08T14:00:00Z
mlflow://experiment-6/length-of-stay-predictor,bed_availability,0.0161,0.005,true,38873,2026-05-08T14:00:00Z
mlflow://experiment-6/length-of-stay-predictor,staffing_ratio,0.0086,0.0048,true,36706,2026-05-08T14:00:00Z
mlflow://experiment-6/length-of-stay-predictor,day_of_week,0.0145,0.0065,true,6516,2026-05-08T14:00:00Z
mlflow://experiment-6/length-of-stay-predictor,admission_type,0.0147,0.0081,true,43785,2026-05-11T14:00:00Z
mlflow://experiment-6/length-of-stay-predictor,diagnosis_group,0.0187,0.0062,true,33960,2026-05-11T14:00:00Z
mlflow://experiment-6/length-of-stay-predictor,procedure_count,0.0043,0.0068,true,47263,2026-05-11T14:00:00Z
mlflow://experiment-6/length-of-stay-predictor,age,0.0124,0.0023,true,13002,2026-05-11T14:00:00Z
mlflow://experiment-6/length-of-stay-predictor,insurance_type,0.0057,0.0051,true,18918,2026-05-11T14:00:00Z
mlflow://experiment-6/length-of-stay-predictor,ed_arrival,0.0154,0.0061,false,17690,2026-05-11T14:00:00Z
mlflow://experiment-6/length-of-stay-predictor,acuity_score,0.0049,0.0071,true,36315,2026-05-11T14:00:00Z
mlflow://experiment-6/length-of-stay-predictor,bed_availability,0.0092,0.0054,true,39783,2026-05-11T14:00:00Z
mlflow://experiment-6/length-of-stay-predictor,staffing_ratio,0.0065,0.0076,true,46457,2026-05-11T14:00:00Z
mlflow://experiment-6/length-of-stay-predictor,day_of_week,0.0154,0.003,true,29325,2026-05-11T14:00:00Z
mlflow://experiment-6/length-of-stay-predictor,admission_type,0.0117,0.0069,true,11341,2026-05-14T14:00:00Z
mlflow://experiment-6/length-of-stay-predictor,diagnosis_group,0.0092,0.0002,true,44857,2026-05-14T14:00:00Z
mlflow://experiment-6/length-of-stay-predictor,procedure_count,0.0091,0.0042,true,28917,2026-05-14T14:00:00Z
mlflow://experiment-6/length-of-stay-predictor,age,0.0092,0.0068,true,38530,2026-05-14T14:00:00Z
mlflow://experiment-6/length-of-stay-predictor,insurance_type,0.0126,0.0029,true,40956,2026-05-14T14:00:00Z
mlflow://experiment-6/length-of-stay-predictor,ed_arrival,0.0134,0.0024,true,19614,2026-05-14T14:00:00Z
mlflow://experiment-6/length-of-stay-predictor,acuity_score,0.0191,0.006,true,19544,2026-05-14T14:00:00Z
mlflow://experiment-6/length-of-stay-predictor,bed_availability,0.0078,0.0038,true,28635,2026-05-14T14:00:00Z
mlflow://experiment-6/length-of-stay-predictor,staffing_ratio,0.0133,0.0057,false,26267,2026-05-14T14:00:00Z
mlflow://experiment-6/length-of-stay-predictor,day_of_week,0.0151,0.0051,true,24256,2026-05-14T14:00:00Z
mlflow://experiment-6/length-of-stay-predictor,admission_type,0.0092,0.0051,true,14315,2026-05-17T14:00:00Z
mlflow://experiment-6/length-of-stay-predictor,diagnosis_group,0.0097,0.0065,true,45510,2026-05-17T14:00:00Z
mlflow://experiment-6/length-of-stay-predictor,procedure_count,0.0047,0.0059,true,10671,2026-05-17T14:00:00Z
mlflow://experiment-6/length-of-stay-predictor,age,0.0049,0.008,true,11535,2026-05-17T14:00:00Z
mlflow://experiment-6/length-of-stay-predictor,insurance_type,0.0121,0.005,true,5283,2026-05-17T14:00:00Z
mlflow://experiment-6/length-of-stay-predictor,ed_arrival,0.0079,0.0052,true,15454,2026-05-17T14:00:00Z
mlflow://experiment-6/length-of-stay-predictor,acuity_score,0.0129,0.005,true,37373,2026-05-17T14:00:00Z
mlflow://experiment-6/length-of-stay-predictor,bed_availability,0.0179,0.0047,true,33161,2026-05-17T14:00:00Z
mlflow://experiment-6/length-of-stay-predictor,staffing_ratio,0.0062,0.0045,true,14011,2026-05-17T14:00:00Z
mlflow://experiment-6/length-of-stay-predictor,day_of_week,0.0057,0.0026,true,16284,2026-05-17T14:00:00Z
mlflow://experiment-6/length-of-stay-predictor,admission_type,0.015,0.0068,true,15832,2026-05-20T14:00:00Z
mlflow://experiment-6/length-of-stay-predictor,diagnosis_group,0.0124,0.005,true,17229,2026-05-20T14:00:00Z
mlflow://experiment-6/length-of-stay-predictor,procedure_count,0.0166,0.0075,true,46698,2026-05-20T14:00:00Z
mlflow://experiment-6/length-of-stay-predictor,age,0.021,0.0034,true,22210,2026-05-20T14:00:00Z
mlflow://experiment-6/length-of-stay-predictor,insurance_type,0.0103,0.0054,true,8239,2026-05-20T14:00:00Z
mlflow://experiment-6/length-of-stay-predictor,ed_arrival,0.0152,0.0028,true,35056,2026-05-20T14:00:00Z
mlflow://experiment-6/length-of-stay-predictor,acuity_score,0.0062,0.0027,true,27928,2026-05-20T14:00:00Z
mlflow://experiment-6/length-of-stay-predictor,bed_availability,0.0067,0.0068,true,35128,2026-05-20T14:00:00Z
mlflow://experiment-6/length-of-stay-predictor,staffing_ratio,0.0086,0.0086,true,39787,2026-05-20T14:00:00Z
mlflow://experiment-6/length-of-stay-predictor,day_of_week,0.0142,0.006,true,29272,2026-05-20T14:00:00Z
mlflow://experiment-6/length-of-stay-predictor,admission_type,0.0054,0.0062,true,48301,2026-05-23T14:00:00Z
mlflow://experiment-6/length-of-stay-predictor,diagnosis_group,0.0194,0.0018,true,28935,2026-05-23T14:00:00Z
mlflow://experiment-6/length-of-stay-predictor,procedure_count,0.0083,0.0042,true,9061,2026-05-23T14:00:00Z
mlflow://experiment-6/length-of-stay-predictor,age,0.0074,0.0047,true,29384,2026-05-23T14:00:00Z
mlflow://experiment-6/length-of-stay-predictor,insurance_type,0.007,0.0051,true,44558,2026-05-23T14:00:00Z
mlflow://experiment-6/length-of-stay-predictor,ed_arrival,0.0129,0.0035,true,16166,2026-05-23T14:00:00Z
mlflow://experiment-6/length-of-stay-predictor,acuity_score,0.0168,0.0044,true,8461,2026-05-23T14:00:00Z
mlflow://experiment-6/length-of-stay-predictor,bed_availability,0.0026,0.0047,true,31804,2026-05-23T14:00:00Z
mlflow://experiment-6/length-of-stay-predictor,staffing_ratio,0.0049,0.007,true,34928,2026-05-23T14:00:00Z
mlflow://experiment-6/length-of-stay-predictor,day_of_week,0.0149,0.0057,true,49317,2026-05-23T14:00:00Z
mlflow://experiment-6/length-of-stay-predictor,admission_type,0.0036,0.0058,true,31230,2026-05-26T14:00:00Z
mlflow://experiment-6/length-of-stay-predictor,diagnosis_group,0.0147,0.004,true,39293,2026-05-26T14:00:00Z
mlflow://experiment-6/length-of-stay-predictor,procedure_count,0.0037,0.0069,true,45496,2026-05-26T14:00:00Z
mlflow://experiment-6/length-of-stay-predictor,age,0.0074,0.0035,true,11771,2026-05-26T14:00:00Z
mlflow://experiment-6/length-of-stay-predictor,insurance_type,0.0047,0.0058,true,45170,2026-05-26T14:00:00Z
mlflow://experiment-6/length-of-stay-predictor,ed_arrival,0.0148,0.0052,true,34233,2026-05-26T14:00:00Z
mlflow://experiment-6/length-of-stay-predictor,acuity_score,0.0116,0.0007,true,23864,2026-05-26T14:00:00Z
mlflow://experiment-6/length-of-stay-predictor,bed_availability,0.0175,0.0037,true,16686,2026-05-26T14:00:00Z
mlflow://experiment-6/length-of-stay-predictor,staffing_ratio,0.0071,0.0055,true,17564,2026-05-26T14:00:00Z
mlflow://experiment-6/length-of-stay-predictor,day_of_week,0.0082,0.0061,true,29607,2026-05-26T14:00:00Z
mlflow://experiment-6/length-of-stay-predictor,admission_type,0.0139,0.0006,true,9298,2026-05-29T14:00:00Z
mlflow://experiment-6/length-of-stay-predictor,diagnosis_group,0.0185,0.0025,true,15303,2026-05-29T14:00:00Z
mlflow://experiment-6/length-of-stay-predictor,procedure_count,0.0106,0.0019,true,33426,2026-05-29T14:00:00Z
mlflow://experiment-6/length-of-stay-predictor,age,0.0039,0.0047,true,6265,2026-05-29T14:00:00Z
mlflow://experiment-6/length-of-stay-predictor,insurance_type,0.0093,0.0055,true,9856,2026-05-29T14:00:00Z
mlflow://experiment-6/length-of-stay-predictor,ed_arrival,0.0123,0.0017,true,16838,2026-05-29T14:00:00Z
mlflow://experiment-6/length-of-stay-predictor,acuity_score,0.0152,0.0049,true,5649,2026-05-29T14:00:00Z
mlflow://experiment-6/length-of-stay-predictor,bed_availability,0.0117,0.005,true,11345,2026-05-29T14:00:00Z
mlflow://experiment-6/length-of-stay-predictor,staffing_ratio,0.0066,0.0066,true,45430,2026-05-29T14:00:00Z
mlflow://experiment-6/length-of-stay-predictor,day_of_week,0.0066,0.0037,true,36479,2026-05-29T14:00:00Z
mlflow://experiment-6/length-of-stay-predictor,admission_type,0.0102,0.0058,true,6444,2026-06-01T14:00:00Z
mlflow://experiment-6/length-of-stay-predictor,diagnosis_group,0.0071,0.0047,true,14924,2026-06-01T14:00:00Z
mlflow://experiment-6/length-of-stay-predictor,procedure_count,0.0193,0.0074,true,31494,2026-06-01T14:00:00Z
mlflow://experiment-6/length-of-stay-predictor,age,0.0117,0.0046,true,17357,2026-06-01T14:00:00Z
mlflow://experiment-6/length-of-stay-predictor,insurance_type,0.0043,0.0032,true,5898,2026-06-01T14:00:00Z
mlflow://experiment-6/length-of-stay-predictor,ed_arrival,0.0151,0.0048,true,30404,2026-06-01T14:00:00Z
mlflow://experiment-6/length-of-stay-predictor,acuity_score,0.0081,0.0042,true,26190,2026-06-01T14:00:00Z
mlflow://experiment-6/length-of-stay-predictor,bed_availability,0.0085,0.005,true,5838,2026-06-01T14:00:00Z
mlflow://experiment-6/length-of-stay-predictor,staffing_ratio,0.0133,0.0032,true,45691,2026-06-01T14:00:00Z
mlflow://experiment-6/length-of-stay-predictor,day_of_week,0.0043,0.0039,true,31651,2026-06-01T14:00:00Z
mlflow://experiment-6/length-of-stay-predictor,admission_type,0.0091,0.0071,true,19548,2026-06-04T14:00:00Z
mlflow://experiment-6/length-of-stay-predictor,diagnosis_group,0.004,0.0056,false,39114,2026-06-04T14:00:00Z
mlflow://experiment-6/length-of-stay-predictor,procedure_count,0.0128,0.0059,false,47505,2026-06-04T14:00:00Z
mlflow://experiment-6/length-of-stay-predictor,age,0.0065,0.0024,true,22366,2026-06-04T14:00:00Z
mlflow://experiment-6/length-of-stay-predictor,insurance_type,0.0101,0.0066,true,14536,2026-06-04T14:00:00Z
mlflow://experiment-6/length-of-stay-predictor,ed_arrival,0.0067,0.0036,true,23107,2026-06-04T14:00:00Z
mlflow://experiment-6/length-of-stay-predictor,acuity_score,0.0176,0.0035,true,12361,2026-06-04T14:00:00Z
mlflow://experiment-6/length-of-stay-predictor,bed_availability,0.0198,0.0063,true,32720,2026-06-04T14:00:00Z
mlflow://experiment-6/length-of-stay-predictor,staffing_ratio,0.0089,0.0075,true,16815,2026-06-04T14:00:00Z
mlflow://experiment-6/length-of-stay-predictor,day_of_week,0.0022,0.0057,true,31919,2026-06-04T14:00:00Z
mlflow://experiment-6/length-of-stay-predictor,admission_type,0.0038,0.0057,true,21907,2026-06-07T14:00:00Z
mlflow://experiment-6/length-of-stay-predictor,diagnosis_group,0.0044,0.009,true,26736,2026-06-07T14:00:00Z
mlflow://experiment-6/length-of-stay-predictor,procedure_count,0.0059,0.0049,true,32805,2026-06-07T14:00:00Z
mlflow://experiment-6/length-of-stay-predictor,age,0.0073,0.0038,true,49738,2026-06-07T14:00:00Z
mlflow://experiment-6/length-of-stay-predictor,insurance_type,0.0121,0.0073,true,5551,2026-06-07T14:00:00Z
mlflow://experiment-6/length-of-stay-predictor,ed_arrival,0.0111,0.0035,true,48169,2026-06-07T14:00:00Z
mlflow://experiment-6/length-of-stay-predictor,acuity_score,0.0067,0.0044,true,6512,2026-06-07T14:00:00Z
mlflow://experiment-6/length-of-stay-predictor,bed_availability,0.0147,0.0035,true,40883,2026-06-07T14:00:00Z
mlflow://experiment-6/length-of-stay-predictor,staffing_ratio,0.01,0.0058,true,35663,2026-06-07T14:00:00Z
mlflow://experiment-6/length-of-stay-predictor,day_of_week,0.0059,0.0036,true,48849,2026-06-07T14:00:00Z
mlflow://experiment-6/length-of-stay-predictor,admission_type,0.0109,0.004,true,25650,2026-06-10T14:00:00Z
mlflow://experiment-6/length-of-stay-predictor,diagnosis_group,0.0033,0.0079,true,17664,2026-06-10T14:00:00Z
mlflow://experiment-6/length-of-stay-predictor,procedure_count,0.0098,0.0074,true,21236,2026-06-10T14:00:00Z
mlflow://experiment-6/length-of-stay-predictor,age,0.0061,0.0063,true,6252,2026-06-10T14:00:00Z
mlflow://experiment-6/length-of-stay-predictor,insurance_type,0.0097,0.0024,true,24921,2026-06-10T14:00:00Z
mlflow://experiment-6/length-of-stay-predictor,ed_arrival,0.0152,0.0051,true,15527,2026-06-10T14:00:00Z
mlflow://experiment-6/length-of-stay-predictor,acuity_score,0.0181,0.0043,true,48511,2026-06-10T14:00:00Z
mlflow://experiment-6/length-of-stay-predictor,bed_availability,0.0135,0.0069,true,30798,2026-06-10T14:00:00Z
mlflow://experiment-6/length-of-stay-predictor,staffing_ratio,0.0071,0.0026,true,47085,2026-06-10T14:00:00Z
mlflow://experiment-6/length-of-stay-predictor,day_of_week,0.0158,0.0086,true,29696,2026-06-10T14:00:00Z
mlflow://experiment-6/length-of-stay-predictor,admission_type,0.0082,0.0038,true,37785,2026-06-13T14:00:00Z
mlflow://experiment-6/length-of-stay-predictor,diagnosis_group,0.0097,0.0039,true,8459,2026-06-13T14:00:00Z
mlflow://experiment-6/length-of-stay-predictor,procedure_count,0.0134,0.0049,true,32595,2026-06-13T14:00:00Z
mlflow://experiment-6/length-of-stay-predictor,age,0.0077,0.0106,true,37558,2026-06-13T14:00:00Z
mlflow://experiment-6/length-of-stay-predictor,insurance_type,0.0151,0.0081,true,26003,2026-06-13T14:00:00Z
mlflow://experiment-6/length-of-stay-predictor,ed_arrival,0.0106,0.004,true,11810,2026-06-13T14:00:00Z
mlflow://experiment-6/length-of-stay-predictor,acuity_score,0.014,0.0036,true,16528,2026-06-13T14:00:00Z
mlflow://experiment-6/length-of-stay-predictor,bed_availability,0.016,0.0077,true,9979,2026-06-13T14:00:00Z
mlflow://experiment-6/length-of-stay-predictor,staffing_ratio,0.0063,0.0067,true,13188,2026-06-13T14:00:00Z
mlflow://experiment-6/length-of-stay-predictor,day_of_week,0.0093,0.0055,true,28263,2026-06-13T14:00:00Z
mlflow://experiment-6/length-of-stay-predictor,admission_type,0.0172,0.0051,true,10554,2026-06-16T14:00:00Z
mlflow://experiment-6/length-of-stay-predictor,diagnosis_group,0.0082,0.0014,true,42821,2026-06-16T14:00:00Z
mlflow://experiment-6/length-of-stay-predictor,procedure_count,0,0.0055,true,25183,2026-06-16T14:00:00Z
mlflow://experiment-6/length-of-stay-predictor,age,0.0102,0.0047,true,24991,2026-06-16T14:00:00Z
mlflow://experiment-6/length-of-stay-predictor,insurance_type,0.0026,0.0073,true,7290,2026-06-16T14:00:00Z
mlflow://experiment-6/length-of-stay-predictor,ed_arrival,0.0083,0.0035,true,31013,2026-06-16T14:00:00Z
mlflow://experiment-6/length-of-stay-predictor,acuity_score,0.0051,0.0037,true,42943,2026-06-16T14:00:00Z
mlflow://experiment-6/length-of-stay-predictor,bed_availability,0,0.0039,true,22874,2026-06-16T14:00:00Z
mlflow://experiment-6/length-of-stay-predictor,staffing_ratio,0.0102,0.0037,true,15395,2026-06-16T14:00:00Z
mlflow://experiment-6/length-of-stay-predictor,day_of_week,0.0141,0.0045,true,25726,2026-06-16T14:00:00Z
mlflow://experiment-6/length-of-stay-predictor,admission_type,0.015,0.0086,true,37691,2026-06-19T14:00:00Z
mlflow://experiment-6/length-of-stay-predictor,diagnosis_group,0.0061,0.0054,true,10624,2026-06-19T14:00:00Z
mlflow://experiment-6/length-of-stay-predictor,procedure_count,0.0112,0.0047,true,38973,2026-06-19T14:00:00Z
mlflow://experiment-6/length-of-stay-predictor,age,0.0107,0.0042,true,37385,2026-06-19T14:00:00Z
mlflow://experiment-6/length-of-stay-predictor,insurance_type,0.0163,0.0041,true,13692,2026-06-19T14:00:00Z
mlflow://experiment-6/length-of-stay-predictor,ed_arrival,0.011,0.003,true,34255,2026-06-19T14:00:00Z
mlflow://experiment-6/length-of-stay-predictor,acuity_score,0.0073,0.0029,true,34020,2026-06-19T14:00:00Z
mlflow://experiment-6/length-of-stay-predictor,bed_availability,0.0179,0.0038,true,49566,2026-06-19T14:00:00Z
mlflow://experiment-6/length-of-stay-predictor,staffing_ratio,0.0071,0.0045,true,30039,2026-06-19T14:00:00Z
mlflow://experiment-6/length-of-stay-predictor,day_of_week,0.007,0.0042,true,28478,2026-06-19T14:00:00Z
mlflow://experiment-6/length-of-stay-predictor,admission_type,0.0108,0.0054,true,19883,2026-06-22T14:00:00Z
mlflow://experiment-6/length-of-stay-predictor,diagnosis_group,0.013,0.0075,true,42644,2026-06-22T14:00:00Z
mlflow://experiment-6/length-of-stay-predictor,procedure_count,0.0089,0.0035,true,18168,2026-06-22T14:00:00Z
mlflow://experiment-6/length-of-stay-predictor,age,0.005,0.0074,true,35600,2026-06-22T14:00:00Z
mlflow://experiment-6/length-of-stay-predictor,insurance_type,0.0045,0.0032,true,34756,2026-06-22T14:00:00Z
mlflow://experiment-6/length-of-stay-predictor,ed_arrival,0.0173,0.0035,true,19198,2026-06-22T14:00:00Z
mlflow://experiment-6/length-of-stay-predictor,acuity_score,0.0057,0.0085,true,29858,2026-06-22T14:00:00Z
mlflow://experiment-6/length-of-stay-predictor,bed_availability,0.0147,0.0053,true,18469,2026-06-22T14:00:00Z
mlflow://experiment-6/length-of-stay-predictor,staffing_ratio,0.0108,0.0066,true,48654,2026-06-22T14:00:00Z
mlflow://experiment-6/length-of-stay-predictor,day_of_week,0.0048,0.0021,true,46715,2026-06-22T14:00:00Z
mlflow://experiment-6/length-of-stay-predictor,admission_type,0.0116,0.0036,true,27651,2026-06-25T14:00:00Z
mlflow://experiment-6/length-of-stay-predictor,diagnosis_group,0.0059,0.005,true,17105,2026-06-25T14:00:00Z
mlflow://experiment-6/length-of-stay-predictor,procedure_count,0.0135,0.0089,true,31642,2026-06-25T14:00:00Z
mlflow://experiment-6/length-of-stay-predictor,age,0.0068,0.004,true,8211,2026-06-25T14:00:00Z
mlflow://experiment-6/length-of-stay-predictor,insurance_type,0.0032,0.0036,true,5402,2026-06-25T14:00:00Z
mlflow://experiment-6/length-of-stay-predictor,ed_arrival,0.0136,0.0023,true,25159,2026-06-25T14:00:00Z
mlflow://experiment-6/length-of-stay-predictor,acuity_score,0.0151,0.0068,true,19659,2026-06-25T14:00:00Z
mlflow://experiment-6/length-of-stay-predictor,bed_availability,0.0102,0.0047,true,31826,2026-06-25T14:00:00Z
mlflow://experiment-6/length-of-stay-predictor,staffing_ratio,0.0101,0.0069,true,23194,2026-06-25T14:00:00Z
mlflow://experiment-6/length-of-stay-predictor,day_of_week,0.01,0.0064,true,9129,2026-06-25T14:00:00Z
mlflow://experiment-6/length-of-stay-predictor,admission_type,0.0052,0.0059,true,16558,2026-06-28T14:00:00Z
mlflow://experiment-6/length-of-stay-predictor,diagnosis_group,0.0086,0.0021,true,31242,2026-06-28T14:00:00Z
mlflow://experiment-6/length-of-stay-predictor,procedure_count,0.0073,0.0062,true,14931,2026-06-28T14:00:00Z
mlflow://experiment-6/length-of-stay-predictor,age,0.0047,0.0037,true,45528,2026-06-28T14:00:00Z
mlflow://experiment-6/length-of-stay-predictor,insurance_type,0.0068,0.0068,true,25495,2026-06-28T14:00:00Z
mlflow://experiment-6/length-of-stay-predictor,ed_arrival,0.0042,0.0048,true,21637,2026-06-28T14:00:00Z
mlflow://experiment-6/length-of-stay-predictor,acuity_score,0.012,0.0057,true,36979,2026-06-28T14:00:00Z
mlflow://experiment-6/length-of-stay-predictor,bed_availability,0.0085,0.0047,true,30851,2026-06-28T14:00:00Z
mlflow://experiment-6/length-of-stay-predictor,staffing_ratio,0.0139,0.0084,true,11756,2026-06-28T14:00:00Z
mlflow://experiment-6/length-of-stay-predictor,day_of_week,0.0178,0.0038,false,5770,2026-06-28T14:00:00Z
mlflow://experiment-6/length-of-stay-predictor,admission_type,0.0056,0.0049,true,40106,2026-07-01T14:00:00Z
mlflow://experiment-6/length-of-stay-predictor,diagnosis_group,0.0222,0.0053,true,11949,2026-07-01T14:00:00Z
mlflow://experiment-6/length-of-stay-predictor,procedure_count,0.0145,0.0071,true,7189,2026-07-01T14:00:00Z
mlflow://experiment-6/length-of-stay-predictor,age,0.0101,0.0058,true,6604,2026-07-01T14:00:00Z
mlflow://experiment-6/length-of-stay-predictor,insurance_type,0.0023,0.0051,true,29007,2026-07-01T14:00:00Z
mlflow://experiment-6/length-of-stay-predictor,ed_arrival,0.018,0.0051,true,35020,2026-07-01T14:00:00Z
mlflow://experiment-6/length-of-stay-predictor,acuity_score,0.0112,0.0039,true,36449,2026-07-01T14:00:00Z
mlflow://experiment-6/length-of-stay-predictor,bed_availability,0.0069,0.0045,true,14269,2026-07-01T14:00:00Z
mlflow://experiment-6/length-of-stay-predictor,staffing_ratio,0.0173,0.0035,true,44917,2026-07-01T14:00:00Z
mlflow://experiment-6/length-of-stay-predictor,day_of_week,0.0091,0.0064,true,8589,2026-07-01T14:00:00Z
mlflow://experiment-6/length-of-stay-predictor,admission_type,0.0091,0.0068,true,37211,2026-07-04T14:00:00Z
mlflow://experiment-6/length-of-stay-predictor,diagnosis_group,0.0143,0.0063,true,24482,2026-07-04T14:00:00Z
mlflow://experiment-6/length-of-stay-predictor,procedure_count,0.0067,0.0092,true,6167,2026-07-04T14:00:00Z
mlflow://experiment-6/length-of-stay-predictor,age,0.0183,0.0062,true,46456,2026-07-04T14:00:00Z
mlflow://experiment-6/length-of-stay-predictor,insurance_type,0.0105,0.0065,true,38616,2026-07-04T14:00:00Z
mlflow://experiment-6/length-of-stay-predictor,ed_arrival,0.0062,0.0022,true,48247,2026-07-04T14:00:00Z
mlflow://experiment-6/length-of-stay-predictor,acuity_score,0.0161,0.0061,true,14862,2026-07-04T14:00:00Z
mlflow://experiment-6/length-of-stay-predictor,bed_availability,0.0099,0.0061,true,37903,2026-07-04T14:00:00Z
mlflow://experiment-6/length-of-stay-predictor,staffing_ratio,0.0068,0.007,true,15540,2026-07-04T14:00:00Z
mlflow://experiment-6/length-of-stay-predictor,day_of_week,0.0154,0.005,true,33146,2026-07-04T14:00:00Z
mlflow://experiment-6/length-of-stay-predictor,admission_type,0.0072,0.004,true,25554,2026-07-07T14:00:00Z
mlflow://experiment-6/length-of-stay-predictor,diagnosis_group,0.0136,0.0059,true,9073,2026-07-07T14:00:00Z
mlflow://experiment-6/length-of-stay-predictor,procedure_count,0.0158,0.0051,true,27551,2026-07-07T14:00:00Z
mlflow://experiment-6/length-of-stay-predictor,age,0.0131,0.004,true,9112,2026-07-07T14:00:00Z
mlflow://experiment-6/length-of-stay-predictor,insurance_type,0.0105,0.0025,true,14921,2026-07-07T14:00:00Z
mlflow://experiment-6/length-of-stay-predictor,ed_arrival,0.0052,0.0051,true,23923,2026-07-07T14:00:00Z
mlflow://experiment-6/length-of-stay-predictor,acuity_score,0.0108,0.0059,true,7441,2026-07-07T14:00:00Z
mlflow://experiment-6/length-of-stay-predictor,bed_availability,0.0094,0.0015,true,37959,2026-07-07T14:00:00Z
mlflow://experiment-6/length-of-stay-predictor,staffing_ratio,0.0132,0.0088,true,9375,2026-07-07T14:00:00Z
mlflow://experiment-6/length-of-stay-predictor,day_of_week,0.0083,0.0049,true,35213,2026-07-07T14:00:00Z
mlflow://experiment-6/length-of-stay-predictor,admission_type,0.0138,0.003,true,41329,2026-07-10T14:00:00Z
mlflow://experiment-6/length-of-stay-predictor,diagnosis_group,0.0137,0.0053,true,35022,2026-07-10T14:00:00Z
mlflow://experiment-6/length-of-stay-predictor,procedure_count,0.0057,0.0049,true,20156,2026-07-10T14:00:00Z
mlflow://experiment-6/length-of-stay-predictor,age,0.0102,0.0038,true,30568,2026-07-10T14:00:00Z
mlflow://experiment-6/length-of-stay-predictor,insurance_type,0,0.0063,false,49519,2026-07-10T14:00:00Z
mlflow://experiment-6/length-of-stay-predictor,ed_arrival,0.0086,0.0062,true,12910,2026-07-10T14:00:00Z
mlflow://experiment-6/length-of-stay-predictor,acuity_score,0.0172,0.0035,true,32586,2026-07-10T14:00:00Z
mlflow://experiment-6/length-of-stay-predictor,bed_availability,0.0105,0.0035,true,49059,2026-07-10T14:00:00Z
mlflow://experiment-6/length-of-stay-predictor,staffing_ratio,0.0206,0.0058,true,41273,2026-07-10T14:00:00Z
mlflow://experiment-6/length-of-stay-predictor,day_of_week,0.0144,0.0059,true,40560,2026-07-10T14:00:00Z
mlflow://experiment-6/length-of-stay-predictor,admission_type,0.0045,0.0061,true,45078,2026-07-13T14:00:00Z
mlflow://experiment-6/length-of-stay-predictor,diagnosis_group,0.016,0.0089,true,29802,2026-07-13T14:00:00Z
mlflow://experiment-6/length-of-stay-predictor,procedure_count,0.0164,0.0051,true,5853,2026-07-13T14:00:00Z
mlflow://experiment-6/length-of-stay-predictor,age,0.0227,0.003,true,6975,2026-07-13T14:00:00Z
mlflow://experiment-6/length-of-stay-predictor,insurance_type,0.0014,0.0036,true,41763,2026-07-13T14:00:00Z
mlflow://experiment-6/length-of-stay-predictor,ed_arrival,0.0112,0.0051,false,18920,2026-07-13T14:00:00Z
mlflow://experiment-6/length-of-stay-predictor,acuity_score,0.0062,0.0033,false,48019,2026-07-13T14:00:00Z
mlflow://experiment-6/length-of-stay-predictor,bed_availability,0.0069,0.001,true,39938,2026-07-13T14:00:00Z
mlflow://experiment-6/length-of-stay-predictor,staffing_ratio,0.0116,0.0071,true,43988,2026-07-13T14:00:00Z
mlflow://experiment-6/length-of-stay-predictor,day_of_week,0.0078,0.0037,true,49312,2026-07-13T14:00:00Z
mlflow://experiment-6/length-of-stay-predictor,admission_type,0.0103,0.0016,true,38022,2026-07-16T14:00:00Z
mlflow://experiment-6/length-of-stay-predictor,diagnosis_group,0.0187,0.0048,true,21525,2026-07-16T14:00:00Z
mlflow://experiment-6/length-of-stay-predictor,procedure_count,0.0026,0.0075,true,46153,2026-07-16T14:00:00Z
mlflow://experiment-6/length-of-stay-predictor,age,0.0059,0.0057,true,35876,2026-07-16T14:00:00Z
mlflow://experiment-6/length-of-stay-predictor,insurance_type,0.007,0.0047,true,43896,2026-07-16T14:00:00Z
mlflow://experiment-6/length-of-stay-predictor,ed_arrival,0.0127,0.0074,false,47186,2026-07-16T14:00:00Z
mlflow://experiment-6/length-of-stay-predictor,acuity_score,0.0097,0.0061,true,15500,2026-07-16T14:00:00Z
mlflow://experiment-6/length-of-stay-predictor,bed_availability,0.0129,0.0062,true,19162,2026-07-16T14:00:00Z
mlflow://experiment-6/length-of-stay-predictor,staffing_ratio,0.0086,0.0049,true,19313,2026-07-16T14:00:00Z
mlflow://experiment-6/length-of-stay-predictor,day_of_week,0.0087,0.0031,true,38679,2026-07-16T14:00:00Z
mlflow://experiment-6/length-of-stay-predictor,admission_type,0.0085,0.0052,true,16341,2026-07-19T14:00:00Z
mlflow://experiment-6/length-of-stay-predictor,diagnosis_group,0.0073,0.005,true,23857,2026-07-19T14:00:00Z
mlflow://experiment-6/length-of-stay-predictor,procedure_count,0.0152,0.0053,true,26468,2026-07-19T14:00:00Z
mlflow://experiment-6/length-of-stay-predictor,age,0.0121,0.003,true,14814,2026-07-19T14:00:00Z
mlflow://experiment-6/length-of-stay-predictor,insurance_type,0.0143,0.005,true,9637,2026-07-19T14:00:00Z
mlflow://experiment-6/length-of-stay-predictor,ed_arrival,0.0146,0.0092,true,46562,2026-07-19T14:00:00Z
mlflow://experiment-6/length-of-stay-predictor,acuity_score,0.0047,0.0048,true,30576,2026-07-19T14:00:00Z
mlflow://experiment-6/length-of-stay-predictor,bed_availability,0.0202,0.0036,true,27014,2026-07-19T14:00:00Z
mlflow://experiment-6/length-of-stay-predictor,staffing_ratio,0.0075,0.0012,true,33221,2026-07-19T14:00:00Z
mlflow://experiment-6/length-of-stay-predictor,day_of_week,0.0176,0.0027,true,35938,2026-07-19T14:00:00Z
mlflow://experiment-6/length-of-stay-predictor,admission_type,0.008,0.0043,true,33310,2026-07-22T14:00:00Z
mlflow://experiment-6/length-of-stay-predictor,diagnosis_group,0.0105,0.007,true,30926,2026-07-22T14:00:00Z
mlflow://experiment-6/length-of-stay-predictor,procedure_count,0.0097,0.0047,true,29240,2026-07-22T14:00:00Z
mlflow://experiment-6/length-of-stay-predictor,age,0.0109,0.0036,true,7210,2026-07-22T14:00:00Z
mlflow://experiment-6/length-of-stay-predictor,insurance_type,0.0124,0.0041,true,14390,2026-07-22T14:00:00Z
mlflow://experiment-6/length-of-stay-predictor,ed_arrival,0.0104,0.0104,true,21055,2026-07-22T14:00:00Z
mlflow://experiment-6/length-of-stay-predictor,acuity_score,0.0175,0.0033,true,33995,2026-07-22T14:00:00Z
mlflow://experiment-6/length-of-stay-predictor,bed_availability,0.0177,0.0062,true,43738,2026-07-22T14:00:00Z
mlflow://experiment-6/length-of-stay-predictor,staffing_ratio,0.0122,0.0029,true,15056,2026-07-22T14:00:00Z
mlflow://experiment-6/length-of-stay-predictor,day_of_week,0.0044,0.0045,true,7783,2026-07-22T14:00:00Z
mlflow://experiment-6/length-of-stay-predictor,admission_type,0.0089,0.0027,true,48985,2026-07-25T14:00:00Z
mlflow://experiment-6/length-of-stay-predictor,diagnosis_group,0.0123,0.0015,true,46152,2026-07-25T14:00:00Z
mlflow://experiment-6/length-of-stay-predictor,procedure_count,0.0096,0.0026,true,43605,2026-07-25T14:00:00Z
mlflow://experiment-6/length-of-stay-predictor,age,0.0056,0.0045,true,35281,2026-07-25T14:00:00Z
mlflow://experiment-6/length-of-stay-predictor,insurance_type,0.0075,0.0015,true,33114,2026-07-25T14:00:00Z
mlflow://experiment-6/length-of-stay-predictor,ed_arrival,0.0138,0.0064,true,39816,2026-07-25T14:00:00Z
mlflow://experiment-6/length-of-stay-predictor,acuity_score,0,0.0061,true,39431,2026-07-25T14:00:00Z
mlflow://experiment-6/length-of-stay-predictor,bed_availability,0.0072,0.0031,true,10498,2026-07-25T14:00:00Z
mlflow://experiment-6/length-of-stay-predictor,staffing_ratio,0.0122,0.0048,true,8416,2026-07-25T14:00:00Z
mlflow://experiment-6/length-of-stay-predictor,day_of_week,0.0075,0.0069,true,20539,2026-07-25T14:00:00Z
mlflow://experiment-6/length-of-stay-predictor,admission_type,0.0121,0.0048,true,45863,2026-07-28T14:00:00Z
mlflow://experiment-6/length-of-stay-predictor,diagnosis_group,0.0112,0.0079,true,31608,2026-07-28T14:00:00Z
mlflow://experiment-6/length-of-stay-predictor,procedure_count,0.0106,0.0085,true,21714,2026-07-28T14:00:00Z
mlflow://experiment-6/length-of-stay-predictor,age,0.014,0.0072,true,20165,2026-07-28T14:00:00Z
mlflow://experiment-6/length-of-stay-predictor,insurance_type,0.0108,0.0041,true,38156,2026-07-28T14:00:00Z
mlflow://experiment-6/length-of-stay-predictor,ed_arrival,0.0169,0.0091,true,24670,2026-07-28T14:00:00Z
mlflow://experiment-6/length-of-stay-predictor,acuity_score,0.021,0.0033,true,13897,2026-07-28T14:00:00Z
mlflow://experiment-6/length-of-stay-predictor,bed_availability,0.0022,0.004,true,22067,2026-07-28T14:00:00Z
mlflow://experiment-6/length-of-stay-predictor,staffing_ratio,0.0061,0.0038,true,42624,2026-07-28T14:00:00Z
mlflow://experiment-6/length-of-stay-predictor,day_of_week,0.0108,0.0046,true,19196,2026-07-28T14:00:00Z
mlflow://experiment-7/claim-denial-risk-scorer,cpt_code,0.0181,0.0049,true,9912,2026-05-02T14:00:00Z
mlflow://experiment-7/claim-denial-risk-scorer,icd10_primary,0.0256,0.0023,true,9018,2026-05-02T14:00:00Z
mlflow://experiment-7/claim-denial-risk-scorer,modifier_count,0.0355,0.0025,true,36678,2026-05-02T14:00:00Z
mlflow://experiment-7/claim-denial-risk-scorer,prior_auth_flag,0.0324,0.0046,true,24375,2026-05-02T14:00:00Z
mlflow://experiment-7/claim-denial-risk-scorer,payer_type,0.0321,0.0053,true,16663,2026-05-02T14:00:00Z
mlflow://experiment-7/claim-denial-risk-scorer,provider_specialty,0.0291,0.0029,true,31517,2026-05-02T14:00:00Z
mlflow://experiment-7/claim-denial-risk-scorer,claim_amount,0.0287,0.0009,true,11974,2026-05-02T14:00:00Z
mlflow://experiment-7/claim-denial-risk-scorer,days_to_submit,0.0339,0.0051,true,5159,2026-05-02T14:00:00Z
mlflow://experiment-7/claim-denial-risk-scorer,documentation_score,0.0274,0.0061,true,49670,2026-05-02T14:00:00Z
mlflow://experiment-7/claim-denial-risk-scorer,historic_denial_rate,0.0285,0.0064,true,7407,2026-05-02T14:00:00Z
mlflow://experiment-7/claim-denial-risk-scorer,cpt_code,0.0338,0.0073,true,29008,2026-05-05T14:00:00Z
mlflow://experiment-7/claim-denial-risk-scorer,icd10_primary,0.028,0.0017,false,43657,2026-05-05T14:00:00Z
mlflow://experiment-7/claim-denial-risk-scorer,modifier_count,0.0359,0.0062,true,8866,2026-05-05T14:00:00Z
mlflow://experiment-7/claim-denial-risk-scorer,prior_auth_flag,0.0271,0.0051,true,42625,2026-05-05T14:00:00Z
mlflow://experiment-7/claim-denial-risk-scorer,payer_type,0.0343,0.0061,true,13501,2026-05-05T14:00:00Z
mlflow://experiment-7/claim-denial-risk-scorer,provider_specialty,0.0366,0.0063,true,37833,2026-05-05T14:00:00Z
mlflow://experiment-7/claim-denial-risk-scorer,claim_amount,0.0342,0.0066,true,36255,2026-05-05T14:00:00Z
mlflow://experiment-7/claim-denial-risk-scorer,days_to_submit,0.0327,0.0056,true,18000,2026-05-05T14:00:00Z
mlflow://experiment-7/claim-denial-risk-scorer,documentation_score,0.0217,0.0027,true,39225,2026-05-05T14:00:00Z
mlflow://experiment-7/claim-denial-risk-scorer,historic_denial_rate,0.0349,0.004,true,34000,2026-05-05T14:00:00Z
mlflow://experiment-7/claim-denial-risk-scorer,cpt_code,0.0262,0.0005,true,20752,2026-05-08T14:00:00Z
mlflow://experiment-7/claim-denial-risk-scorer,icd10_primary,0.021,0.0036,true,22109,2026-05-08T14:00:00Z
mlflow://experiment-7/claim-denial-risk-scorer,modifier_count,0.0267,0.0027,true,17193,2026-05-08T14:00:00Z
mlflow://experiment-7/claim-denial-risk-scorer,prior_auth_flag,0.0292,0.0043,true,49605,2026-05-08T14:00:00Z
mlflow://experiment-7/claim-denial-risk-scorer,payer_type,0.0285,0.0039,true,8268,2026-05-08T14:00:00Z
mlflow://experiment-7/claim-denial-risk-scorer,provider_specialty,0.0353,0.0015,true,17056,2026-05-08T14:00:00Z
mlflow://experiment-7/claim-denial-risk-scorer,claim_amount,0.0278,0.0077,true,11208,2026-05-08T14:00:00Z
mlflow://experiment-7/claim-denial-risk-scorer,days_to_submit,0.0345,0.0036,true,40247,2026-05-08T14:00:00Z
mlflow://experiment-7/claim-denial-risk-scorer,documentation_score,0.0207,0.0015,true,21996,2026-05-08T14:00:00Z
mlflow://experiment-7/claim-denial-risk-scorer,historic_denial_rate,0.0286,0.0026,true,47276,2026-05-08T14:00:00Z
mlflow://experiment-7/claim-denial-risk-scorer,cpt_code,0.0383,0.0026,true,21275,2026-05-11T14:00:00Z
mlflow://experiment-7/claim-denial-risk-scorer,icd10_primary,0.0204,0.0052,true,28492,2026-05-11T14:00:00Z
mlflow://experiment-7/claim-denial-risk-scorer,modifier_count,0.0321,0.0026,true,23096,2026-05-11T14:00:00Z
mlflow://experiment-7/claim-denial-risk-scorer,prior_auth_flag,0.0214,0.0046,true,16393,2026-05-11T14:00:00Z
mlflow://experiment-7/claim-denial-risk-scorer,payer_type,0.0334,0.0071,true,46996,2026-05-11T14:00:00Z
mlflow://experiment-7/claim-denial-risk-scorer,provider_specialty,0.0321,0.0053,true,6946,2026-05-11T14:00:00Z
mlflow://experiment-7/claim-denial-risk-scorer,claim_amount,0.0307,0.0064,true,44126,2026-05-11T14:00:00Z
mlflow://experiment-7/claim-denial-risk-scorer,days_to_submit,0.0244,0.0042,true,40428,2026-05-11T14:00:00Z
mlflow://experiment-7/claim-denial-risk-scorer,documentation_score,0.0221,0.0047,true,35232,2026-05-11T14:00:00Z
mlflow://experiment-7/claim-denial-risk-scorer,historic_denial_rate,0.0281,0.0075,true,31336,2026-05-11T14:00:00Z
mlflow://experiment-7/claim-denial-risk-scorer,cpt_code,0.0398,0.0033,true,7867,2026-05-14T14:00:00Z
mlflow://experiment-7/claim-denial-risk-scorer,icd10_primary,0.0275,0.0027,true,19307,2026-05-14T14:00:00Z
mlflow://experiment-7/claim-denial-risk-scorer,modifier_count,0.0313,0.0047,true,43824,2026-05-14T14:00:00Z
mlflow://experiment-7/claim-denial-risk-scorer,prior_auth_flag,0.0334,0.0046,true,5396,2026-05-14T14:00:00Z
mlflow://experiment-7/claim-denial-risk-scorer,payer_type,0.0345,0.0063,true,23145,2026-05-14T14:00:00Z
mlflow://experiment-7/claim-denial-risk-scorer,provider_specialty,0.0273,0.0036,true,41412,2026-05-14T14:00:00Z
mlflow://experiment-7/claim-denial-risk-scorer,claim_amount,0.0338,0.0051,true,11375,2026-05-14T14:00:00Z
mlflow://experiment-7/claim-denial-risk-scorer,days_to_submit,0.0275,0.0048,true,5568,2026-05-14T14:00:00Z
mlflow://experiment-7/claim-denial-risk-scorer,documentation_score,0.0279,0.0063,true,32405,2026-05-14T14:00:00Z
mlflow://experiment-7/claim-denial-risk-scorer,historic_denial_rate,0.0301,0.0053,true,43485,2026-05-14T14:00:00Z
mlflow://experiment-7/claim-denial-risk-scorer,cpt_code,0.0279,0.0061,true,49810,2026-05-17T14:00:00Z
mlflow://experiment-7/claim-denial-risk-scorer,icd10_primary,0.029,0.0062,true,12218,2026-05-17T14:00:00Z
mlflow://experiment-7/claim-denial-risk-scorer,modifier_count,0.0281,0.0041,true,35588,2026-05-17T14:00:00Z
mlflow://experiment-7/claim-denial-risk-scorer,prior_auth_flag,0.0293,0.0005,true,18206,2026-05-17T14:00:00Z
mlflow://experiment-7/claim-denial-risk-scorer,payer_type,0.0342,0.0019,true,34680,2026-05-17T14:00:00Z
mlflow://experiment-7/claim-denial-risk-scorer,provider_specialty,0.0316,0.0077,true,25158,2026-05-17T14:00:00Z
mlflow://experiment-7/claim-denial-risk-scorer,claim_amount,0.026,0.0032,true,5623,2026-05-17T14:00:00Z
mlflow://experiment-7/claim-denial-risk-scorer,days_to_submit,0.0311,0.0057,true,25503,2026-05-17T14:00:00Z
mlflow://experiment-7/claim-denial-risk-scorer,documentation_score,0.0207,0.0047,true,15955,2026-05-17T14:00:00Z
mlflow://experiment-7/claim-denial-risk-scorer,historic_denial_rate,0.0293,0.0016,true,12624,2026-05-17T14:00:00Z
mlflow://experiment-7/claim-denial-risk-scorer,cpt_code,0.0261,0.004,true,23359,2026-05-20T14:00:00Z
mlflow://experiment-7/claim-denial-risk-scorer,icd10_primary,0.0213,0.009,true,14902,2026-05-20T14:00:00Z
mlflow://experiment-7/claim-denial-risk-scorer,modifier_count,0.0379,0.0076,true,29298,2026-05-20T14:00:00Z
mlflow://experiment-7/claim-denial-risk-scorer,prior_auth_flag,0.0377,0.0055,true,5017,2026-05-20T14:00:00Z
mlflow://experiment-7/claim-denial-risk-scorer,payer_type,0.0307,0.0042,true,8230,2026-05-20T14:00:00Z
mlflow://experiment-7/claim-denial-risk-scorer,provider_specialty,0.024,0.0023,true,19847,2026-05-20T14:00:00Z
mlflow://experiment-7/claim-denial-risk-scorer,claim_amount,0.0358,0.0029,true,8839,2026-05-20T14:00:00Z
mlflow://experiment-7/claim-denial-risk-scorer,days_to_submit,0.0379,0.0082,true,27954,2026-05-20T14:00:00Z
mlflow://experiment-7/claim-denial-risk-scorer,documentation_score,0.0312,0.007,true,41131,2026-05-20T14:00:00Z
mlflow://experiment-7/claim-denial-risk-scorer,historic_denial_rate,0.0352,0.0034,true,10745,2026-05-20T14:00:00Z
mlflow://experiment-7/claim-denial-risk-scorer,cpt_code,0.0332,0.0033,true,6072,2026-05-23T14:00:00Z
mlflow://experiment-7/claim-denial-risk-scorer,icd10_primary,0.0304,0.0064,true,26764,2026-05-23T14:00:00Z
mlflow://experiment-7/claim-denial-risk-scorer,modifier_count,0.0283,0.0058,true,22300,2026-05-23T14:00:00Z
mlflow://experiment-7/claim-denial-risk-scorer,prior_auth_flag,0.0337,0.0035,true,31149,2026-05-23T14:00:00Z
mlflow://experiment-7/claim-denial-risk-scorer,payer_type,0.0239,0.007,true,8103,2026-05-23T14:00:00Z
mlflow://experiment-7/claim-denial-risk-scorer,provider_specialty,0.0259,0.0025,true,32399,2026-05-23T14:00:00Z
mlflow://experiment-7/claim-denial-risk-scorer,claim_amount,0.0321,0.0038,true,9782,2026-05-23T14:00:00Z
mlflow://experiment-7/claim-denial-risk-scorer,days_to_submit,0.0357,0.0024,true,32361,2026-05-23T14:00:00Z
mlflow://experiment-7/claim-denial-risk-scorer,documentation_score,0.0393,0.0051,true,46597,2026-05-23T14:00:00Z
mlflow://experiment-7/claim-denial-risk-scorer,historic_denial_rate,0.04,0.0097,true,33406,2026-05-23T14:00:00Z
mlflow://experiment-7/claim-denial-risk-scorer,cpt_code,0.028,0,true,6715,2026-05-26T14:00:00Z
mlflow://experiment-7/claim-denial-risk-scorer,icd10_primary,0.0351,0.0047,true,27597,2026-05-26T14:00:00Z
mlflow://experiment-7/claim-denial-risk-scorer,modifier_count,0.0343,0.0035,true,49668,2026-05-26T14:00:00Z
mlflow://experiment-7/claim-denial-risk-scorer,prior_auth_flag,0.0253,0.0073,true,31455,2026-05-26T14:00:00Z
mlflow://experiment-7/claim-denial-risk-scorer,payer_type,0.0273,0.005,true,18706,2026-05-26T14:00:00Z
mlflow://experiment-7/claim-denial-risk-scorer,provider_specialty,0.0327,0.0067,true,47972,2026-05-26T14:00:00Z
mlflow://experiment-7/claim-denial-risk-scorer,claim_amount,0.0295,0.0059,true,35454,2026-05-26T14:00:00Z
mlflow://experiment-7/claim-denial-risk-scorer,days_to_submit,0.0297,0.0049,true,11558,2026-05-26T14:00:00Z
mlflow://experiment-7/claim-denial-risk-scorer,documentation_score,0.036,0.0034,true,39743,2026-05-26T14:00:00Z
mlflow://experiment-7/claim-denial-risk-scorer,historic_denial_rate,0.0335,0.002,true,33024,2026-05-26T14:00:00Z
mlflow://experiment-7/claim-denial-risk-scorer,cpt_code,0.0381,0.0049,true,41958,2026-05-29T14:00:00Z
mlflow://experiment-7/claim-denial-risk-scorer,icd10_primary,0.0295,0.002,true,47191,2026-05-29T14:00:00Z
mlflow://experiment-7/claim-denial-risk-scorer,modifier_count,0.0265,0.007,true,29558,2026-05-29T14:00:00Z
mlflow://experiment-7/claim-denial-risk-scorer,prior_auth_flag,0.0322,0.0063,true,14697,2026-05-29T14:00:00Z
mlflow://experiment-7/claim-denial-risk-scorer,payer_type,0.0295,0.0031,true,39464,2026-05-29T14:00:00Z
mlflow://experiment-7/claim-denial-risk-scorer,provider_specialty,0.0349,0.0031,true,45749,2026-05-29T14:00:00Z
mlflow://experiment-7/claim-denial-risk-scorer,claim_amount,0.0317,0.0021,true,11138,2026-05-29T14:00:00Z
mlflow://experiment-7/claim-denial-risk-scorer,days_to_submit,0.033,0.0055,true,12634,2026-05-29T14:00:00Z
mlflow://experiment-7/claim-denial-risk-scorer,documentation_score,0.0363,0.0079,true,25414,2026-05-29T14:00:00Z
mlflow://experiment-7/claim-denial-risk-scorer,historic_denial_rate,0.031,0.0098,true,20233,2026-05-29T14:00:00Z
mlflow://experiment-7/claim-denial-risk-scorer,cpt_code,0.0325,0.0059,true,7768,2026-06-01T14:00:00Z
mlflow://experiment-7/claim-denial-risk-scorer,icd10_primary,0.0262,0.0046,true,9215,2026-06-01T14:00:00Z
mlflow://experiment-7/claim-denial-risk-scorer,modifier_count,0.0184,0.0031,true,41438,2026-06-01T14:00:00Z
mlflow://experiment-7/claim-denial-risk-scorer,prior_auth_flag,0.0261,0.0063,true,17074,2026-06-01T14:00:00Z
mlflow://experiment-7/claim-denial-risk-scorer,payer_type,0.0351,0.0095,true,13265,2026-06-01T14:00:00Z
mlflow://experiment-7/claim-denial-risk-scorer,provider_specialty,0.0313,0.0058,true,39273,2026-06-01T14:00:00Z
mlflow://experiment-7/claim-denial-risk-scorer,claim_amount,0.0248,0.0056,true,31659,2026-06-01T14:00:00Z
mlflow://experiment-7/claim-denial-risk-scorer,days_to_submit,0.0297,0.0068,true,11080,2026-06-01T14:00:00Z
mlflow://experiment-7/claim-denial-risk-scorer,documentation_score,0.0265,0.0076,true,43567,2026-06-01T14:00:00Z
mlflow://experiment-7/claim-denial-risk-scorer,historic_denial_rate,0.0341,0.0076,true,33944,2026-06-01T14:00:00Z
mlflow://experiment-7/claim-denial-risk-scorer,cpt_code,0.0322,0.0051,true,37257,2026-06-04T14:00:00Z
mlflow://experiment-7/claim-denial-risk-scorer,icd10_primary,0.0373,0.0051,true,41434,2026-06-04T14:00:00Z
mlflow://experiment-7/claim-denial-risk-scorer,modifier_count,0.0233,0.008,false,28645,2026-06-04T14:00:00Z
mlflow://experiment-7/claim-denial-risk-scorer,prior_auth_flag,0.0265,0.0069,true,10653,2026-06-04T14:00:00Z
mlflow://experiment-7/claim-denial-risk-scorer,payer_type,0.038,0.0074,true,31776,2026-06-04T14:00:00Z
mlflow://experiment-7/claim-denial-risk-scorer,provider_specialty,0.0289,0.0057,true,36334,2026-06-04T14:00:00Z
mlflow://experiment-7/claim-denial-risk-scorer,claim_amount,0.0208,0.0039,true,44415,2026-06-04T14:00:00Z
mlflow://experiment-7/claim-denial-risk-scorer,days_to_submit,0.0312,0.0052,true,25144,2026-06-04T14:00:00Z
mlflow://experiment-7/claim-denial-risk-scorer,documentation_score,0.0244,0.0103,true,45907,2026-06-04T14:00:00Z
mlflow://experiment-7/claim-denial-risk-scorer,historic_denial_rate,0.0402,0.0019,true,7832,2026-06-04T14:00:00Z
mlflow://experiment-7/claim-denial-risk-scorer,cpt_code,0.032,0.0048,true,49695,2026-06-07T14:00:00Z
mlflow://experiment-7/claim-denial-risk-scorer,icd10_primary,0.0361,0.0035,true,30913,2026-06-07T14:00:00Z
mlflow://experiment-7/claim-denial-risk-scorer,modifier_count,0.0275,0.0073,true,12979,2026-06-07T14:00:00Z
mlflow://experiment-7/claim-denial-risk-scorer,prior_auth_flag,0.025,0.0065,true,45963,2026-06-07T14:00:00Z
mlflow://experiment-7/claim-denial-risk-scorer,payer_type,0.0273,0.0045,true,31495,2026-06-07T14:00:00Z
mlflow://experiment-7/claim-denial-risk-scorer,provider_specialty,0.0314,0.003,true,40019,2026-06-07T14:00:00Z
mlflow://experiment-7/claim-denial-risk-scorer,claim_amount,0.0276,0.0061,true,27808,2026-06-07T14:00:00Z
mlflow://experiment-7/claim-denial-risk-scorer,days_to_submit,0.0299,0.0041,true,33238,2026-06-07T14:00:00Z
mlflow://experiment-7/claim-denial-risk-scorer,documentation_score,0.0339,0.0073,true,9271,2026-06-07T14:00:00Z
mlflow://experiment-7/claim-denial-risk-scorer,historic_denial_rate,0.0264,0.0043,true,43953,2026-06-07T14:00:00Z
mlflow://experiment-7/claim-denial-risk-scorer,cpt_code,0.0449,0.0064,true,42779,2026-06-10T14:00:00Z
mlflow://experiment-7/claim-denial-risk-scorer,icd10_primary,0.0293,0.006,true,28791,2026-06-10T14:00:00Z
mlflow://experiment-7/claim-denial-risk-scorer,modifier_count,0.0274,0.0065,true,38517,2026-06-10T14:00:00Z
mlflow://experiment-7/claim-denial-risk-scorer,prior_auth_flag,0.03,0.0047,true,22233,2026-06-10T14:00:00Z
mlflow://experiment-7/claim-denial-risk-scorer,payer_type,0.0252,0.0015,true,41814,2026-06-10T14:00:00Z
mlflow://experiment-7/claim-denial-risk-scorer,provider_specialty,0.0275,0.0073,true,37299,2026-06-10T14:00:00Z
mlflow://experiment-7/claim-denial-risk-scorer,claim_amount,0.0316,0.0046,true,48195,2026-06-10T14:00:00Z
mlflow://experiment-7/claim-denial-risk-scorer,days_to_submit,0.0346,0.003,true,31956,2026-06-10T14:00:00Z
mlflow://experiment-7/claim-denial-risk-scorer,documentation_score,0.0325,0.0018,true,34627,2026-06-10T14:00:00Z
mlflow://experiment-7/claim-denial-risk-scorer,historic_denial_rate,0.0377,0.0028,true,49108,2026-06-10T14:00:00Z
mlflow://experiment-7/claim-denial-risk-scorer,cpt_code,0.0217,0.0071,true,29665,2026-06-13T14:00:00Z
mlflow://experiment-7/claim-denial-risk-scorer,icd10_primary,0.0316,0.0078,true,41939,2026-06-13T14:00:00Z
mlflow://experiment-7/claim-denial-risk-scorer,modifier_count,0.0356,0.0056,true,48567,2026-06-13T14:00:00Z
mlflow://experiment-7/claim-denial-risk-scorer,prior_auth_flag,0.0413,0.0018,true,8183,2026-06-13T14:00:00Z
mlflow://experiment-7/claim-denial-risk-scorer,payer_type,0.0255,0.0038,true,28461,2026-06-13T14:00:00Z
mlflow://experiment-7/claim-denial-risk-scorer,provider_specialty,0.0395,0.0048,true,7379,2026-06-13T14:00:00Z
mlflow://experiment-7/claim-denial-risk-scorer,claim_amount,0.0295,0.0068,true,47998,2026-06-13T14:00:00Z
mlflow://experiment-7/claim-denial-risk-scorer,days_to_submit,0.0421,0.0044,true,29670,2026-06-13T14:00:00Z
mlflow://experiment-7/claim-denial-risk-scorer,documentation_score,0.0241,0.0052,true,26130,2026-06-13T14:00:00Z
mlflow://experiment-7/claim-denial-risk-scorer,historic_denial_rate,0.034,0.0047,true,36038,2026-06-13T14:00:00Z
mlflow://experiment-7/claim-denial-risk-scorer,cpt_code,0.0257,0.0021,true,7030,2026-06-16T14:00:00Z
mlflow://experiment-7/claim-denial-risk-scorer,icd10_primary,0.0245,0.0062,true,21257,2026-06-16T14:00:00Z
mlflow://experiment-7/claim-denial-risk-scorer,modifier_count,0.0277,0.0035,true,36113,2026-06-16T14:00:00Z
mlflow://experiment-7/claim-denial-risk-scorer,prior_auth_flag,0.029,0.0074,true,48159,2026-06-16T14:00:00Z
mlflow://experiment-7/claim-denial-risk-scorer,payer_type,0.0306,0.0052,true,23326,2026-06-16T14:00:00Z
mlflow://experiment-7/claim-denial-risk-scorer,provider_specialty,0.0315,0.0072,true,46388,2026-06-16T14:00:00Z
mlflow://experiment-7/claim-denial-risk-scorer,claim_amount,0.0324,0.0079,true,39561,2026-06-16T14:00:00Z
mlflow://experiment-7/claim-denial-risk-scorer,days_to_submit,0.0327,0.0066,true,45576,2026-06-16T14:00:00Z
mlflow://experiment-7/claim-denial-risk-scorer,documentation_score,0.0368,0.0031,true,47192,2026-06-16T14:00:00Z
mlflow://experiment-7/claim-denial-risk-scorer,historic_denial_rate,0.0319,0.0047,true,37599,2026-06-16T14:00:00Z
mlflow://experiment-7/claim-denial-risk-scorer,cpt_code,0.0306,0.0063,false,7163,2026-06-19T14:00:00Z
mlflow://experiment-7/claim-denial-risk-scorer,icd10_primary,0.0197,0.0035,true,7384,2026-06-19T14:00:00Z
mlflow://experiment-7/claim-denial-risk-scorer,modifier_count,0.0251,0.0077,true,5259,2026-06-19T14:00:00Z
mlflow://experiment-7/claim-denial-risk-scorer,prior_auth_flag,0.0328,0.0045,true,12970,2026-06-19T14:00:00Z
mlflow://experiment-7/claim-denial-risk-scorer,payer_type,0.027,0.0048,true,40134,2026-06-19T14:00:00Z
mlflow://experiment-7/claim-denial-risk-scorer,provider_specialty,0.0296,0.0011,true,44753,2026-06-19T14:00:00Z
mlflow://experiment-7/claim-denial-risk-scorer,claim_amount,0.0263,0.0056,true,21119,2026-06-19T14:00:00Z
mlflow://experiment-7/claim-denial-risk-scorer,days_to_submit,0.0304,0.0062,true,32111,2026-06-19T14:00:00Z
mlflow://experiment-7/claim-denial-risk-scorer,documentation_score,0.0341,0.0053,true,27206,2026-06-19T14:00:00Z
mlflow://experiment-7/claim-denial-risk-scorer,historic_denial_rate,0.034,0.0077,true,36373,2026-06-19T14:00:00Z
mlflow://experiment-7/claim-denial-risk-scorer,cpt_code,0.0316,0.0036,true,28014,2026-06-22T14:00:00Z
mlflow://experiment-7/claim-denial-risk-scorer,icd10_primary,0.0277,0.0056,false,9102,2026-06-22T14:00:00Z
mlflow://experiment-7/claim-denial-risk-scorer,modifier_count,0.0277,0.0077,true,13534,2026-06-22T14:00:00Z
mlflow://experiment-7/claim-denial-risk-scorer,prior_auth_flag,0.0282,0.0087,true,49623,2026-06-22T14:00:00Z
mlflow://experiment-7/claim-denial-risk-scorer,payer_type,0.0315,0.0063,true,28941,2026-06-22T14:00:00Z
mlflow://experiment-7/claim-denial-risk-scorer,provider_specialty,0.0267,0.0041,true,18250,2026-06-22T14:00:00Z
mlflow://experiment-7/claim-denial-risk-scorer,claim_amount,0.0312,0.0042,true,27463,2026-06-22T14:00:00Z
mlflow://experiment-7/claim-denial-risk-scorer,days_to_submit,0.0248,0.0015,true,10587,2026-06-22T14:00:00Z
mlflow://experiment-7/claim-denial-risk-scorer,documentation_score,0.0326,0.0021,true,12669,2026-06-22T14:00:00Z
mlflow://experiment-7/claim-denial-risk-scorer,historic_denial_rate,0.0215,0.0046,true,25046,2026-06-22T14:00:00Z
mlflow://experiment-7/claim-denial-risk-scorer,cpt_code,0.0343,0.004,true,22642,2026-06-25T14:00:00Z
mlflow://experiment-7/claim-denial-risk-scorer,icd10_primary,0.0246,0.0042,true,47391,2026-06-25T14:00:00Z
mlflow://experiment-7/claim-denial-risk-scorer,modifier_count,0.0303,0.0037,true,11413,2026-06-25T14:00:00Z
mlflow://experiment-7/claim-denial-risk-scorer,prior_auth_flag,0.0284,0.0032,true,16187,2026-06-25T14:00:00Z
mlflow://experiment-7/claim-denial-risk-scorer,payer_type,0.0302,0.0037,true,9195,2026-06-25T14:00:00Z
mlflow://experiment-7/claim-denial-risk-scorer,provider_specialty,0.0237,0.0061,true,28987,2026-06-25T14:00:00Z
mlflow://experiment-7/claim-denial-risk-scorer,claim_amount,0.0273,0.0048,true,24360,2026-06-25T14:00:00Z
mlflow://experiment-7/claim-denial-risk-scorer,days_to_submit,0.0311,0.0039,false,49207,2026-06-25T14:00:00Z
mlflow://experiment-7/claim-denial-risk-scorer,documentation_score,0.0347,0.0059,true,47001,2026-06-25T14:00:00Z
mlflow://experiment-7/claim-denial-risk-scorer,historic_denial_rate,0.0302,0.0053,true,11763,2026-06-25T14:00:00Z
mlflow://experiment-7/claim-denial-risk-scorer,cpt_code,0.0345,0.0034,true,10092,2026-06-28T14:00:00Z
mlflow://experiment-7/claim-denial-risk-scorer,icd10_primary,0.0254,0.0055,true,18772,2026-06-28T14:00:00Z
mlflow://experiment-7/claim-denial-risk-scorer,modifier_count,0.0384,0.0036,true,32522,2026-06-28T14:00:00Z
mlflow://experiment-7/claim-denial-risk-scorer,prior_auth_flag,0.0271,0.0071,true,45664,2026-06-28T14:00:00Z
mlflow://experiment-7/claim-denial-risk-scorer,payer_type,0.0309,0.0049,true,24473,2026-06-28T14:00:00Z
mlflow://experiment-7/claim-denial-risk-scorer,provider_specialty,0.022,0.0067,true,13992,2026-06-28T14:00:00Z
mlflow://experiment-7/claim-denial-risk-scorer,claim_amount,0.0285,0.006,false,24700,2026-06-28T14:00:00Z
mlflow://experiment-7/claim-denial-risk-scorer,days_to_submit,0.0273,0.0071,true,45871,2026-06-28T14:00:00Z
mlflow://experiment-7/claim-denial-risk-scorer,documentation_score,0.0378,0.0063,true,48223,2026-06-28T14:00:00Z
mlflow://experiment-7/claim-denial-risk-scorer,historic_denial_rate,0.0241,0.0047,true,5788,2026-06-28T14:00:00Z
mlflow://experiment-7/claim-denial-risk-scorer,cpt_code,0.0339,0.0047,true,15201,2026-07-01T14:00:00Z
mlflow://experiment-7/claim-denial-risk-scorer,icd10_primary,0.0234,0.0036,true,47253,2026-07-01T14:00:00Z
mlflow://experiment-7/claim-denial-risk-scorer,modifier_count,0.025,0.0041,true,47200,2026-07-01T14:00:00Z
mlflow://experiment-7/claim-denial-risk-scorer,prior_auth_flag,0.0337,0.0042,true,38073,2026-07-01T14:00:00Z
mlflow://experiment-7/claim-denial-risk-scorer,payer_type,0.0251,0.0053,true,36335,2026-07-01T14:00:00Z
mlflow://experiment-7/claim-denial-risk-scorer,provider_specialty,0.0377,0.0074,true,40505,2026-07-01T14:00:00Z
mlflow://experiment-7/claim-denial-risk-scorer,claim_amount,0.037,0.0062,true,46430,2026-07-01T14:00:00Z
mlflow://experiment-7/claim-denial-risk-scorer,days_to_submit,0.0281,0.0037,true,10150,2026-07-01T14:00:00Z
mlflow://experiment-7/claim-denial-risk-scorer,documentation_score,0.028,0.0063,true,44149,2026-07-01T14:00:00Z
mlflow://experiment-7/claim-denial-risk-scorer,historic_denial_rate,0.0298,0.003,true,29127,2026-07-01T14:00:00Z
mlflow://experiment-7/claim-denial-risk-scorer,cpt_code,0.0285,0.0043,true,5797,2026-07-04T14:00:00Z
mlflow://experiment-7/claim-denial-risk-scorer,icd10_primary,0.0364,0.0012,true,17488,2026-07-04T14:00:00Z
mlflow://experiment-7/claim-denial-risk-scorer,modifier_count,0.0332,0.0011,true,47428,2026-07-04T14:00:00Z
mlflow://experiment-7/claim-denial-risk-scorer,prior_auth_flag,0.0279,0.0049,true,7189,2026-07-04T14:00:00Z
mlflow://experiment-7/claim-denial-risk-scorer,payer_type,0.0288,0.0059,true,36802,2026-07-04T14:00:00Z
mlflow://experiment-7/claim-denial-risk-scorer,provider_specialty,0.0163,0.0067,true,39483,2026-07-04T14:00:00Z
mlflow://experiment-7/claim-denial-risk-scorer,claim_amount,0.0297,0.0064,true,15422,2026-07-04T14:00:00Z
mlflow://experiment-7/claim-denial-risk-scorer,days_to_submit,0.0346,0.0025,true,34644,2026-07-04T14:00:00Z
mlflow://experiment-7/claim-denial-risk-scorer,documentation_score,0.0324,0.0021,true,41330,2026-07-04T14:00:00Z
mlflow://experiment-7/claim-denial-risk-scorer,historic_denial_rate,0.0372,0.005,true,20141,2026-07-04T14:00:00Z
mlflow://experiment-7/claim-denial-risk-scorer,cpt_code,0.0285,0.0067,true,43089,2026-07-07T14:00:00Z
mlflow://experiment-7/claim-denial-risk-scorer,icd10_primary,0.0334,0.0057,true,37807,2026-07-07T14:00:00Z
mlflow://experiment-7/claim-denial-risk-scorer,modifier_count,0.0269,0.0029,true,38051,2026-07-07T14:00:00Z
mlflow://experiment-7/claim-denial-risk-scorer,prior_auth_flag,0.0352,0.0036,true,47847,2026-07-07T14:00:00Z
mlflow://experiment-7/claim-denial-risk-scorer,payer_type,0.0303,0.0033,true,37940,2026-07-07T14:00:00Z
mlflow://experiment-7/claim-denial-risk-scorer,provider_specialty,0.0343,0.0043,true,9845,2026-07-07T14:00:00Z
mlflow://experiment-7/claim-denial-risk-scorer,claim_amount,0.037,0.0072,true,36919,2026-07-07T14:00:00Z
mlflow://experiment-7/claim-denial-risk-scorer,days_to_submit,0.0344,0.003,true,39847,2026-07-07T14:00:00Z
mlflow://experiment-7/claim-denial-risk-scorer,documentation_score,0.0361,0.0085,true,29053,2026-07-07T14:00:00Z
mlflow://experiment-7/claim-denial-risk-scorer,historic_denial_rate,0.0221,0.0071,true,13078,2026-07-07T14:00:00Z
mlflow://experiment-7/claim-denial-risk-scorer,cpt_code,0.0317,0.0042,true,39548,2026-07-10T14:00:00Z
mlflow://experiment-7/claim-denial-risk-scorer,icd10_primary,0.0336,0.0048,true,6218,2026-07-10T14:00:00Z
mlflow://experiment-7/claim-denial-risk-scorer,modifier_count,0.0217,0.0047,true,8426,2026-07-10T14:00:00Z
mlflow://experiment-7/claim-denial-risk-scorer,prior_auth_flag,0.0291,0.0051,true,36117,2026-07-10T14:00:00Z
mlflow://experiment-7/claim-denial-risk-scorer,payer_type,0.0373,0.0046,true,39729,2026-07-10T14:00:00Z
mlflow://experiment-7/claim-denial-risk-scorer,provider_specialty,0.032,0.0042,true,41088,2026-07-10T14:00:00Z
mlflow://experiment-7/claim-denial-risk-scorer,claim_amount,0.0316,0.0015,true,20692,2026-07-10T14:00:00Z
mlflow://experiment-7/claim-denial-risk-scorer,days_to_submit,0.0304,0.002,true,49112,2026-07-10T14:00:00Z
mlflow://experiment-7/claim-denial-risk-scorer,documentation_score,0.0339,0.0061,true,47203,2026-07-10T14:00:00Z
mlflow://experiment-7/claim-denial-risk-scorer,historic_denial_rate,0.0307,0.0041,true,17034,2026-07-10T14:00:00Z
mlflow://experiment-7/claim-denial-risk-scorer,cpt_code,0.0232,0.0053,true,46225,2026-07-13T14:00:00Z
mlflow://experiment-7/claim-denial-risk-scorer,icd10_primary,0.0282,0.0083,true,35775,2026-07-13T14:00:00Z
mlflow://experiment-7/claim-denial-risk-scorer,modifier_count,0.036,0.0075,true,38692,2026-07-13T14:00:00Z
mlflow://experiment-7/claim-denial-risk-scorer,prior_auth_flag,0.0312,0.0017,true,36750,2026-07-13T14:00:00Z
mlflow://experiment-7/claim-denial-risk-scorer,payer_type,0.0269,0.0036,true,5134,2026-07-13T14:00:00Z
mlflow://experiment-7/claim-denial-risk-scorer,provider_specialty,0.0232,0.0032,true,38119,2026-07-13T14:00:00Z
mlflow://experiment-7/claim-denial-risk-scorer,claim_amount,0.032,0.005,true,37305,2026-07-13T14:00:00Z
mlflow://experiment-7/claim-denial-risk-scorer,days_to_submit,0.026,0.0026,true,17679,2026-07-13T14:00:00Z
mlflow://experiment-7/claim-denial-risk-scorer,documentation_score,0.0265,0.0053,true,16516,2026-07-13T14:00:00Z
mlflow://experiment-7/claim-denial-risk-scorer,historic_denial_rate,0.0325,0.0044,true,15506,2026-07-13T14:00:00Z
mlflow://experiment-7/claim-denial-risk-scorer,cpt_code,0.0377,0.0062,true,38422,2026-07-16T14:00:00Z
mlflow://experiment-7/claim-denial-risk-scorer,icd10_primary,0.0271,0.0041,true,13353,2026-07-16T14:00:00Z
mlflow://experiment-7/claim-denial-risk-scorer,modifier_count,0.0256,0.0027,true,22406,2026-07-16T14:00:00Z
mlflow://experiment-7/claim-denial-risk-scorer,prior_auth_flag,0.0299,0.0064,true,23981,2026-07-16T14:00:00Z
mlflow://experiment-7/claim-denial-risk-scorer,payer_type,0.029,0.0098,true,26672,2026-07-16T14:00:00Z
mlflow://experiment-7/claim-denial-risk-scorer,provider_specialty,0.044,0.0066,true,5339,2026-07-16T14:00:00Z
mlflow://experiment-7/claim-denial-risk-scorer,claim_amount,0.0304,0.0035,true,23687,2026-07-16T14:00:00Z
mlflow://experiment-7/claim-denial-risk-scorer,days_to_submit,0.0351,0.0042,true,20277,2026-07-16T14:00:00Z
mlflow://experiment-7/claim-denial-risk-scorer,documentation_score,0.0327,0.0031,true,47736,2026-07-16T14:00:00Z
mlflow://experiment-7/claim-denial-risk-scorer,historic_denial_rate,0.0349,0.0024,true,47361,2026-07-16T14:00:00Z
mlflow://experiment-7/claim-denial-risk-scorer,cpt_code,0.0358,0.0054,true,29019,2026-07-19T14:00:00Z
mlflow://experiment-7/claim-denial-risk-scorer,icd10_primary,0.0316,0.0055,true,47654,2026-07-19T14:00:00Z
mlflow://experiment-7/claim-denial-risk-scorer,modifier_count,0.0283,0.0071,true,38244,2026-07-19T14:00:00Z
mlflow://experiment-7/claim-denial-risk-scorer,prior_auth_flag,0.0359,0.0044,true,19266,2026-07-19T14:00:00Z
mlflow://experiment-7/claim-denial-risk-scorer,payer_type,0.0305,0.0024,true,42917,2026-07-19T14:00:00Z
mlflow://experiment-7/claim-denial-risk-scorer,provider_specialty,0.0331,0.0039,true,19177,2026-07-19T14:00:00Z
mlflow://experiment-7/claim-denial-risk-scorer,claim_amount,0.0287,0.003,true,23358,2026-07-19T14:00:00Z
mlflow://experiment-7/claim-denial-risk-scorer,days_to_submit,0.0269,0.008,true,11216,2026-07-19T14:00:00Z
mlflow://experiment-7/claim-denial-risk-scorer,documentation_score,0.0291,0.0095,true,32556,2026-07-19T14:00:00Z
mlflow://experiment-7/claim-denial-risk-scorer,historic_denial_rate,0.0247,0.0033,true,34542,2026-07-19T14:00:00Z
mlflow://experiment-7/claim-denial-risk-scorer,cpt_code,0.024,0.0058,false,34295,2026-07-22T14:00:00Z
mlflow://experiment-7/claim-denial-risk-scorer,icd10_primary,0.0252,0.0068,true,48870,2026-07-22T14:00:00Z
mlflow://experiment-7/claim-denial-risk-scorer,modifier_count,0.0278,0.0051,true,37357,2026-07-22T14:00:00Z
mlflow://experiment-7/claim-denial-risk-scorer,prior_auth_flag,0.0303,0.0036,true,49220,2026-07-22T14:00:00Z
mlflow://experiment-7/claim-denial-risk-scorer,payer_type,0.0302,0.004,true,21172,2026-07-22T14:00:00Z
mlflow://experiment-7/claim-denial-risk-scorer,provider_specialty,0.0287,0.0071,true,25728,2026-07-22T14:00:00Z
mlflow://experiment-7/claim-denial-risk-scorer,claim_amount,0.0333,0.0068,true,49406,2026-07-22T14:00:00Z
mlflow://experiment-7/claim-denial-risk-scorer,days_to_submit,0.034,0.0051,true,18075,2026-07-22T14:00:00Z
mlflow://experiment-7/claim-denial-risk-scorer,documentation_score,0.0299,0.0091,true,29715,2026-07-22T14:00:00Z
mlflow://experiment-7/claim-denial-risk-scorer,historic_denial_rate,0.0298,0.0066,true,38612,2026-07-22T14:00:00Z
mlflow://experiment-7/claim-denial-risk-scorer,cpt_code,0.0276,0.0091,true,31324,2026-07-25T14:00:00Z
mlflow://experiment-7/claim-denial-risk-scorer,icd10_primary,0.028,0.0045,true,27419,2026-07-25T14:00:00Z
mlflow://experiment-7/claim-denial-risk-scorer,modifier_count,0.0259,0.0072,true,42277,2026-07-25T14:00:00Z
mlflow://experiment-7/claim-denial-risk-scorer,prior_auth_flag,0.0308,0.0048,true,37852,2026-07-25T14:00:00Z
mlflow://experiment-7/claim-denial-risk-scorer,payer_type,0.0338,0.0061,false,40109,2026-07-25T14:00:00Z
mlflow://experiment-7/claim-denial-risk-scorer,provider_specialty,0.0334,0.0028,true,28616,2026-07-25T14:00:00Z
mlflow://experiment-7/claim-denial-risk-scorer,claim_amount,0.0363,0.0041,true,29494,2026-07-25T14:00:00Z
mlflow://experiment-7/claim-denial-risk-scorer,days_to_submit,0.0361,0.0077,true,32727,2026-07-25T14:00:00Z
mlflow://experiment-7/claim-denial-risk-scorer,documentation_score,0.0218,0.0084,true,16202,2026-07-25T14:00:00Z
mlflow://experiment-7/claim-denial-risk-scorer,historic_denial_rate,0.0251,0.0034,true,37840,2026-07-25T14:00:00Z
mlflow://experiment-7/claim-denial-risk-scorer,cpt_code,0.0361,0.0023,true,32607,2026-07-28T14:00:00Z
mlflow://experiment-7/claim-denial-risk-scorer,icd10_primary,0.0272,0.0076,true,23964,2026-07-28T14:00:00Z
mlflow://experiment-7/claim-denial-risk-scorer,modifier_count,0.0301,0.0051,true,43932,2026-07-28T14:00:00Z
mlflow://experiment-7/claim-denial-risk-scorer,prior_auth_flag,0.0289,0.0017,true,34467,2026-07-28T14:00:00Z
mlflow://experiment-7/claim-denial-risk-scorer,payer_type,0.0343,0.0044,true,27584,2026-07-28T14:00:00Z
mlflow://experiment-7/claim-denial-risk-scorer,provider_specialty,0.0271,0.0055,true,34768,2026-07-28T14:00:00Z
mlflow://experiment-7/claim-denial-risk-scorer,claim_amount,0.032,0.0043,true,44263,2026-07-28T14:00:00Z
mlflow://experiment-7/claim-denial-risk-scorer,days_to_submit,0.0313,0.003,true,7539,2026-07-28T14:00:00Z
mlflow://experiment-7/claim-denial-risk-scorer,documentation_score,0.0317,0.0062,true,32828,2026-07-28T14:00:00Z
mlflow://experiment-7/claim-denial-risk-scorer,historic_denial_rate,0.0352,0.0072,true,47576,2026-07-28T14:00:00Z
mlflow://experiment-8/drug-efficacy-predictor,molecular_weight,0.0042,0.0039,true,41422,2026-05-02T14:00:00Z
mlflow://experiment-8/drug-efficacy-predictor,logp,0.014,0.0083,true,41019,2026-05-02T14:00:00Z
mlflow://experiment-8/drug-efficacy-predictor,hbd_count,0.0144,0.0026,true,11999,2026-05-02T14:00:00Z
mlflow://experiment-8/drug-efficacy-predictor,hba_count,0.0177,0.0044,true,31228,2026-05-02T14:00:00Z
mlflow://experiment-8/drug-efficacy-predictor,rotatable_bonds,0.0075,0.0039,true,28416,2026-05-02T14:00:00Z
mlflow://experiment-8/drug-efficacy-predictor,tpsa,0.009,0.0033,true,48848,2026-05-02T14:00:00Z
mlflow://experiment-8/drug-efficacy-predictor,target_affinity,0.0162,0.0061,true,32722,2026-05-02T14:00:00Z
mlflow://experiment-8/drug-efficacy-predictor,selectivity_score,0.0074,0.0044,true,5427,2026-05-02T14:00:00Z
mlflow://experiment-8/drug-efficacy-predictor,solubility,0.0106,0.0048,true,16311,2026-05-02T14:00:00Z
mlflow://experiment-8/drug-efficacy-predictor,bioavailability,0.0174,0.0046,true,37289,2026-05-02T14:00:00Z
mlflow://experiment-8/drug-efficacy-predictor,molecular_weight,0.0015,0.0043,true,12988,2026-05-05T14:00:00Z
mlflow://experiment-8/drug-efficacy-predictor,logp,0.005,0.0068,true,32227,2026-05-05T14:00:00Z
mlflow://experiment-8/drug-efficacy-predictor,hbd_count,0.0128,0.0053,true,9268,2026-05-05T14:00:00Z
mlflow://experiment-8/drug-efficacy-predictor,hba_count,0.017,0.0093,true,40695,2026-05-05T14:00:00Z
mlflow://experiment-8/drug-efficacy-predictor,rotatable_bonds,0.0118,0.0035,true,17607,2026-05-05T14:00:00Z
mlflow://experiment-8/drug-efficacy-predictor,tpsa,0.014,0.007,true,19697,2026-05-05T14:00:00Z
mlflow://experiment-8/drug-efficacy-predictor,target_affinity,0.0042,0.0062,true,21386,2026-05-05T14:00:00Z
mlflow://experiment-8/drug-efficacy-predictor,selectivity_score,0.0048,0.0085,true,30306,2026-05-05T14:00:00Z
mlflow://experiment-8/drug-efficacy-predictor,solubility,0.0111,0.0032,true,33261,2026-05-05T14:00:00Z
mlflow://experiment-8/drug-efficacy-predictor,bioavailability,0.0075,0.0065,true,12472,2026-05-05T14:00:00Z
mlflow://experiment-8/drug-efficacy-predictor,molecular_weight,0.0123,0.0046,true,34035,2026-05-08T14:00:00Z
mlflow://experiment-8/drug-efficacy-predictor,logp,0.0129,0.0045,true,5525,2026-05-08T14:00:00Z
mlflow://experiment-8/drug-efficacy-predictor,hbd_count,0.0081,0.0046,true,9574,2026-05-08T14:00:00Z
mlflow://experiment-8/drug-efficacy-predictor,hba_count,0.0174,0.0064,true,5464,2026-05-08T14:00:00Z
mlflow://experiment-8/drug-efficacy-predictor,rotatable_bonds,0.0191,0.0061,true,31917,2026-05-08T14:00:00Z
mlflow://experiment-8/drug-efficacy-predictor,tpsa,0.0082,0.0041,true,19790,2026-05-08T14:00:00Z
mlflow://experiment-8/drug-efficacy-predictor,target_affinity,0,0.004,true,45431,2026-05-08T14:00:00Z
mlflow://experiment-8/drug-efficacy-predictor,selectivity_score,0.0139,0.0009,true,15258,2026-05-08T14:00:00Z
mlflow://experiment-8/drug-efficacy-predictor,solubility,0.0107,0.0064,true,8871,2026-05-08T14:00:00Z
mlflow://experiment-8/drug-efficacy-predictor,bioavailability,0.006,0.0056,true,16663,2026-05-08T14:00:00Z
mlflow://experiment-8/drug-efficacy-predictor,molecular_weight,0.0087,0.0042,true,28562,2026-05-11T14:00:00Z
mlflow://experiment-8/drug-efficacy-predictor,logp,0.0141,0.0047,true,40002,2026-05-11T14:00:00Z
mlflow://experiment-8/drug-efficacy-predictor,hbd_count,0.0168,0.0075,true,44110,2026-05-11T14:00:00Z
mlflow://experiment-8/drug-efficacy-predictor,hba_count,0.0057,0.0051,true,42714,2026-05-11T14:00:00Z
mlflow://experiment-8/drug-efficacy-predictor,rotatable_bonds,0.0067,0.0029,true,40060,2026-05-11T14:00:00Z
mlflow://experiment-8/drug-efficacy-predictor,tpsa,0.0175,0.0019,true,37518,2026-05-11T14:00:00Z
mlflow://experiment-8/drug-efficacy-predictor,target_affinity,0.0046,0.0048,true,13188,2026-05-11T14:00:00Z
mlflow://experiment-8/drug-efficacy-predictor,selectivity_score,0.0092,0.005,true,37584,2026-05-11T14:00:00Z
mlflow://experiment-8/drug-efficacy-predictor,solubility,0.0085,0.008,true,23137,2026-05-11T14:00:00Z
mlflow://experiment-8/drug-efficacy-predictor,bioavailability,0.0113,0.0046,true,31081,2026-05-11T14:00:00Z
mlflow://experiment-8/drug-efficacy-predictor,molecular_weight,0.0054,0.0076,true,14176,2026-05-14T14:00:00Z
mlflow://experiment-8/drug-efficacy-predictor,logp,0.0129,0.0055,true,37698,2026-05-14T14:00:00Z
mlflow://experiment-8/drug-efficacy-predictor,hbd_count,0.0072,0.0057,true,26268,2026-05-14T14:00:00Z
mlflow://experiment-8/drug-efficacy-predictor,hba_count,0.0061,0.0042,true,8669,2026-05-14T14:00:00Z
mlflow://experiment-8/drug-efficacy-predictor,rotatable_bonds,0.0154,0.0059,true,5718,2026-05-14T14:00:00Z
mlflow://experiment-8/drug-efficacy-predictor,tpsa,0.0121,0.0025,true,45697,2026-05-14T14:00:00Z
mlflow://experiment-8/drug-efficacy-predictor,target_affinity,0.0104,0.0055,true,42384,2026-05-14T14:00:00Z
mlflow://experiment-8/drug-efficacy-predictor,selectivity_score,0.0159,0.0025,true,44262,2026-05-14T14:00:00Z
mlflow://experiment-8/drug-efficacy-predictor,solubility,0.0106,0.0086,true,31194,2026-05-14T14:00:00Z
mlflow://experiment-8/drug-efficacy-predictor,bioavailability,0.0177,0.0075,true,24748,2026-05-14T14:00:00Z
mlflow://experiment-8/drug-efficacy-predictor,molecular_weight,0.0083,0.005,true,16719,2026-05-17T14:00:00Z
mlflow://experiment-8/drug-efficacy-predictor,logp,0.0109,0.0047,true,38422,2026-05-17T14:00:00Z
mlflow://experiment-8/drug-efficacy-predictor,hbd_count,0.0075,0.0092,true,12385,2026-05-17T14:00:00Z
mlflow://experiment-8/drug-efficacy-predictor,hba_count,0.0099,0.0053,true,13404,2026-05-17T14:00:00Z
mlflow://experiment-8/drug-efficacy-predictor,rotatable_bonds,0.0007,0.0064,true,28584,2026-05-17T14:00:00Z
mlflow://experiment-8/drug-efficacy-predictor,tpsa,0.0074,0.0054,true,49516,2026-05-17T14:00:00Z
mlflow://experiment-8/drug-efficacy-predictor,target_affinity,0.0052,0.0015,true,35066,2026-05-17T14:00:00Z
mlflow://experiment-8/drug-efficacy-predictor,selectivity_score,0.0076,0.0049,true,38265,2026-05-17T14:00:00Z
mlflow://experiment-8/drug-efficacy-predictor,solubility,0.009,0.0055,true,15998,2026-05-17T14:00:00Z
mlflow://experiment-8/drug-efficacy-predictor,bioavailability,0.0069,0.0048,true,6181,2026-05-17T14:00:00Z
mlflow://experiment-8/drug-efficacy-predictor,molecular_weight,0.0161,0.0043,true,30398,2026-05-20T14:00:00Z
mlflow://experiment-8/drug-efficacy-predictor,logp,0.0164,0.0073,true,37396,2026-05-20T14:00:00Z
mlflow://experiment-8/drug-efficacy-predictor,hbd_count,0.0107,0.0106,true,38312,2026-05-20T14:00:00Z
mlflow://experiment-8/drug-efficacy-predictor,hba_count,0.0089,0.0076,true,19128,2026-05-20T14:00:00Z
mlflow://experiment-8/drug-efficacy-predictor,rotatable_bonds,0.01,0.0046,true,16973,2026-05-20T14:00:00Z
mlflow://experiment-8/drug-efficacy-predictor,tpsa,0.0088,0.0036,true,41581,2026-05-20T14:00:00Z
mlflow://experiment-8/drug-efficacy-predictor,target_affinity,0.0107,0.008,true,37372,2026-05-20T14:00:00Z
mlflow://experiment-8/drug-efficacy-predictor,selectivity_score,0.004,0.0061,true,49409,2026-05-20T14:00:00Z
mlflow://experiment-8/drug-efficacy-predictor,solubility,0.0104,0.0043,true,37078,2026-05-20T14:00:00Z
mlflow://experiment-8/drug-efficacy-predictor,bioavailability,0.01,0.0057,true,37190,2026-05-20T14:00:00Z
mlflow://experiment-8/drug-efficacy-predictor,molecular_weight,0.0089,0.0051,true,20771,2026-05-23T14:00:00Z
mlflow://experiment-8/drug-efficacy-predictor,logp,0.0125,0.0054,true,30069,2026-05-23T14:00:00Z
mlflow://experiment-8/drug-efficacy-predictor,hbd_count,0.0065,0.0047,true,39502,2026-05-23T14:00:00Z
mlflow://experiment-8/drug-efficacy-predictor,hba_count,0.0088,0.006,true,40108,2026-05-23T14:00:00Z
mlflow://experiment-8/drug-efficacy-predictor,rotatable_bonds,0.0074,0.0068,true,17335,2026-05-23T14:00:00Z
mlflow://experiment-8/drug-efficacy-predictor,tpsa,0.0178,0.007,true,27017,2026-05-23T14:00:00Z
mlflow://experiment-8/drug-efficacy-predictor,target_affinity,0.009,0.0029,true,18607,2026-05-23T14:00:00Z
mlflow://experiment-8/drug-efficacy-predictor,selectivity_score,0.012,0.0081,true,29121,2026-05-23T14:00:00Z
mlflow://experiment-8/drug-efficacy-predictor,solubility,0.0105,0.0039,true,43960,2026-05-23T14:00:00Z
mlflow://experiment-8/drug-efficacy-predictor,bioavailability,0.0126,0.0028,true,25070,2026-05-23T14:00:00Z
mlflow://experiment-8/drug-efficacy-predictor,molecular_weight,0.0137,0.0021,true,25795,2026-05-26T14:00:00Z
mlflow://experiment-8/drug-efficacy-predictor,logp,0.009,0.0071,true,49808,2026-05-26T14:00:00Z
mlflow://experiment-8/drug-efficacy-predictor,hbd_count,0.0065,0.0022,true,40793,2026-05-26T14:00:00Z
mlflow://experiment-8/drug-efficacy-predictor,hba_count,0,0.0072,true,6190,2026-05-26T14:00:00Z
mlflow://experiment-8/drug-efficacy-predictor,rotatable_bonds,0.0052,0.005,true,26406,2026-05-26T14:00:00Z
mlflow://experiment-8/drug-efficacy-predictor,tpsa,0.0074,0.0046,true,15127,2026-05-26T14:00:00Z
mlflow://experiment-8/drug-efficacy-predictor,target_affinity,0.0064,0.0052,true,31899,2026-05-26T14:00:00Z
mlflow://experiment-8/drug-efficacy-predictor,selectivity_score,0.0098,0.0084,true,17111,2026-05-26T14:00:00Z
mlflow://experiment-8/drug-efficacy-predictor,solubility,0.0051,0.0064,true,20269,2026-05-26T14:00:00Z
mlflow://experiment-8/drug-efficacy-predictor,bioavailability,0.0144,0.0103,true,43891,2026-05-26T14:00:00Z
mlflow://experiment-8/drug-efficacy-predictor,molecular_weight,0.0081,0.004,true,39122,2026-05-29T14:00:00Z
mlflow://experiment-8/drug-efficacy-predictor,logp,0.0099,0.006,true,21374,2026-05-29T14:00:00Z
mlflow://experiment-8/drug-efficacy-predictor,hbd_count,0.0055,0.0039,true,29201,2026-05-29T14:00:00Z
mlflow://experiment-8/drug-efficacy-predictor,hba_count,0.0113,0.0022,true,40628,2026-05-29T14:00:00Z
mlflow://experiment-8/drug-efficacy-predictor,rotatable_bonds,0.011,0.005,true,35960,2026-05-29T14:00:00Z
mlflow://experiment-8/drug-efficacy-predictor,tpsa,0.0032,0.0066,true,33367,2026-05-29T14:00:00Z
mlflow://experiment-8/drug-efficacy-predictor,target_affinity,0.0133,0.0028,false,48957,2026-05-29T14:00:00Z
mlflow://experiment-8/drug-efficacy-predictor,selectivity_score,0.002,0.0072,true,39438,2026-05-29T14:00:00Z
mlflow://experiment-8/drug-efficacy-predictor,solubility,0.0008,0.0063,true,34044,2026-05-29T14:00:00Z
mlflow://experiment-8/drug-efficacy-predictor,bioavailability,0.011,0.0042,true,42039,2026-05-29T14:00:00Z
mlflow://experiment-8/drug-efficacy-predictor,molecular_weight,0,0.0051,true,6350,2026-06-01T14:00:00Z
mlflow://experiment-8/drug-efficacy-predictor,logp,0.0047,0.0038,true,9407,2026-06-01T14:00:00Z
mlflow://experiment-8/drug-efficacy-predictor,hbd_count,0.0084,0.0063,true,43443,2026-06-01T14:00:00Z
mlflow://experiment-8/drug-efficacy-predictor,hba_count,0.0046,0.0057,true,48770,2026-06-01T14:00:00Z
mlflow://experiment-8/drug-efficacy-predictor,rotatable_bonds,0.0091,0.0058,true,27209,2026-06-01T14:00:00Z
mlflow://experiment-8/drug-efficacy-predictor,tpsa,0.0046,0.0074,true,5649,2026-06-01T14:00:00Z
mlflow://experiment-8/drug-efficacy-predictor,target_affinity,0.0118,0.0059,true,19455,2026-06-01T14:00:00Z
mlflow://experiment-8/drug-efficacy-predictor,selectivity_score,0.0067,0.0077,true,49087,2026-06-01T14:00:00Z
mlflow://experiment-8/drug-efficacy-predictor,solubility,0.0109,0.0071,true,39769,2026-06-01T14:00:00Z
mlflow://experiment-8/drug-efficacy-predictor,bioavailability,0.0109,0.0054,true,18979,2026-06-01T14:00:00Z
mlflow://experiment-8/drug-efficacy-predictor,molecular_weight,0.012,0.0041,true,14640,2026-06-04T14:00:00Z
mlflow://experiment-8/drug-efficacy-predictor,logp,0.0073,0.008,true,47293,2026-06-04T14:00:00Z
mlflow://experiment-8/drug-efficacy-predictor,hbd_count,0.0115,0.0042,true,19629,2026-06-04T14:00:00Z
mlflow://experiment-8/drug-efficacy-predictor,hba_count,0.0087,0.0046,true,16338,2026-06-04T14:00:00Z
mlflow://experiment-8/drug-efficacy-predictor,rotatable_bonds,0.0018,0.0061,true,29156,2026-06-04T14:00:00Z
mlflow://experiment-8/drug-efficacy-predictor,tpsa,0.0088,0.0047,true,11901,2026-06-04T14:00:00Z
mlflow://experiment-8/drug-efficacy-predictor,target_affinity,0.0098,0.0022,true,23576,2026-06-04T14:00:00Z
mlflow://experiment-8/drug-efficacy-predictor,selectivity_score,0.0184,0.0024,true,31850,2026-06-04T14:00:00Z
mlflow://experiment-8/drug-efficacy-predictor,solubility,0,0.0053,true,32510,2026-06-04T14:00:00Z
mlflow://experiment-8/drug-efficacy-predictor,bioavailability,0.0107,0.003,true,46078,2026-06-04T14:00:00Z
mlflow://experiment-8/drug-efficacy-predictor,molecular_weight,0.0106,0.0035,true,15697,2026-06-07T14:00:00Z
mlflow://experiment-8/drug-efficacy-predictor,logp,0.0092,0.005,true,16995,2026-06-07T14:00:00Z
mlflow://experiment-8/drug-efficacy-predictor,hbd_count,0.0167,0.0103,true,13855,2026-06-07T14:00:00Z
mlflow://experiment-8/drug-efficacy-predictor,hba_count,0.0085,0.0076,true,30831,2026-06-07T14:00:00Z
mlflow://experiment-8/drug-efficacy-predictor,rotatable_bonds,0.0095,0.0046,true,28777,2026-06-07T14:00:00Z
mlflow://experiment-8/drug-efficacy-predictor,tpsa,0.0051,0.0064,true,15449,2026-06-07T14:00:00Z
mlflow://experiment-8/drug-efficacy-predictor,target_affinity,0.0117,0.0051,true,33208,2026-06-07T14:00:00Z
mlflow://experiment-8/drug-efficacy-predictor,selectivity_score,0.0141,0.0034,true,39455,2026-06-07T14:00:00Z
mlflow://experiment-8/drug-efficacy-predictor,solubility,0.0132,0.0034,true,26995,2026-06-07T14:00:00Z
mlflow://experiment-8/drug-efficacy-predictor,bioavailability,0.0039,0.0051,true,6253,2026-06-07T14:00:00Z
mlflow://experiment-8/drug-efficacy-predictor,molecular_weight,0.0094,0.0048,true,11701,2026-06-10T14:00:00Z
mlflow://experiment-8/drug-efficacy-predictor,logp,0.0159,0.0045,true,31601,2026-06-10T14:00:00Z
mlflow://experiment-8/drug-efficacy-predictor,hbd_count,0.0124,0.0034,true,21148,2026-06-10T14:00:00Z
mlflow://experiment-8/drug-efficacy-predictor,hba_count,0.0157,0.0086,true,37842,2026-06-10T14:00:00Z
mlflow://experiment-8/drug-efficacy-predictor,rotatable_bonds,0.0121,0.0035,true,18242,2026-06-10T14:00:00Z
mlflow://experiment-8/drug-efficacy-predictor,tpsa,0.0157,0.0066,true,32157,2026-06-10T14:00:00Z
mlflow://experiment-8/drug-efficacy-predictor,target_affinity,0.0027,0.0084,true,16352,2026-06-10T14:00:00Z
mlflow://experiment-8/drug-efficacy-predictor,selectivity_score,0.0039,0.0006,true,46579,2026-06-10T14:00:00Z
mlflow://experiment-8/drug-efficacy-predictor,solubility,0.0032,0.0038,true,47500,2026-06-10T14:00:00Z
mlflow://experiment-8/drug-efficacy-predictor,bioavailability,0.0149,0.0064,true,43122,2026-06-10T14:00:00Z
mlflow://experiment-8/drug-efficacy-predictor,molecular_weight,0.0093,0.0051,true,19444,2026-06-13T14:00:00Z
mlflow://experiment-8/drug-efficacy-predictor,logp,0.0081,0.0071,true,34155,2026-06-13T14:00:00Z
mlflow://experiment-8/drug-efficacy-predictor,hbd_count,0.0098,0.0044,true,9042,2026-06-13T14:00:00Z
mlflow://experiment-8/drug-efficacy-predictor,hba_count,0.0028,0.0028,true,40050,2026-06-13T14:00:00Z
mlflow://experiment-8/drug-efficacy-predictor,rotatable_bonds,0.0142,0.0043,true,40974,2026-06-13T14:00:00Z
mlflow://experiment-8/drug-efficacy-predictor,tpsa,0,0.0021,true,30204,2026-06-13T14:00:00Z
mlflow://experiment-8/drug-efficacy-predictor,target_affinity,0.0116,0.0018,true,22496,2026-06-13T14:00:00Z
mlflow://experiment-8/drug-efficacy-predictor,selectivity_score,0,0.0046,true,27324,2026-06-13T14:00:00Z
mlflow://experiment-8/drug-efficacy-predictor,solubility,0.0086,0.0025,true,13392,2026-06-13T14:00:00Z
mlflow://experiment-8/drug-efficacy-predictor,bioavailability,0.0157,0.0086,true,46951,2026-06-13T14:00:00Z
mlflow://experiment-8/drug-efficacy-predictor,molecular_weight,0.0084,0.0026,true,38599,2026-06-16T14:00:00Z
mlflow://experiment-8/drug-efficacy-predictor,logp,0.0017,0.006,true,35036,2026-06-16T14:00:00Z
mlflow://experiment-8/drug-efficacy-predictor,hbd_count,0.0082,0.0057,true,27464,2026-06-16T14:00:00Z
mlflow://experiment-8/drug-efficacy-predictor,hba_count,0.0092,0.0065,true,32431,2026-06-16T14:00:00Z
mlflow://experiment-8/drug-efficacy-predictor,rotatable_bonds,0.0066,0.0065,true,19524,2026-06-16T14:00:00Z
mlflow://experiment-8/drug-efficacy-predictor,tpsa,0.0026,0.001,true,20149,2026-06-16T14:00:00Z
mlflow://experiment-8/drug-efficacy-predictor,target_affinity,0.016,0.0055,true,44185,2026-06-16T14:00:00Z
mlflow://experiment-8/drug-efficacy-predictor,selectivity_score,0.0083,0.0089,true,36291,2026-06-16T14:00:00Z
mlflow://experiment-8/drug-efficacy-predictor,solubility,0.0063,0.0031,true,15193,2026-06-16T14:00:00Z
mlflow://experiment-8/drug-efficacy-predictor,bioavailability,0,0.0019,true,16213,2026-06-16T14:00:00Z
mlflow://experiment-8/drug-efficacy-predictor,molecular_weight,0.0184,0.0013,true,15957,2026-06-19T14:00:00Z
mlflow://experiment-8/drug-efficacy-predictor,logp,0.0064,0.0051,true,24097,2026-06-19T14:00:00Z
mlflow://experiment-8/drug-efficacy-predictor,hbd_count,0,0.0087,true,5075,2026-06-19T14:00:00Z
mlflow://experiment-8/drug-efficacy-predictor,hba_count,0.0142,0.0052,true,13823,2026-06-19T14:00:00Z
mlflow://experiment-8/drug-efficacy-predictor,rotatable_bonds,0.0111,0.0054,true,14150,2026-06-19T14:00:00Z
mlflow://experiment-8/drug-efficacy-predictor,tpsa,0.0105,0.0065,true,17384,2026-06-19T14:00:00Z
mlflow://experiment-8/drug-efficacy-predictor,target_affinity,0.0149,0.0018,true,45928,2026-06-19T14:00:00Z
mlflow://experiment-8/drug-efficacy-predictor,selectivity_score,0.0121,0.0082,true,21037,2026-06-19T14:00:00Z
mlflow://experiment-8/drug-efficacy-predictor,solubility,0.0018,0.0051,true,19538,2026-06-19T14:00:00Z
mlflow://experiment-8/drug-efficacy-predictor,bioavailability,0.0164,0.0047,true,15019,2026-06-19T14:00:00Z
mlflow://experiment-8/drug-efficacy-predictor,molecular_weight,0.0086,0.0055,true,15683,2026-06-22T14:00:00Z
mlflow://experiment-8/drug-efficacy-predictor,logp,0.0072,0.0062,true,14040,2026-06-22T14:00:00Z
mlflow://experiment-8/drug-efficacy-predictor,hbd_count,0.0127,0.0056,true,39602,2026-06-22T14:00:00Z
mlflow://experiment-8/drug-efficacy-predictor,hba_count,0.0116,0.0047,true,43799,2026-06-22T14:00:00Z
mlflow://experiment-8/drug-efficacy-predictor,rotatable_bonds,0.0106,0.0041,true,34703,2026-06-22T14:00:00Z
mlflow://experiment-8/drug-efficacy-predictor,tpsa,0.0046,0.004,true,16114,2026-06-22T14:00:00Z
mlflow://experiment-8/drug-efficacy-predictor,target_affinity,0.0036,0.0017,true,31284,2026-06-22T14:00:00Z
mlflow://experiment-8/drug-efficacy-predictor,selectivity_score,0.0045,0.0027,true,22582,2026-06-22T14:00:00Z
mlflow://experiment-8/drug-efficacy-predictor,solubility,0.0065,0.0055,true,17219,2026-06-22T14:00:00Z
mlflow://experiment-8/drug-efficacy-predictor,bioavailability,0.0091,0.0078,true,33352,2026-06-22T14:00:00Z
mlflow://experiment-8/drug-efficacy-predictor,molecular_weight,0.0107,0.0038,true,41114,2026-06-25T14:00:00Z
mlflow://experiment-8/drug-efficacy-predictor,logp,0,0.0065,true,26718,2026-06-25T14:00:00Z
mlflow://experiment-8/drug-efficacy-predictor,hbd_count,0.0165,0.0056,true,37096,2026-06-25T14:00:00Z
mlflow://experiment-8/drug-efficacy-predictor,hba_count,0.016,0.0046,true,9922,2026-06-25T14:00:00Z
mlflow://experiment-8/drug-efficacy-predictor,rotatable_bonds,0.0135,0.005,true,45176,2026-06-25T14:00:00Z
mlflow://experiment-8/drug-efficacy-predictor,tpsa,0.0051,0.0095,true,27555,2026-06-25T14:00:00Z
mlflow://experiment-8/drug-efficacy-predictor,target_affinity,0.0126,0.0038,true,31958,2026-06-25T14:00:00Z
mlflow://experiment-8/drug-efficacy-predictor,selectivity_score,0.0117,0.0054,true,19849,2026-06-25T14:00:00Z
mlflow://experiment-8/drug-efficacy-predictor,solubility,0.0056,0.0094,true,39851,2026-06-25T14:00:00Z
mlflow://experiment-8/drug-efficacy-predictor,bioavailability,0.02,0.006,true,8243,2026-06-25T14:00:00Z
mlflow://experiment-8/drug-efficacy-predictor,molecular_weight,0.008,0.0013,true,24941,2026-06-28T14:00:00Z
mlflow://experiment-8/drug-efficacy-predictor,logp,0.0175,0.0042,true,26551,2026-06-28T14:00:00Z
mlflow://experiment-8/drug-efficacy-predictor,hbd_count,0.0131,0.0048,true,20291,2026-06-28T14:00:00Z
mlflow://experiment-8/drug-efficacy-predictor,hba_count,0.0135,0.0007,true,17014,2026-06-28T14:00:00Z
mlflow://experiment-8/drug-efficacy-predictor,rotatable_bonds,0.0146,0.0057,true,48343,2026-06-28T14:00:00Z
mlflow://experiment-8/drug-efficacy-predictor,tpsa,0.0073,0.0053,true,48843,2026-06-28T14:00:00Z
mlflow://experiment-8/drug-efficacy-predictor,target_affinity,0.0026,0.002,true,46686,2026-06-28T14:00:00Z
mlflow://experiment-8/drug-efficacy-predictor,selectivity_score,0.0118,0.0049,true,5985,2026-06-28T14:00:00Z
mlflow://experiment-8/drug-efficacy-predictor,solubility,0.0142,0.005,true,47994,2026-06-28T14:00:00Z
mlflow://experiment-8/drug-efficacy-predictor,bioavailability,0.0187,0.0069,true,37228,2026-06-28T14:00:00Z
mlflow://experiment-8/drug-efficacy-predictor,molecular_weight,0.0098,0.0059,true,5808,2026-07-01T14:00:00Z
mlflow://experiment-8/drug-efficacy-predictor,logp,0.0169,0.0029,true,21295,2026-07-01T14:00:00Z
mlflow://experiment-8/drug-efficacy-predictor,hbd_count,0.0032,0.0072,true,30150,2026-07-01T14:00:00Z
mlflow://experiment-8/drug-efficacy-predictor,hba_count,0.0153,0.0055,true,27164,2026-07-01T14:00:00Z
mlflow://experiment-8/drug-efficacy-predictor,rotatable_bonds,0.0188,0.0049,true,16218,2026-07-01T14:00:00Z
mlflow://experiment-8/drug-efficacy-predictor,tpsa,0.0114,0.0051,true,33460,2026-07-01T14:00:00Z
mlflow://experiment-8/drug-efficacy-predictor,target_affinity,0.0094,0.0053,true,32430,2026-07-01T14:00:00Z
mlflow://experiment-8/drug-efficacy-predictor,selectivity_score,0.0037,0.0042,true,5117,2026-07-01T14:00:00Z
mlflow://experiment-8/drug-efficacy-predictor,solubility,0.0088,0.0063,true,36648,2026-07-01T14:00:00Z
mlflow://experiment-8/drug-efficacy-predictor,bioavailability,0.0052,0.0051,true,20234,2026-07-01T14:00:00Z
mlflow://experiment-8/drug-efficacy-predictor,molecular_weight,0.011,0.0037,true,8559,2026-07-04T14:00:00Z
mlflow://experiment-8/drug-efficacy-predictor,logp,0.0096,0.0056,true,10850,2026-07-04T14:00:00Z
mlflow://experiment-8/drug-efficacy-predictor,hbd_count,0.0101,0.007,true,16366,2026-07-04T14:00:00Z
mlflow://experiment-8/drug-efficacy-predictor,hba_count,0.0141,0.0067,true,5240,2026-07-04T14:00:00Z
mlflow://experiment-8/drug-efficacy-predictor,rotatable_bonds,0.0005,0.0066,true,39723,2026-07-04T14:00:00Z
mlflow://experiment-8/drug-efficacy-predictor,tpsa,0.022,0.0041,true,24024,2026-07-04T14:00:00Z
mlflow://experiment-8/drug-efficacy-predictor,target_affinity,0.0103,0.0069,true,32882,2026-07-04T14:00:00Z
mlflow://experiment-8/drug-efficacy-predictor,selectivity_score,0.0136,0.0013,true,30817,2026-07-04T14:00:00Z
mlflow://experiment-8/drug-efficacy-predictor,solubility,0.0201,0.0057,true,28270,2026-07-04T14:00:00Z
mlflow://experiment-8/drug-efficacy-predictor,bioavailability,0.0136,0.0088,true,19553,2026-07-04T14:00:00Z
mlflow://experiment-8/drug-efficacy-predictor,molecular_weight,0.005,0.0044,true,43085,2026-07-07T14:00:00Z
mlflow://experiment-8/drug-efficacy-predictor,logp,0.0099,0.0075,true,16467,2026-07-07T14:00:00Z
mlflow://experiment-8/drug-efficacy-predictor,hbd_count,0.0139,0.0079,true,40982,2026-07-07T14:00:00Z
mlflow://experiment-8/drug-efficacy-predictor,hba_count,0.006,0.0025,true,19862,2026-07-07T14:00:00Z
mlflow://experiment-8/drug-efficacy-predictor,rotatable_bonds,0,0.002,true,36593,2026-07-07T14:00:00Z
mlflow://experiment-8/drug-efficacy-predictor,tpsa,0.0115,0.0043,true,19052,2026-07-07T14:00:00Z
mlflow://experiment-8/drug-efficacy-predictor,target_affinity,0.0134,0.0066,true,30681,2026-07-07T14:00:00Z
mlflow://experiment-8/drug-efficacy-predictor,selectivity_score,0.0188,0.0036,true,21798,2026-07-07T14:00:00Z
mlflow://experiment-8/drug-efficacy-predictor,solubility,0.0124,0.0038,true,45300,2026-07-07T14:00:00Z
mlflow://experiment-8/drug-efficacy-predictor,bioavailability,0.0098,0.0059,true,11418,2026-07-07T14:00:00Z
mlflow://experiment-8/drug-efficacy-predictor,molecular_weight,0.0103,0.0099,true,8970,2026-07-10T14:00:00Z
mlflow://experiment-8/drug-efficacy-predictor,logp,0.0064,0.0024,true,35091,2026-07-10T14:00:00Z
mlflow://experiment-8/drug-efficacy-predictor,hbd_count,0.0051,0.0041,true,15521,2026-07-10T14:00:00Z
mlflow://experiment-8/drug-efficacy-predictor,hba_count,0.0069,0.0043,true,45370,2026-07-10T14:00:00Z
mlflow://experiment-8/drug-efficacy-predictor,rotatable_bonds,0.0221,0.0054,true,5873,2026-07-10T14:00:00Z
mlflow://experiment-8/drug-efficacy-predictor,tpsa,0.0145,0.0024,true,27933,2026-07-10T14:00:00Z
mlflow://experiment-8/drug-efficacy-predictor,target_affinity,0.0169,0.0042,true,41042,2026-07-10T14:00:00Z
mlflow://experiment-8/drug-efficacy-predictor,selectivity_score,0.01,0.0053,true,20389,2026-07-10T14:00:00Z
mlflow://experiment-8/drug-efficacy-predictor,solubility,0,0.0064,true,40533,2026-07-10T14:00:00Z
mlflow://experiment-8/drug-efficacy-predictor,bioavailability,0.0085,0.0044,true,23307,2026-07-10T14:00:00Z
mlflow://experiment-8/drug-efficacy-predictor,molecular_weight,0.0081,0.0012,true,42699,2026-07-13T14:00:00Z
mlflow://experiment-8/drug-efficacy-predictor,logp,0.0136,0.0064,true,47792,2026-07-13T14:00:00Z
mlflow://experiment-8/drug-efficacy-predictor,hbd_count,0.0102,0.0044,true,27655,2026-07-13T14:00:00Z
mlflow://experiment-8/drug-efficacy-predictor,hba_count,0.0036,0.004,true,41187,2026-07-13T14:00:00Z
mlflow://experiment-8/drug-efficacy-predictor,rotatable_bonds,0.0062,0.0046,true,11518,2026-07-13T14:00:00Z
mlflow://experiment-8/drug-efficacy-predictor,tpsa,0.0052,0.0041,true,41390,2026-07-13T14:00:00Z
mlflow://experiment-8/drug-efficacy-predictor,target_affinity,0.0097,0.0054,true,30815,2026-07-13T14:00:00Z
mlflow://experiment-8/drug-efficacy-predictor,selectivity_score,0.0123,0.0059,true,12765,2026-07-13T14:00:00Z
mlflow://experiment-8/drug-efficacy-predictor,solubility,0.0128,0.003,true,45968,2026-07-13T14:00:00Z
mlflow://experiment-8/drug-efficacy-predictor,bioavailability,0.0075,0.0061,true,20008,2026-07-13T14:00:00Z
mlflow://experiment-8/drug-efficacy-predictor,molecular_weight,0.0181,0.0061,true,6852,2026-07-16T14:00:00Z
mlflow://experiment-8/drug-efficacy-predictor,logp,0.0139,0.0041,true,30287,2026-07-16T14:00:00Z
mlflow://experiment-8/drug-efficacy-predictor,hbd_count,0.0138,0.0051,true,34070,2026-07-16T14:00:00Z
mlflow://experiment-8/drug-efficacy-predictor,hba_count,0.0127,0.0089,true,30606,2026-07-16T14:00:00Z
mlflow://experiment-8/drug-efficacy-predictor,rotatable_bonds,0.0113,0.0059,true,14110,2026-07-16T14:00:00Z
mlflow://experiment-8/drug-efficacy-predictor,tpsa,0,0.0016,true,7813,2026-07-16T14:00:00Z
mlflow://experiment-8/drug-efficacy-predictor,target_affinity,0.0141,0.0018,true,35929,2026-07-16T14:00:00Z
mlflow://experiment-8/drug-efficacy-predictor,selectivity_score,0.0069,0.0045,true,37300,2026-07-16T14:00:00Z
mlflow://experiment-8/drug-efficacy-predictor,solubility,0.0107,0.0019,true,41886,2026-07-16T14:00:00Z
mlflow://experiment-8/drug-efficacy-predictor,bioavailability,0.0043,0.002,true,37658,2026-07-16T14:00:00Z
mlflow://experiment-8/drug-efficacy-predictor,molecular_weight,0.0166,0.0063,true,45551,2026-07-19T14:00:00Z
mlflow://experiment-8/drug-efficacy-predictor,logp,0.0087,0.0034,true,39123,2026-07-19T14:00:00Z
mlflow://experiment-8/drug-efficacy-predictor,hbd_count,0.005,0.0062,true,25991,2026-07-19T14:00:00Z
mlflow://experiment-8/drug-efficacy-predictor,hba_count,0.0012,0.0051,true,42389,2026-07-19T14:00:00Z
mlflow://experiment-8/drug-efficacy-predictor,rotatable_bonds,0.0036,0.0033,true,28235,2026-07-19T14:00:00Z
mlflow://experiment-8/drug-efficacy-predictor,tpsa,0.0036,0.0068,true,21213,2026-07-19T14:00:00Z
mlflow://experiment-8/drug-efficacy-predictor,target_affinity,0.01,0.004,true,26962,2026-07-19T14:00:00Z
mlflow://experiment-8/drug-efficacy-predictor,selectivity_score,0.0016,0.0052,true,9837,2026-07-19T14:00:00Z
mlflow://experiment-8/drug-efficacy-predictor,solubility,0.0083,0.0059,true,38182,2026-07-19T14:00:00Z
mlflow://experiment-8/drug-efficacy-predictor,bioavailability,0.0194,0.0038,true,34495,2026-07-19T14:00:00Z
mlflow://experiment-8/drug-efficacy-predictor,molecular_weight,0.015,0.0046,true,44744,2026-07-22T14:00:00Z
mlflow://experiment-8/drug-efficacy-predictor,logp,0.0185,0.0071,true,13447,2026-07-22T14:00:00Z
mlflow://experiment-8/drug-efficacy-predictor,hbd_count,0,0.0073,true,21133,2026-07-22T14:00:00Z
mlflow://experiment-8/drug-efficacy-predictor,hba_count,0.0132,0.0065,true,47615,2026-07-22T14:00:00Z
mlflow://experiment-8/drug-efficacy-predictor,rotatable_bonds,0.0129,0.0041,true,48127,2026-07-22T14:00:00Z
mlflow://experiment-8/drug-efficacy-predictor,tpsa,0.0124,0.0032,true,42360,2026-07-22T14:00:00Z
mlflow://experiment-8/drug-efficacy-predictor,target_affinity,0.0123,0.0027,true,31283,2026-07-22T14:00:00Z
mlflow://experiment-8/drug-efficacy-predictor,selectivity_score,0,0.0057,true,40284,2026-07-22T14:00:00Z
mlflow://experiment-8/drug-efficacy-predictor,solubility,0.0086,0.0053,true,27073,2026-07-22T14:00:00Z
mlflow://experiment-8/drug-efficacy-predictor,bioavailability,0.0106,0.0066,true,40763,2026-07-22T14:00:00Z
mlflow://experiment-8/drug-efficacy-predictor,molecular_weight,0.0074,0.0069,true,26621,2026-07-25T14:00:00Z
mlflow://experiment-8/drug-efficacy-predictor,logp,0.0081,0.0074,true,11054,2026-07-25T14:00:00Z
mlflow://experiment-8/drug-efficacy-predictor,hbd_count,0.0116,0.0077,true,6166,2026-07-25T14:00:00Z
mlflow://experiment-8/drug-efficacy-predictor,hba_count,0.0121,0.0059,true,12599,2026-07-25T14:00:00Z
mlflow://experiment-8/drug-efficacy-predictor,rotatable_bonds,0.0075,0.0037,true,25922,2026-07-25T14:00:00Z
mlflow://experiment-8/drug-efficacy-predictor,tpsa,0.0147,0.0028,true,21240,2026-07-25T14:00:00Z
mlflow://experiment-8/drug-efficacy-predictor,target_affinity,0.0113,0.0043,true,10791,2026-07-25T14:00:00Z
mlflow://experiment-8/drug-efficacy-predictor,selectivity_score,0.0083,0.0072,true,34882,2026-07-25T14:00:00Z
mlflow://experiment-8/drug-efficacy-predictor,solubility,0.0064,0.0056,true,30258,2026-07-25T14:00:00Z
mlflow://experiment-8/drug-efficacy-predictor,bioavailability,0.0108,0.0094,false,18748,2026-07-25T14:00:00Z
mlflow://experiment-8/drug-efficacy-predictor,molecular_weight,0.0086,0.0068,true,39331,2026-07-28T14:00:00Z
mlflow://experiment-8/drug-efficacy-predictor,logp,0.0164,0.0018,true,48997,2026-07-28T14:00:00Z
mlflow://experiment-8/drug-efficacy-predictor,hbd_count,0.007,0.0023,true,30840,2026-07-28T14:00:00Z
mlflow://experiment-8/drug-efficacy-predictor,hba_count,0.0213,0.0014,true,47575,2026-07-28T14:00:00Z
mlflow://experiment-8/drug-efficacy-predictor,rotatable_bonds,0.0056,0.0077,true,26650,2026-07-28T14:00:00Z
mlflow://experiment-8/drug-efficacy-predictor,tpsa,0.0096,0.0068,true,25552,2026-07-28T14:00:00Z
mlflow://experiment-8/drug-efficacy-predictor,target_affinity,0.0193,0.0036,true,46806,2026-07-28T14:00:00Z
mlflow://experiment-8/drug-efficacy-predictor,selectivity_score,0.0041,0.0061,true,30640,2026-07-28T14:00:00Z
mlflow://experiment-8/drug-efficacy-predictor,solubility,0.012,0.0049,true,29985,2026-07-28T14:00:00Z
mlflow://experiment-8/drug-efficacy-predictor,bioavailability,0.0186,0.0052,true,21258,2026-07-28T14:00:00Z
