source_entity_ref,drift_type,scope,value,timestamp,status
mlflow://experiment-1/patient-readmission-risk,psi,overall,0.0525,2026-05-02T18:00:00Z,normal
mlflow://experiment-1/patient-readmission-risk,psi,feature:length_of_stay,0.0594,2026-05-02T18:00:00Z,normal
mlflow://experiment-1/patient-readmission-risk,psi,feature:prior_admissions,0.0082,2026-05-02T18:00:00Z,normal
mlflow://experiment-1/patient-readmission-risk,psi,feature:comorbidity_index,0.115,2026-05-02T18:00:00Z,warning
mlflow://experiment-1/patient-readmission-risk,psi,overall,0.0639,2026-05-05T18:00:00Z,normal
mlflow://experiment-1/patient-readmission-risk,psi,feature:length_of_stay,0.1053,2026-05-05T18:00:00Z,warning
mlflow://experiment-1/patient-readmission-risk,psi,feature:prior_admissions,0.1245,2026-05-05T18:00:00Z,warning
mlflow://experiment-1/patient-readmission-risk,psi,feature:comorbidity_index,0.0591,2026-05-05T18:00:00Z,normal
mlflow://experiment-1/patient-readmission-risk,psi,overall,0.0621,2026-05-08T18:00:00Z,normal
mlflow://experiment-1/patient-readmission-risk,psi,feature:length_of_stay,0.0563,2026-05-08T18:00:00Z,normal
mlflow://experiment-1/patient-readmission-risk,psi,feature:prior_admissions,0.0343,2026-05-08T18:00:00Z,normal
mlflow://experiment-1/patient-readmission-risk,psi,feature:comorbidity_index,0.1398,2026-05-08T18:00:00Z,warning
mlflow://experiment-1/patient-readmission-risk,psi,overall,0.0577,2026-05-11T18:00:00Z,normal
mlflow://experiment-1/patient-readmission-risk,psi,feature:length_of_stay,0.0755,2026-05-11T18:00:00Z,normal
mlflow://experiment-1/patient-readmission-risk,psi,feature:prior_admissions,0.0315,2026-05-11T18:00:00Z,normal
mlflow://experiment-1/patient-readmission-risk,psi,feature:comorbidity_index,0,2026-05-11T18:00:00Z,normal
mlflow://experiment-1/patient-readmission-risk,psi,overall,0.0452,2026-05-14T18:00:00Z,normal
mlflow://experiment-1/patient-readmission-risk,psi,feature:length_of_stay,0.0773,2026-05-14T18:00:00Z,normal
mlflow://experiment-1/patient-readmission-risk,psi,feature:prior_admissions,0.0974,2026-05-14T18:00:00Z,normal
mlflow://experiment-1/patient-readmission-risk,psi,feature:comorbidity_index,0.0389,2026-05-14T18:00:00Z,normal
mlflow://experiment-1/patient-readmission-risk,psi,overall,0.0508,2026-05-17T18:00:00Z,normal
mlflow://experiment-1/patient-readmission-risk,psi,feature:length_of_stay,0.0265,2026-05-17T18:00:00Z,normal
mlflow://experiment-1/patient-readmission-risk,psi,feature:prior_admissions,0.1079,2026-05-17T18:00:00Z,warning
mlflow://experiment-1/patient-readmission-risk,psi,feature:comorbidity_index,0.0576,2026-05-17T18:00:00Z,normal
mlflow://experiment-1/patient-readmission-risk,psi,overall,0.038,2026-05-20T18:00:00Z,normal
mlflow://experiment-1/patient-readmission-risk,psi,feature:length_of_stay,0.0518,2026-05-20T18:00:00Z,normal
mlflow://experiment-1/patient-readmission-risk,psi,feature:prior_admissions,0.1099,2026-05-20T18:00:00Z,warning
mlflow://experiment-1/patient-readmission-risk,psi,feature:comorbidity_index,0.053,2026-05-20T18:00:00Z,normal
mlflow://experiment-1/patient-readmission-risk,psi,overall,0.0312,2026-05-23T18:00:00Z,normal
mlflow://experiment-1/patient-readmission-risk,psi,feature:length_of_stay,0.0002,2026-05-23T18:00:00Z,normal
mlflow://experiment-1/patient-readmission-risk,psi,feature:prior_admissions,0.0437,2026-05-23T18:00:00Z,normal
mlflow://experiment-1/patient-readmission-risk,psi,feature:comorbidity_index,0.0232,2026-05-23T18:00:00Z,normal
mlflow://experiment-1/patient-readmission-risk,psi,overall,0.0491,2026-05-26T18:00:00Z,normal
mlflow://experiment-1/patient-readmission-risk,psi,feature:length_of_stay,0.0559,2026-05-26T18:00:00Z,normal
mlflow://experiment-1/patient-readmission-risk,psi,feature:prior_admissions,0.0702,2026-05-26T18:00:00Z,normal
mlflow://experiment-1/patient-readmission-risk,psi,feature:comorbidity_index,0.0637,2026-05-26T18:00:00Z,normal
mlflow://experiment-1/patient-readmission-risk,psi,overall,0.0286,2026-05-29T18:00:00Z,normal
mlflow://experiment-1/patient-readmission-risk,psi,feature:length_of_stay,0,2026-05-29T18:00:00Z,normal
mlflow://experiment-1/patient-readmission-risk,psi,feature:prior_admissions,0.0517,2026-05-29T18:00:00Z,normal
mlflow://experiment-1/patient-readmission-risk,psi,feature:comorbidity_index,0.0995,2026-05-29T18:00:00Z,normal
mlflow://experiment-1/patient-readmission-risk,psi,overall,0.061,2026-06-01T18:00:00Z,normal
mlflow://experiment-1/patient-readmission-risk,psi,feature:length_of_stay,0.0662,2026-06-01T18:00:00Z,normal
mlflow://experiment-1/patient-readmission-risk,psi,feature:prior_admissions,0.0601,2026-06-01T18:00:00Z,normal
mlflow://experiment-1/patient-readmission-risk,psi,feature:comorbidity_index,0.0207,2026-06-01T18:00:00Z,normal
mlflow://experiment-1/patient-readmission-risk,psi,overall,0.0337,2026-06-04T18:00:00Z,normal
mlflow://experiment-1/patient-readmission-risk,psi,feature:length_of_stay,0.0113,2026-06-04T18:00:00Z,normal
mlflow://experiment-1/patient-readmission-risk,psi,feature:prior_admissions,0.0871,2026-06-04T18:00:00Z,normal
mlflow://experiment-1/patient-readmission-risk,psi,feature:comorbidity_index,0,2026-06-04T18:00:00Z,normal
mlflow://experiment-1/patient-readmission-risk,psi,overall,0.032,2026-06-07T18:00:00Z,normal
mlflow://experiment-1/patient-readmission-risk,psi,feature:length_of_stay,0,2026-06-07T18:00:00Z,normal
mlflow://experiment-1/patient-readmission-risk,psi,feature:prior_admissions,0.1161,2026-06-07T18:00:00Z,warning
mlflow://experiment-1/patient-readmission-risk,psi,feature:comorbidity_index,0.0705,2026-06-07T18:00:00Z,normal
mlflow://experiment-1/patient-readmission-risk,psi,overall,0.052,2026-06-10T18:00:00Z,normal
mlflow://experiment-1/patient-readmission-risk,psi,feature:length_of_stay,0,2026-06-10T18:00:00Z,normal
mlflow://experiment-1/patient-readmission-risk,psi,feature:prior_admissions,0.0245,2026-06-10T18:00:00Z,normal
mlflow://experiment-1/patient-readmission-risk,psi,feature:comorbidity_index,0,2026-06-10T18:00:00Z,normal
mlflow://experiment-1/patient-readmission-risk,psi,overall,0.0658,2026-06-13T18:00:00Z,normal
mlflow://experiment-1/patient-readmission-risk,psi,feature:length_of_stay,0.1396,2026-06-13T18:00:00Z,warning
mlflow://experiment-1/patient-readmission-risk,psi,feature:prior_admissions,0.1462,2026-06-13T18:00:00Z,warning
mlflow://experiment-1/patient-readmission-risk,psi,feature:comorbidity_index,0.068,2026-06-13T18:00:00Z,normal
mlflow://experiment-1/patient-readmission-risk,psi,overall,0.09,2026-06-16T18:00:00Z,normal
mlflow://experiment-1/patient-readmission-risk,psi,feature:length_of_stay,0.0384,2026-06-16T18:00:00Z,normal
mlflow://experiment-1/patient-readmission-risk,psi,feature:prior_admissions,0.1237,2026-06-16T18:00:00Z,warning
mlflow://experiment-1/patient-readmission-risk,psi,feature:comorbidity_index,0.0444,2026-06-16T18:00:00Z,normal
mlflow://experiment-1/patient-readmission-risk,psi,overall,0.0459,2026-06-19T18:00:00Z,normal
mlflow://experiment-1/patient-readmission-risk,psi,feature:length_of_stay,0.0156,2026-06-19T18:00:00Z,normal
mlflow://experiment-1/patient-readmission-risk,psi,feature:prior_admissions,0.0349,2026-06-19T18:00:00Z,normal
mlflow://experiment-1/patient-readmission-risk,psi,feature:comorbidity_index,0.0248,2026-06-19T18:00:00Z,normal
mlflow://experiment-1/patient-readmission-risk,psi,overall,0.0786,2026-06-22T18:00:00Z,normal
mlflow://experiment-1/patient-readmission-risk,psi,feature:length_of_stay,0,2026-06-22T18:00:00Z,normal
mlflow://experiment-1/patient-readmission-risk,psi,feature:prior_admissions,0.0253,2026-06-22T18:00:00Z,normal
mlflow://experiment-1/patient-readmission-risk,psi,feature:comorbidity_index,0.1062,2026-06-22T18:00:00Z,warning
mlflow://experiment-1/patient-readmission-risk,psi,overall,0.0217,2026-06-25T18:00:00Z,normal
mlflow://experiment-1/patient-readmission-risk,psi,feature:length_of_stay,0.0681,2026-06-25T18:00:00Z,normal
mlflow://experiment-1/patient-readmission-risk,psi,feature:prior_admissions,0,2026-06-25T18:00:00Z,normal
mlflow://experiment-1/patient-readmission-risk,psi,feature:comorbidity_index,0.0732,2026-06-25T18:00:00Z,normal
mlflow://experiment-1/patient-readmission-risk,psi,overall,0.0268,2026-06-28T18:00:00Z,normal
mlflow://experiment-1/patient-readmission-risk,psi,feature:length_of_stay,0.0195,2026-06-28T18:00:00Z,normal
mlflow://experiment-1/patient-readmission-risk,psi,feature:prior_admissions,0.0002,2026-06-28T18:00:00Z,normal
mlflow://experiment-1/patient-readmission-risk,psi,feature:comorbidity_index,0.0583,2026-06-28T18:00:00Z,normal
mlflow://experiment-1/patient-readmission-risk,psi,overall,0.0486,2026-07-01T18:00:00Z,normal
mlflow://experiment-1/patient-readmission-risk,psi,feature:length_of_stay,0.0282,2026-07-01T18:00:00Z,normal
mlflow://experiment-1/patient-readmission-risk,psi,feature:prior_admissions,0,2026-07-01T18:00:00Z,normal
mlflow://experiment-1/patient-readmission-risk,psi,feature:comorbidity_index,0.0505,2026-07-01T18:00:00Z,normal
mlflow://experiment-1/patient-readmission-risk,psi,overall,0.0185,2026-07-04T18:00:00Z,normal
mlflow://experiment-1/patient-readmission-risk,psi,feature:length_of_stay,0.0404,2026-07-04T18:00:00Z,normal
mlflow://experiment-1/patient-readmission-risk,psi,feature:prior_admissions,0,2026-07-04T18:00:00Z,normal
mlflow://experiment-1/patient-readmission-risk,psi,feature:comorbidity_index,0,2026-07-04T18:00:00Z,normal
mlflow://experiment-1/patient-readmission-risk,psi,overall,0.0531,2026-07-07T18:00:00Z,normal
mlflow://experiment-1/patient-readmission-risk,psi,feature:length_of_stay,0.1036,2026-07-07T18:00:00Z,warning
mlflow://experiment-1/patient-readmission-risk,psi,feature:prior_admissions,0.1057,2026-07-07T18:00:00Z,warning
mlflow://experiment-1/patient-readmission-risk,psi,feature:comorbidity_index,0.0481,2026-07-07T18:00:00Z,normal
mlflow://experiment-1/patient-readmission-risk,psi,overall,0.0764,2026-07-10T18:00:00Z,normal
mlflow://experiment-1/patient-readmission-risk,psi,feature:length_of_stay,0,2026-07-10T18:00:00Z,normal
mlflow://experiment-1/patient-readmission-risk,psi,feature:prior_admissions,0.1147,2026-07-10T18:00:00Z,warning
mlflow://experiment-1/patient-readmission-risk,psi,feature:comorbidity_index,0,2026-07-10T18:00:00Z,normal
mlflow://experiment-1/patient-readmission-risk,psi,overall,0.0478,2026-07-13T18:00:00Z,normal
mlflow://experiment-1/patient-readmission-risk,psi,feature:length_of_stay,0.0538,2026-07-13T18:00:00Z,normal
mlflow://experiment-1/patient-readmission-risk,psi,feature:prior_admissions,0.0136,2026-07-13T18:00:00Z,normal
mlflow://experiment-1/patient-readmission-risk,psi,feature:comorbidity_index,0,2026-07-13T18:00:00Z,normal
mlflow://experiment-1/patient-readmission-risk,psi,overall,0.0307,2026-07-16T18:00:00Z,normal
mlflow://experiment-1/patient-readmission-risk,psi,feature:length_of_stay,0.0675,2026-07-16T18:00:00Z,normal
mlflow://experiment-1/patient-readmission-risk,psi,feature:prior_admissions,0.0194,2026-07-16T18:00:00Z,normal
mlflow://experiment-1/patient-readmission-risk,psi,feature:comorbidity_index,0.0081,2026-07-16T18:00:00Z,normal
mlflow://experiment-1/patient-readmission-risk,psi,overall,0.0257,2026-07-19T18:00:00Z,normal
mlflow://experiment-1/patient-readmission-risk,psi,feature:length_of_stay,0.073,2026-07-19T18:00:00Z,normal
mlflow://experiment-1/patient-readmission-risk,psi,feature:prior_admissions,0.1071,2026-07-19T18:00:00Z,warning
mlflow://experiment-1/patient-readmission-risk,psi,feature:comorbidity_index,0.0141,2026-07-19T18:00:00Z,normal
mlflow://experiment-1/patient-readmission-risk,psi,overall,0.0595,2026-07-22T18:00:00Z,normal
mlflow://experiment-1/patient-readmission-risk,psi,feature:length_of_stay,0.0405,2026-07-22T18:00:00Z,normal
mlflow://experiment-1/patient-readmission-risk,psi,feature:prior_admissions,0.0377,2026-07-22T18:00:00Z,normal
mlflow://experiment-1/patient-readmission-risk,psi,feature:comorbidity_index,0.0847,2026-07-22T18:00:00Z,normal
mlflow://experiment-1/patient-readmission-risk,psi,overall,0.0619,2026-07-25T18:00:00Z,normal
mlflow://experiment-1/patient-readmission-risk,psi,feature:length_of_stay,0.1536,2026-07-25T18:00:00Z,warning
mlflow://experiment-1/patient-readmission-risk,psi,feature:prior_admissions,0.0318,2026-07-25T18:00:00Z,normal
mlflow://experiment-1/patient-readmission-risk,psi,feature:comorbidity_index,0.0825,2026-07-25T18:00:00Z,normal
mlflow://experiment-1/patient-readmission-risk,psi,overall,0.0291,2026-07-28T18:00:00Z,normal
mlflow://experiment-1/patient-readmission-risk,psi,feature:length_of_stay,0.0559,2026-07-28T18:00:00Z,normal
mlflow://experiment-1/patient-readmission-risk,psi,feature:prior_admissions,0.037,2026-07-28T18:00:00Z,normal
mlflow://experiment-1/patient-readmission-risk,psi,feature:comorbidity_index,0,2026-07-28T18:00:00Z,normal
mlflow://experiment-2/adverse-drug-event-detector,psi,overall,0.052,2026-05-02T18:00:00Z,normal
mlflow://experiment-2/adverse-drug-event-detector,psi,feature:drug_interactions,0.0054,2026-05-02T18:00:00Z,normal
mlflow://experiment-2/adverse-drug-event-detector,psi,feature:dosage_ratio,0.0898,2026-05-02T18:00:00Z,normal
mlflow://experiment-2/adverse-drug-event-detector,psi,feature:renal_function,0,2026-05-02T18:00:00Z,normal
mlflow://experiment-2/adverse-drug-event-detector,psi,overall,0.0677,2026-05-05T18:00:00Z,normal
mlflow://experiment-2/adverse-drug-event-detector,psi,feature:drug_interactions,0.1259,2026-05-05T18:00:00Z,warning
mlflow://experiment-2/adverse-drug-event-detector,psi,feature:dosage_ratio,0.2085,2026-05-05T18:00:00Z,warning
mlflow://experiment-2/adverse-drug-event-detector,psi,feature:renal_function,0.022,2026-05-05T18:00:00Z,normal
mlflow://experiment-2/adverse-drug-event-detector,psi,overall,0.0807,2026-05-08T18:00:00Z,normal
mlflow://experiment-2/adverse-drug-event-detector,psi,feature:drug_interactions,0.0787,2026-05-08T18:00:00Z,normal
mlflow://experiment-2/adverse-drug-event-detector,psi,feature:dosage_ratio,0.0562,2026-05-08T18:00:00Z,normal
mlflow://experiment-2/adverse-drug-event-detector,psi,feature:renal_function,0.0879,2026-05-08T18:00:00Z,normal
mlflow://experiment-2/adverse-drug-event-detector,psi,overall,0.0835,2026-05-11T18:00:00Z,normal
mlflow://experiment-2/adverse-drug-event-detector,psi,feature:drug_interactions,0.086,2026-05-11T18:00:00Z,normal
mlflow://experiment-2/adverse-drug-event-detector,psi,feature:dosage_ratio,0.095,2026-05-11T18:00:00Z,normal
mlflow://experiment-2/adverse-drug-event-detector,psi,feature:renal_function,0.0792,2026-05-11T18:00:00Z,normal
mlflow://experiment-2/adverse-drug-event-detector,psi,overall,0.1011,2026-05-14T18:00:00Z,warning
mlflow://experiment-2/adverse-drug-event-detector,psi,feature:drug_interactions,0.0072,2026-05-14T18:00:00Z,normal
mlflow://experiment-2/adverse-drug-event-detector,psi,feature:dosage_ratio,0.0895,2026-05-14T18:00:00Z,normal
mlflow://experiment-2/adverse-drug-event-detector,psi,feature:renal_function,0.1013,2026-05-14T18:00:00Z,warning
mlflow://experiment-2/adverse-drug-event-detector,psi,overall,0.1217,2026-05-17T18:00:00Z,warning
mlflow://experiment-2/adverse-drug-event-detector,psi,feature:drug_interactions,0.1832,2026-05-17T18:00:00Z,warning
mlflow://experiment-2/adverse-drug-event-detector,psi,feature:dosage_ratio,0.102,2026-05-17T18:00:00Z,warning
mlflow://experiment-2/adverse-drug-event-detector,psi,feature:renal_function,0.1593,2026-05-17T18:00:00Z,warning
mlflow://experiment-2/adverse-drug-event-detector,psi,overall,0.0918,2026-05-20T18:00:00Z,normal
mlflow://experiment-2/adverse-drug-event-detector,psi,feature:drug_interactions,0.0328,2026-05-20T18:00:00Z,normal
mlflow://experiment-2/adverse-drug-event-detector,psi,feature:dosage_ratio,0.0597,2026-05-20T18:00:00Z,normal
mlflow://experiment-2/adverse-drug-event-detector,psi,feature:renal_function,0.0405,2026-05-20T18:00:00Z,normal
mlflow://experiment-2/adverse-drug-event-detector,psi,overall,0.0996,2026-05-23T18:00:00Z,normal
mlflow://experiment-2/adverse-drug-event-detector,psi,feature:drug_interactions,0.1024,2026-05-23T18:00:00Z,warning
mlflow://experiment-2/adverse-drug-event-detector,psi,feature:dosage_ratio,0.0838,2026-05-23T18:00:00Z,normal
mlflow://experiment-2/adverse-drug-event-detector,psi,feature:renal_function,0.1561,2026-05-23T18:00:00Z,warning
mlflow://experiment-2/adverse-drug-event-detector,psi,overall,0.103,2026-05-26T18:00:00Z,warning
mlflow://experiment-2/adverse-drug-event-detector,psi,feature:drug_interactions,0.1011,2026-05-26T18:00:00Z,warning
mlflow://experiment-2/adverse-drug-event-detector,psi,feature:dosage_ratio,0.1258,2026-05-26T18:00:00Z,warning
mlflow://experiment-2/adverse-drug-event-detector,psi,feature:renal_function,0.0449,2026-05-26T18:00:00Z,normal
mlflow://experiment-2/adverse-drug-event-detector,psi,overall,0.1678,2026-05-29T18:00:00Z,warning
mlflow://experiment-2/adverse-drug-event-detector,psi,feature:drug_interactions,0.1772,2026-05-29T18:00:00Z,warning
mlflow://experiment-2/adverse-drug-event-detector,psi,feature:dosage_ratio,0.2706,2026-05-29T18:00:00Z,critical
mlflow://experiment-2/adverse-drug-event-detector,psi,feature:renal_function,0.1618,2026-05-29T18:00:00Z,warning
mlflow://experiment-2/adverse-drug-event-detector,psi,overall,0.156,2026-06-01T18:00:00Z,warning
mlflow://experiment-2/adverse-drug-event-detector,psi,feature:drug_interactions,0.1932,2026-06-01T18:00:00Z,warning
mlflow://experiment-2/adverse-drug-event-detector,psi,feature:dosage_ratio,0.1886,2026-06-01T18:00:00Z,warning
mlflow://experiment-2/adverse-drug-event-detector,psi,feature:renal_function,0.1129,2026-06-01T18:00:00Z,warning
mlflow://experiment-2/adverse-drug-event-detector,psi,overall,0.1582,2026-06-04T18:00:00Z,warning
mlflow://experiment-2/adverse-drug-event-detector,psi,feature:drug_interactions,0.1652,2026-06-04T18:00:00Z,warning
mlflow://experiment-2/adverse-drug-event-detector,psi,feature:dosage_ratio,0.1113,2026-06-04T18:00:00Z,warning
mlflow://experiment-2/adverse-drug-event-detector,psi,feature:renal_function,0.0849,2026-06-04T18:00:00Z,normal
mlflow://experiment-2/adverse-drug-event-detector,psi,overall,0.161,2026-06-07T18:00:00Z,warning
mlflow://experiment-2/adverse-drug-event-detector,psi,feature:drug_interactions,0.1411,2026-06-07T18:00:00Z,warning
mlflow://experiment-2/adverse-drug-event-detector,psi,feature:dosage_ratio,0.1217,2026-06-07T18:00:00Z,warning
mlflow://experiment-2/adverse-drug-event-detector,psi,feature:renal_function,0.1792,2026-06-07T18:00:00Z,warning
mlflow://experiment-2/adverse-drug-event-detector,psi,overall,0.1319,2026-06-10T18:00:00Z,warning
mlflow://experiment-2/adverse-drug-event-detector,psi,feature:drug_interactions,0.1865,2026-06-10T18:00:00Z,warning
mlflow://experiment-2/adverse-drug-event-detector,psi,feature:dosage_ratio,0.0792,2026-06-10T18:00:00Z,normal
mlflow://experiment-2/adverse-drug-event-detector,psi,feature:renal_function,0.1076,2026-06-10T18:00:00Z,warning
mlflow://experiment-2/adverse-drug-event-detector,psi,overall,0.1405,2026-06-13T18:00:00Z,warning
mlflow://experiment-2/adverse-drug-event-detector,psi,feature:drug_interactions,0.1199,2026-06-13T18:00:00Z,warning
mlflow://experiment-2/adverse-drug-event-detector,psi,feature:dosage_ratio,0.0774,2026-06-13T18:00:00Z,normal
mlflow://experiment-2/adverse-drug-event-detector,psi,feature:renal_function,0.1526,2026-06-13T18:00:00Z,warning
mlflow://experiment-2/adverse-drug-event-detector,psi,overall,0.1738,2026-06-16T18:00:00Z,warning
mlflow://experiment-2/adverse-drug-event-detector,psi,feature:drug_interactions,0.1878,2026-06-16T18:00:00Z,warning
mlflow://experiment-2/adverse-drug-event-detector,psi,feature:dosage_ratio,0.1681,2026-06-16T18:00:00Z,warning
mlflow://experiment-2/adverse-drug-event-detector,psi,feature:renal_function,0.2404,2026-06-16T18:00:00Z,warning
mlflow://experiment-2/adverse-drug-event-detector,psi,overall,0.1544,2026-06-19T18:00:00Z,warning
mlflow://experiment-2/adverse-drug-event-detector,psi,feature:drug_interactions,0.2066,2026-06-19T18:00:00Z,warning
mlflow://experiment-2/adverse-drug-event-detector,psi,feature:dosage_ratio,0.1586,2026-06-19T18:00:00Z,warning
mlflow://experiment-2/adverse-drug-event-detector,psi,feature:renal_function,0.1137,2026-06-19T18:00:00Z,warning
mlflow://experiment-2/adverse-drug-event-detector,psi,overall,0.2068,2026-06-22T18:00:00Z,warning
mlflow://experiment-2/adverse-drug-event-detector,psi,feature:drug_interactions,0.2319,2026-06-22T18:00:00Z,warning
mlflow://experiment-2/adverse-drug-event-detector,psi,feature:dosage_ratio,0.2399,2026-06-22T18:00:00Z,warning
mlflow://experiment-2/adverse-drug-event-detector,psi,feature:renal_function,0.2412,2026-06-22T18:00:00Z,warning
mlflow://experiment-2/adverse-drug-event-detector,psi,overall,0.1977,2026-06-25T18:00:00Z,warning
mlflow://experiment-2/adverse-drug-event-detector,psi,feature:drug_interactions,0.136,2026-06-25T18:00:00Z,warning
mlflow://experiment-2/adverse-drug-event-detector,psi,feature:dosage_ratio,0.2044,2026-06-25T18:00:00Z,warning
mlflow://experiment-2/adverse-drug-event-detector,psi,feature:renal_function,0.128,2026-06-25T18:00:00Z,warning
mlflow://experiment-2/adverse-drug-event-detector,psi,overall,0.1785,2026-06-28T18:00:00Z,warning
mlflow://experiment-2/adverse-drug-event-detector,psi,feature:drug_interactions,0.2146,2026-06-28T18:00:00Z,warning
mlflow://experiment-2/adverse-drug-event-detector,psi,feature:dosage_ratio,0.23,2026-06-28T18:00:00Z,warning
mlflow://experiment-2/adverse-drug-event-detector,psi,feature:renal_function,0.1759,2026-06-28T18:00:00Z,warning
mlflow://experiment-2/adverse-drug-event-detector,psi,overall,0.214,2026-07-01T18:00:00Z,warning
mlflow://experiment-2/adverse-drug-event-detector,psi,feature:drug_interactions,0.227,2026-07-01T18:00:00Z,warning
mlflow://experiment-2/adverse-drug-event-detector,psi,feature:dosage_ratio,0.2182,2026-07-01T18:00:00Z,warning
mlflow://experiment-2/adverse-drug-event-detector,psi,feature:renal_function,0.2571,2026-07-01T18:00:00Z,critical
mlflow://experiment-2/adverse-drug-event-detector,psi,overall,0.2323,2026-07-04T18:00:00Z,warning
mlflow://experiment-2/adverse-drug-event-detector,psi,feature:drug_interactions,0.2711,2026-07-04T18:00:00Z,critical
mlflow://experiment-2/adverse-drug-event-detector,psi,feature:dosage_ratio,0.249,2026-07-04T18:00:00Z,warning
mlflow://experiment-2/adverse-drug-event-detector,psi,feature:renal_function,0.2142,2026-07-04T18:00:00Z,warning
mlflow://experiment-2/adverse-drug-event-detector,psi,overall,0.224,2026-07-07T18:00:00Z,warning
mlflow://experiment-2/adverse-drug-event-detector,psi,feature:drug_interactions,0.2785,2026-07-07T18:00:00Z,critical
mlflow://experiment-2/adverse-drug-event-detector,psi,feature:dosage_ratio,0.2952,2026-07-07T18:00:00Z,critical
mlflow://experiment-2/adverse-drug-event-detector,psi,feature:renal_function,0.241,2026-07-07T18:00:00Z,warning
mlflow://experiment-2/adverse-drug-event-detector,psi,overall,0.1967,2026-07-10T18:00:00Z,warning
mlflow://experiment-2/adverse-drug-event-detector,psi,feature:drug_interactions,0.2249,2026-07-10T18:00:00Z,warning
mlflow://experiment-2/adverse-drug-event-detector,psi,feature:dosage_ratio,0.1878,2026-07-10T18:00:00Z,warning
mlflow://experiment-2/adverse-drug-event-detector,psi,feature:renal_function,0.2016,2026-07-10T18:00:00Z,warning
mlflow://experiment-2/adverse-drug-event-detector,psi,overall,0.2198,2026-07-13T18:00:00Z,warning
mlflow://experiment-2/adverse-drug-event-detector,psi,feature:drug_interactions,0.2218,2026-07-13T18:00:00Z,warning
mlflow://experiment-2/adverse-drug-event-detector,psi,feature:dosage_ratio,0.1935,2026-07-13T18:00:00Z,warning
mlflow://experiment-2/adverse-drug-event-detector,psi,feature:renal_function,0.2792,2026-07-13T18:00:00Z,critical
mlflow://experiment-2/adverse-drug-event-detector,psi,overall,0.226,2026-07-16T18:00:00Z,warning
mlflow://experiment-2/adverse-drug-event-detector,psi,feature:drug_interactions,0.2464,2026-07-16T18:00:00Z,warning
mlflow://experiment-2/adverse-drug-event-detector,psi,feature:dosage_ratio,0.1496,2026-07-16T18:00:00Z,warning
mlflow://experiment-2/adverse-drug-event-detector,psi,feature:renal_function,0.2316,2026-07-16T18:00:00Z,warning
mlflow://experiment-2/adverse-drug-event-detector,psi,overall,0.2424,2026-07-19T18:00:00Z,warning
mlflow://experiment-2/adverse-drug-event-detector,psi,feature:drug_interactions,0.2988,2026-07-19T18:00:00Z,critical
mlflow://experiment-2/adverse-drug-event-detector,psi,feature:dosage_ratio,0.2704,2026-07-19T18:00:00Z,critical
mlflow://experiment-2/adverse-drug-event-detector,psi,feature:renal_function,0.1737,2026-07-19T18:00:00Z,warning
mlflow://experiment-2/adverse-drug-event-detector,psi,overall,0.2504,2026-07-22T18:00:00Z,critical
mlflow://experiment-2/adverse-drug-event-detector,psi,feature:drug_interactions,0.287,2026-07-22T18:00:00Z,critical
mlflow://experiment-2/adverse-drug-event-detector,psi,feature:dosage_ratio,0.2834,2026-07-22T18:00:00Z,critical
mlflow://experiment-2/adverse-drug-event-detector,psi,feature:renal_function,0.244,2026-07-22T18:00:00Z,warning
mlflow://experiment-2/adverse-drug-event-detector,psi,overall,0.2124,2026-07-25T18:00:00Z,warning
mlflow://experiment-2/adverse-drug-event-detector,psi,feature:drug_interactions,0.1107,2026-07-25T18:00:00Z,warning
mlflow://experiment-2/adverse-drug-event-detector,psi,feature:dosage_ratio,0.2991,2026-07-25T18:00:00Z,critical
mlflow://experiment-2/adverse-drug-event-detector,psi,feature:renal_function,0.2568,2026-07-25T18:00:00Z,critical
mlflow://experiment-2/adverse-drug-event-detector,psi,overall,0.2575,2026-07-28T18:00:00Z,critical
mlflow://experiment-2/adverse-drug-event-detector,psi,feature:drug_interactions,0.2958,2026-07-28T18:00:00Z,critical
mlflow://experiment-2/adverse-drug-event-detector,psi,feature:dosage_ratio,0.2384,2026-07-28T18:00:00Z,warning
mlflow://experiment-2/adverse-drug-event-detector,psi,feature:renal_function,0.3199,2026-07-28T18:00:00Z,critical
mlflow://experiment-3/clinical-trial-enrollment-pred,psi,overall,0.1594,2026-05-02T18:00:00Z,warning
mlflow://experiment-3/clinical-trial-enrollment-pred,psi,feature:site_capacity,0.0935,2026-05-02T18:00:00Z,normal
mlflow://experiment-3/clinical-trial-enrollment-pred,psi,feature:protocol_complexity,0.2362,2026-05-02T18:00:00Z,warning
mlflow://experiment-3/clinical-trial-enrollment-pred,psi,feature:disease_prevalence,0.1386,2026-05-02T18:00:00Z,warning
mlflow://experiment-3/clinical-trial-enrollment-pred,psi,overall,0.1384,2026-05-05T18:00:00Z,warning
mlflow://experiment-3/clinical-trial-enrollment-pred,psi,feature:site_capacity,0.1068,2026-05-05T18:00:00Z,warning
mlflow://experiment-3/clinical-trial-enrollment-pred,psi,feature:protocol_complexity,0.1289,2026-05-05T18:00:00Z,warning
mlflow://experiment-3/clinical-trial-enrollment-pred,psi,feature:disease_prevalence,0.2023,2026-05-05T18:00:00Z,warning
mlflow://experiment-3/clinical-trial-enrollment-pred,psi,overall,0.1533,2026-05-08T18:00:00Z,warning
mlflow://experiment-3/clinical-trial-enrollment-pred,psi,feature:site_capacity,0.1431,2026-05-08T18:00:00Z,warning
mlflow://experiment-3/clinical-trial-enrollment-pred,psi,feature:protocol_complexity,0.1418,2026-05-08T18:00:00Z,warning
mlflow://experiment-3/clinical-trial-enrollment-pred,psi,feature:disease_prevalence,0.1696,2026-05-08T18:00:00Z,warning
mlflow://experiment-3/clinical-trial-enrollment-pred,psi,overall,0.1966,2026-05-11T18:00:00Z,warning
mlflow://experiment-3/clinical-trial-enrollment-pred,psi,feature:site_capacity,0.1436,2026-05-11T18:00:00Z,warning
mlflow://experiment-3/clinical-trial-enrollment-pred,psi,feature:protocol_complexity,0.1738,2026-05-11T18:00:00Z,warning
mlflow://experiment-3/clinical-trial-enrollment-pred,psi,feature:disease_prevalence,0.2668,2026-05-11T18:00:00Z,critical
mlflow://experiment-3/clinical-trial-enrollment-pred,psi,overall,0.19,2026-05-14T18:00:00Z,warning
mlflow://experiment-3/clinical-trial-enrollment-pred,psi,feature:site_capacity,0.2377,2026-05-14T18:00:00Z,warning
mlflow://experiment-3/clinical-trial-enrollment-pred,psi,feature:protocol_complexity,0.1895,2026-05-14T18:00:00Z,warning
mlflow://experiment-3/clinical-trial-enrollment-pred,psi,feature:disease_prevalence,0.2502,2026-05-14T18:00:00Z,critical
mlflow://experiment-3/clinical-trial-enrollment-pred,psi,overall,0.1981,2026-05-17T18:00:00Z,warning
mlflow://experiment-3/clinical-trial-enrollment-pred,psi,feature:site_capacity,0.1426,2026-05-17T18:00:00Z,warning
mlflow://experiment-3/clinical-trial-enrollment-pred,psi,feature:protocol_complexity,0.2496,2026-05-17T18:00:00Z,warning
mlflow://experiment-3/clinical-trial-enrollment-pred,psi,feature:disease_prevalence,0.1502,2026-05-17T18:00:00Z,warning
mlflow://experiment-3/clinical-trial-enrollment-pred,psi,overall,0.2092,2026-05-20T18:00:00Z,warning
mlflow://experiment-3/clinical-trial-enrollment-pred,psi,feature:site_capacity,0.2059,2026-05-20T18:00:00Z,warning
mlflow://experiment-3/clinical-trial-enrollment-pred,psi,feature:protocol_complexity,0.1357,2026-05-20T18:00:00Z,warning
mlflow://experiment-3/clinical-trial-enrollment-pred,psi,feature:disease_prevalence,0.2096,2026-05-20T18:00:00Z,warning
mlflow://experiment-3/clinical-trial-enrollment-pred,psi,overall,0.2551,2026-05-23T18:00:00Z,critical
mlflow://experiment-3/clinical-trial-enrollment-pred,psi,feature:site_capacity,0.1497,2026-05-23T18:00:00Z,warning
mlflow://experiment-3/clinical-trial-enrollment-pred,psi,feature:protocol_complexity,0.2471,2026-05-23T18:00:00Z,warning
mlflow://experiment-3/clinical-trial-enrollment-pred,psi,feature:disease_prevalence,0.3259,2026-05-23T18:00:00Z,critical
mlflow://experiment-3/clinical-trial-enrollment-pred,psi,overall,0.2602,2026-05-26T18:00:00Z,critical
mlflow://experiment-3/clinical-trial-enrollment-pred,psi,feature:site_capacity,0.1689,2026-05-26T18:00:00Z,warning
mlflow://experiment-3/clinical-trial-enrollment-pred,psi,feature:protocol_complexity,0.3575,2026-05-26T18:00:00Z,critical
mlflow://experiment-3/clinical-trial-enrollment-pred,psi,feature:disease_prevalence,0.1956,2026-05-26T18:00:00Z,warning
mlflow://experiment-3/clinical-trial-enrollment-pred,psi,overall,0.257,2026-05-29T18:00:00Z,critical
mlflow://experiment-3/clinical-trial-enrollment-pred,psi,feature:site_capacity,0.2396,2026-05-29T18:00:00Z,warning
mlflow://experiment-3/clinical-trial-enrollment-pred,psi,feature:protocol_complexity,0.274,2026-05-29T18:00:00Z,critical
mlflow://experiment-3/clinical-trial-enrollment-pred,psi,feature:disease_prevalence,0.31,2026-05-29T18:00:00Z,critical
mlflow://experiment-3/clinical-trial-enrollment-pred,psi,overall,0.272,2026-06-01T18:00:00Z,critical
mlflow://experiment-3/clinical-trial-enrollment-pred,psi,feature:site_capacity,0.3547,2026-06-01T18:00:00Z,critical
mlflow://experiment-3/clinical-trial-enrollment-pred,psi,feature:protocol_complexity,0.2814,2026-06-01T18:00:00Z,critical
mlflow://experiment-3/clinical-trial-enrollment-pred,psi,feature:disease_prevalence,0.1761,2026-06-01T18:00:00Z,warning
mlflow://experiment-3/clinical-trial-enrollment-pred,psi,overall,0.2485,2026-06-04T18:00:00Z,warning
mlflow://experiment-3/clinical-trial-enrollment-pred,psi,feature:site_capacity,0.3015,2026-06-04T18:00:00Z,critical
mlflow://experiment-3/clinical-trial-enrollment-pred,psi,feature:protocol_complexity,0.3086,2026-06-04T18:00:00Z,critical
mlflow://experiment-3/clinical-trial-enrollment-pred,psi,feature:disease_prevalence,0.2109,2026-06-04T18:00:00Z,warning
mlflow://experiment-3/clinical-trial-enrollment-pred,psi,overall,0.3029,2026-06-07T18:00:00Z,critical
mlflow://experiment-3/clinical-trial-enrollment-pred,psi,feature:site_capacity,0.2705,2026-06-07T18:00:00Z,critical
mlflow://experiment-3/clinical-trial-enrollment-pred,psi,feature:protocol_complexity,0.2961,2026-06-07T18:00:00Z,critical
mlflow://experiment-3/clinical-trial-enrollment-pred,psi,feature:disease_prevalence,0.3317,2026-06-07T18:00:00Z,critical
mlflow://experiment-3/clinical-trial-enrollment-pred,psi,overall,0.3003,2026-06-10T18:00:00Z,critical
mlflow://experiment-3/clinical-trial-enrollment-pred,psi,feature:site_capacity,0.2665,2026-06-10T18:00:00Z,critical
mlflow://experiment-3/clinical-trial-enrollment-pred,psi,feature:protocol_complexity,0.3024,2026-06-10T18:00:00Z,critical
mlflow://experiment-3/clinical-trial-enrollment-pred,psi,feature:disease_prevalence,0.3288,2026-06-10T18:00:00Z,critical
mlflow://experiment-3/clinical-trial-enrollment-pred,psi,overall,0.3532,2026-06-13T18:00:00Z,critical
mlflow://experiment-3/clinical-trial-enrollment-pred,psi,feature:site_capacity,0.3686,2026-06-13T18:00:00Z,critical
mlflow://experiment-3/clinical-trial-enrollment-pred,psi,feature:protocol_complexity,0.3318,2026-06-13T18:00:00Z,critical
mlflow://experiment-3/clinical-trial-enrollment-pred,psi,feature:disease_prevalence,0.4067,2026-06-13T18:00:00Z,critical
mlflow://experiment-3/clinical-trial-enrollment-pred,psi,overall,0.3509,2026-06-16T18:00:00Z,critical
mlflow://experiment-3/clinical-trial-enrollment-pred,psi,feature:site_capacity,0.348,2026-06-16T18:00:00Z,critical
mlflow://experiment-3/clinical-trial-enrollment-pred,psi,feature:protocol_complexity,0.3788,2026-06-16T18:00:00Z,critical
mlflow://experiment-3/clinical-trial-enrollment-pred,psi,feature:disease_prevalence,0.3321,2026-06-16T18:00:00Z,critical
mlflow://experiment-3/clinical-trial-enrollment-pred,psi,overall,0.3413,2026-06-19T18:00:00Z,critical
mlflow://experiment-3/clinical-trial-enrollment-pred,psi,feature:site_capacity,0.3533,2026-06-19T18:00:00Z,critical
mlflow://experiment-3/clinical-trial-enrollment-pred,psi,feature:protocol_complexity,0.3513,2026-06-19T18:00:00Z,critical
mlflow://experiment-3/clinical-trial-enrollment-pred,psi,feature:disease_prevalence,0.3022,2026-06-19T18:00:00Z,critical
mlflow://experiment-3/clinical-trial-enrollment-pred,psi,overall,0.3267,2026-06-22T18:00:00Z,critical
mlflow://experiment-3/clinical-trial-enrollment-pred,psi,feature:site_capacity,0.3042,2026-06-22T18:00:00Z,critical
mlflow://experiment-3/clinical-trial-enrollment-pred,psi,feature:protocol_complexity,0.4039,2026-06-22T18:00:00Z,critical
mlflow://experiment-3/clinical-trial-enrollment-pred,psi,feature:disease_prevalence,0.3477,2026-06-22T18:00:00Z,critical
mlflow://experiment-3/clinical-trial-enrollment-pred,psi,overall,0.3674,2026-06-25T18:00:00Z,critical
mlflow://experiment-3/clinical-trial-enrollment-pred,psi,feature:site_capacity,0.3508,2026-06-25T18:00:00Z,critical
mlflow://experiment-3/clinical-trial-enrollment-pred,psi,feature:protocol_complexity,0.4019,2026-06-25T18:00:00Z,critical
mlflow://experiment-3/clinical-trial-enrollment-pred,psi,feature:disease_prevalence,0.3411,2026-06-25T18:00:00Z,critical
mlflow://experiment-3/clinical-trial-enrollment-pred,psi,overall,0.3758,2026-06-28T18:00:00Z,critical
mlflow://experiment-3/clinical-trial-enrollment-pred,psi,feature:site_capacity,0.3932,2026-06-28T18:00:00Z,critical
mlflow://experiment-3/clinical-trial-enrollment-pred,psi,feature:protocol_complexity,0.4782,2026-06-28T18:00:00Z,critical
mlflow://experiment-3/clinical-trial-enrollment-pred,psi,feature:disease_prevalence,0.3462,2026-06-28T18:00:00Z,critical
mlflow://experiment-3/clinical-trial-enrollment-pred,psi,overall,0.3703,2026-07-01T18:00:00Z,critical
mlflow://experiment-3/clinical-trial-enrollment-pred,psi,feature:site_capacity,0.2785,2026-07-01T18:00:00Z,critical
mlflow://experiment-3/clinical-trial-enrollment-pred,psi,feature:protocol_complexity,0.294,2026-07-01T18:00:00Z,critical
mlflow://experiment-3/clinical-trial-enrollment-pred,psi,feature:disease_prevalence,0.4281,2026-07-01T18:00:00Z,critical
mlflow://experiment-3/clinical-trial-enrollment-pred,psi,overall,0.4101,2026-07-04T18:00:00Z,critical
mlflow://experiment-3/clinical-trial-enrollment-pred,psi,feature:site_capacity,0.3794,2026-07-04T18:00:00Z,critical
mlflow://experiment-3/clinical-trial-enrollment-pred,psi,feature:protocol_complexity,0.3569,2026-07-04T18:00:00Z,critical
mlflow://experiment-3/clinical-trial-enrollment-pred,psi,feature:disease_prevalence,0.3847,2026-07-04T18:00:00Z,critical
mlflow://experiment-3/clinical-trial-enrollment-pred,psi,overall,0.4355,2026-07-07T18:00:00Z,critical
mlflow://experiment-3/clinical-trial-enrollment-pred,psi,feature:site_capacity,0.4862,2026-07-07T18:00:00Z,critical
mlflow://experiment-3/clinical-trial-enrollment-pred,psi,feature:protocol_complexity,0.3599,2026-07-07T18:00:00Z,critical
mlflow://experiment-3/clinical-trial-enrollment-pred,psi,feature:disease_prevalence,0.3936,2026-07-07T18:00:00Z,critical
mlflow://experiment-3/clinical-trial-enrollment-pred,psi,overall,0.4029,2026-07-10T18:00:00Z,critical
mlflow://experiment-3/clinical-trial-enrollment-pred,psi,feature:site_capacity,0.3936,2026-07-10T18:00:00Z,critical
mlflow://experiment-3/clinical-trial-enrollment-pred,psi,feature:protocol_complexity,0.4599,2026-07-10T18:00:00Z,critical
mlflow://experiment-3/clinical-trial-enrollment-pred,psi,feature:disease_prevalence,0.4392,2026-07-10T18:00:00Z,critical
mlflow://experiment-3/clinical-trial-enrollment-pred,psi,overall,0.4405,2026-07-13T18:00:00Z,critical
mlflow://experiment-3/clinical-trial-enrollment-pred,psi,feature:site_capacity,0.3976,2026-07-13T18:00:00Z,critical
mlflow://experiment-3/clinical-trial-enrollment-pred,psi,feature:protocol_complexity,0.4809,2026-07-13T18:00:00Z,critical
mlflow://experiment-3/clinical-trial-enrollment-pred,psi,feature:disease_prevalence,0.3695,2026-07-13T18:00:00Z,critical
mlflow://experiment-3/clinical-trial-enrollment-pred,psi,overall,0.4613,2026-07-16T18:00:00Z,critical
mlflow://experiment-3/clinical-trial-enrollment-pred,psi,feature:site_capacity,0.3838,2026-07-16T18:00:00Z,critical
mlflow://experiment-3/clinical-trial-enrollment-pred,psi,feature:protocol_complexity,0.4936,2026-07-16T18:00:00Z,critical
mlflow://experiment-3/clinical-trial-enrollment-pred,psi,feature:disease_prevalence,0.4475,2026-07-16T18:00:00Z,critical
mlflow://experiment-3/clinical-trial-enrollment-pred,psi,overall,0.4729,2026-07-19T18:00:00Z,critical
mlflow://experiment-3/clinical-trial-enrollment-pred,psi,feature:site_capacity,0.4945,2026-07-19T18:00:00Z,critical
mlflow://experiment-3/clinical-trial-enrollment-pred,psi,feature:protocol_complexity,0.465,2026-07-19T18:00:00Z,critical
mlflow://experiment-3/clinical-trial-enrollment-pred,psi,feature:disease_prevalence,0.5235,2026-07-19T18:00:00Z,critical
mlflow://experiment-3/clinical-trial-enrollment-pred,psi,overall,0.4784,2026-07-22T18:00:00Z,critical
mlflow://experiment-3/clinical-trial-enrollment-pred,psi,feature:site_capacity,0.4655,2026-07-22T18:00:00Z,critical
mlflow://experiment-3/clinical-trial-enrollment-pred,psi,feature:protocol_complexity,0.4026,2026-07-22T18:00:00Z,critical
mlflow://experiment-3/clinical-trial-enrollment-pred,psi,feature:disease_prevalence,0.4622,2026-07-22T18:00:00Z,critical
mlflow://experiment-3/clinical-trial-enrollment-pred,psi,overall,0.5051,2026-07-25T18:00:00Z,critical
mlflow://experiment-3/clinical-trial-enrollment-pred,psi,feature:site_capacity,0.546,2026-07-25T18:00:00Z,critical
mlflow://experiment-3/clinical-trial-enrollment-pred,psi,feature:protocol_complexity,0.4679,2026-07-25T18:00:00Z,critical
mlflow://experiment-3/clinical-trial-enrollment-pred,psi,feature:disease_prevalence,0.511,2026-07-25T18:00:00Z,critical
mlflow://experiment-3/clinical-trial-enrollment-pred,psi,overall,0.4919,2026-07-28T18:00:00Z,critical
mlflow://experiment-3/clinical-trial-enrollment-pred,psi,feature:site_capacity,0.5782,2026-07-28T18:00:00Z,critical
mlflow://experiment-3/clinical-trial-enrollment-pred,psi,feature:protocol_complexity,0.5268,2026-07-28T18:00:00Z,critical
mlflow://experiment-3/clinical-trial-enrollment-pred,psi,feature:disease_prevalence,0.5368,2026-07-28T18:00:00Z,critical
mlflow://experiment-4/disease-progression-forecaster,psi,overall,0.1884,2026-05-02T18:00:00Z,warning
mlflow://experiment-4/disease-progression-forecaster,psi,feature:baseline_severity,0.2201,2026-05-02T18:00:00Z,warning
mlflow://experiment-4/disease-progression-forecaster,psi,feature:biomarker_trend,0.1221,2026-05-02T18:00:00Z,warning
mlflow://experiment-4/disease-progression-forecaster,psi,feature:treatment_adherence,0.1025,2026-05-02T18:00:00Z,warning
mlflow://experiment-4/disease-progression-forecaster,psi,overall,0.226,2026-05-05T18:00:00Z,warning
mlflow://experiment-4/disease-progression-forecaster,psi,feature:baseline_severity,0.2438,2026-05-05T18:00:00Z,warning
mlflow://experiment-4/disease-progression-forecaster,psi,feature:biomarker_trend,0.2311,2026-05-05T18:00:00Z,warning
mlflow://experiment-4/disease-progression-forecaster,psi,feature:treatment_adherence,0.21,2026-05-05T18:00:00Z,warning
mlflow://experiment-4/disease-progression-forecaster,psi,overall,0.2139,2026-05-08T18:00:00Z,warning
mlflow://experiment-4/disease-progression-forecaster,psi,feature:baseline_severity,0.1769,2026-05-08T18:00:00Z,warning
mlflow://experiment-4/disease-progression-forecaster,psi,feature:biomarker_trend,0.213,2026-05-08T18:00:00Z,warning
mlflow://experiment-4/disease-progression-forecaster,psi,feature:treatment_adherence,0.2632,2026-05-08T18:00:00Z,critical
mlflow://experiment-4/disease-progression-forecaster,psi,overall,0.162,2026-05-11T18:00:00Z,warning
mlflow://experiment-4/disease-progression-forecaster,psi,feature:baseline_severity,0.1025,2026-05-11T18:00:00Z,warning
mlflow://experiment-4/disease-progression-forecaster,psi,feature:biomarker_trend,0.2244,2026-05-11T18:00:00Z,warning
mlflow://experiment-4/disease-progression-forecaster,psi,feature:treatment_adherence,0.1186,2026-05-11T18:00:00Z,warning
mlflow://experiment-4/disease-progression-forecaster,psi,overall,0.1617,2026-05-14T18:00:00Z,warning
mlflow://experiment-4/disease-progression-forecaster,psi,feature:baseline_severity,0.1537,2026-05-14T18:00:00Z,warning
mlflow://experiment-4/disease-progression-forecaster,psi,feature:biomarker_trend,0.1558,2026-05-14T18:00:00Z,warning
mlflow://experiment-4/disease-progression-forecaster,psi,feature:treatment_adherence,0.1639,2026-05-14T18:00:00Z,warning
mlflow://experiment-4/disease-progression-forecaster,psi,overall,0.2144,2026-05-17T18:00:00Z,warning
mlflow://experiment-4/disease-progression-forecaster,psi,feature:baseline_severity,0.1865,2026-05-17T18:00:00Z,warning
mlflow://experiment-4/disease-progression-forecaster,psi,feature:biomarker_trend,0.2512,2026-05-17T18:00:00Z,critical
mlflow://experiment-4/disease-progression-forecaster,psi,feature:treatment_adherence,0.1936,2026-05-17T18:00:00Z,warning
mlflow://experiment-4/disease-progression-forecaster,psi,overall,0.195,2026-05-20T18:00:00Z,warning
mlflow://experiment-4/disease-progression-forecaster,psi,feature:baseline_severity,0.1622,2026-05-20T18:00:00Z,warning
mlflow://experiment-4/disease-progression-forecaster,psi,feature:biomarker_trend,0.1659,2026-05-20T18:00:00Z,warning
mlflow://experiment-4/disease-progression-forecaster,psi,feature:treatment_adherence,0.2896,2026-05-20T18:00:00Z,critical
mlflow://experiment-4/disease-progression-forecaster,psi,overall,0.1695,2026-05-23T18:00:00Z,warning
mlflow://experiment-4/disease-progression-forecaster,psi,feature:baseline_severity,0.2149,2026-05-23T18:00:00Z,warning
mlflow://experiment-4/disease-progression-forecaster,psi,feature:biomarker_trend,0.132,2026-05-23T18:00:00Z,warning
mlflow://experiment-4/disease-progression-forecaster,psi,feature:treatment_adherence,0.2529,2026-05-23T18:00:00Z,critical
mlflow://experiment-4/disease-progression-forecaster,psi,overall,0.1303,2026-05-26T18:00:00Z,warning
mlflow://experiment-4/disease-progression-forecaster,psi,feature:baseline_severity,0.0607,2026-05-26T18:00:00Z,normal
mlflow://experiment-4/disease-progression-forecaster,psi,feature:biomarker_trend,0.1272,2026-05-26T18:00:00Z,warning
mlflow://experiment-4/disease-progression-forecaster,psi,feature:treatment_adherence,0.1505,2026-05-26T18:00:00Z,warning
mlflow://experiment-4/disease-progression-forecaster,psi,overall,0.1503,2026-05-29T18:00:00Z,warning
mlflow://experiment-4/disease-progression-forecaster,psi,feature:baseline_severity,0.0931,2026-05-29T18:00:00Z,normal
mlflow://experiment-4/disease-progression-forecaster,psi,feature:biomarker_trend,0.1409,2026-05-29T18:00:00Z,warning
mlflow://experiment-4/disease-progression-forecaster,psi,feature:treatment_adherence,0.0364,2026-05-29T18:00:00Z,normal
mlflow://experiment-4/disease-progression-forecaster,psi,overall,0.1296,2026-06-01T18:00:00Z,warning
mlflow://experiment-4/disease-progression-forecaster,psi,feature:baseline_severity,0.1751,2026-06-01T18:00:00Z,warning
mlflow://experiment-4/disease-progression-forecaster,psi,feature:biomarker_trend,0.1496,2026-06-01T18:00:00Z,warning
mlflow://experiment-4/disease-progression-forecaster,psi,feature:treatment_adherence,0.1183,2026-06-01T18:00:00Z,warning
mlflow://experiment-4/disease-progression-forecaster,psi,overall,0.1423,2026-06-04T18:00:00Z,warning
mlflow://experiment-4/disease-progression-forecaster,psi,feature:baseline_severity,0.1752,2026-06-04T18:00:00Z,warning
mlflow://experiment-4/disease-progression-forecaster,psi,feature:biomarker_trend,0.1901,2026-06-04T18:00:00Z,warning
mlflow://experiment-4/disease-progression-forecaster,psi,feature:treatment_adherence,0.1635,2026-06-04T18:00:00Z,warning
mlflow://experiment-4/disease-progression-forecaster,psi,overall,0.1247,2026-06-07T18:00:00Z,warning
mlflow://experiment-4/disease-progression-forecaster,psi,feature:baseline_severity,0.0623,2026-06-07T18:00:00Z,normal
mlflow://experiment-4/disease-progression-forecaster,psi,feature:biomarker_trend,0.089,2026-06-07T18:00:00Z,normal
mlflow://experiment-4/disease-progression-forecaster,psi,feature:treatment_adherence,0.193,2026-06-07T18:00:00Z,warning
mlflow://experiment-4/disease-progression-forecaster,psi,overall,0.1242,2026-06-10T18:00:00Z,warning
mlflow://experiment-4/disease-progression-forecaster,psi,feature:baseline_severity,0.0528,2026-06-10T18:00:00Z,normal
mlflow://experiment-4/disease-progression-forecaster,psi,feature:biomarker_trend,0.146,2026-06-10T18:00:00Z,warning
mlflow://experiment-4/disease-progression-forecaster,psi,feature:treatment_adherence,0.1737,2026-06-10T18:00:00Z,warning
mlflow://experiment-4/disease-progression-forecaster,psi,overall,0.115,2026-06-13T18:00:00Z,warning
mlflow://experiment-4/disease-progression-forecaster,psi,feature:baseline_severity,0.112,2026-06-13T18:00:00Z,warning
mlflow://experiment-4/disease-progression-forecaster,psi,feature:biomarker_trend,0.1282,2026-06-13T18:00:00Z,warning
mlflow://experiment-4/disease-progression-forecaster,psi,feature:treatment_adherence,0.1556,2026-06-13T18:00:00Z,warning
mlflow://experiment-4/disease-progression-forecaster,psi,overall,0.1014,2026-06-16T18:00:00Z,warning
mlflow://experiment-4/disease-progression-forecaster,psi,feature:baseline_severity,0.0903,2026-06-16T18:00:00Z,normal
mlflow://experiment-4/disease-progression-forecaster,psi,feature:biomarker_trend,0.1016,2026-06-16T18:00:00Z,warning
mlflow://experiment-4/disease-progression-forecaster,psi,feature:treatment_adherence,0.1804,2026-06-16T18:00:00Z,warning
mlflow://experiment-4/disease-progression-forecaster,psi,overall,0.1072,2026-06-19T18:00:00Z,warning
mlflow://experiment-4/disease-progression-forecaster,psi,feature:baseline_severity,0.0353,2026-06-19T18:00:00Z,normal
mlflow://experiment-4/disease-progression-forecaster,psi,feature:biomarker_trend,0.1531,2026-06-19T18:00:00Z,warning
mlflow://experiment-4/disease-progression-forecaster,psi,feature:treatment_adherence,0.1562,2026-06-19T18:00:00Z,warning
mlflow://experiment-4/disease-progression-forecaster,psi,overall,0.058,2026-06-22T18:00:00Z,normal
mlflow://experiment-4/disease-progression-forecaster,psi,feature:baseline_severity,0.1212,2026-06-22T18:00:00Z,warning
mlflow://experiment-4/disease-progression-forecaster,psi,feature:biomarker_trend,0,2026-06-22T18:00:00Z,normal
mlflow://experiment-4/disease-progression-forecaster,psi,feature:treatment_adherence,0.0885,2026-06-22T18:00:00Z,normal
mlflow://experiment-4/disease-progression-forecaster,psi,overall,0.1003,2026-06-25T18:00:00Z,warning
mlflow://experiment-4/disease-progression-forecaster,psi,feature:baseline_severity,0.1232,2026-06-25T18:00:00Z,warning
mlflow://experiment-4/disease-progression-forecaster,psi,feature:biomarker_trend,0.0631,2026-06-25T18:00:00Z,normal
mlflow://experiment-4/disease-progression-forecaster,psi,feature:treatment_adherence,0.0757,2026-06-25T18:00:00Z,normal
mlflow://experiment-4/disease-progression-forecaster,psi,overall,0.0843,2026-06-28T18:00:00Z,normal
mlflow://experiment-4/disease-progression-forecaster,psi,feature:baseline_severity,0.1049,2026-06-28T18:00:00Z,warning
mlflow://experiment-4/disease-progression-forecaster,psi,feature:biomarker_trend,0.0507,2026-06-28T18:00:00Z,normal
mlflow://experiment-4/disease-progression-forecaster,psi,feature:treatment_adherence,0.1213,2026-06-28T18:00:00Z,warning
mlflow://experiment-4/disease-progression-forecaster,psi,overall,0.0528,2026-07-01T18:00:00Z,normal
mlflow://experiment-4/disease-progression-forecaster,psi,feature:baseline_severity,0.1189,2026-07-01T18:00:00Z,warning
mlflow://experiment-4/disease-progression-forecaster,psi,feature:biomarker_trend,0.0435,2026-07-01T18:00:00Z,normal
mlflow://experiment-4/disease-progression-forecaster,psi,feature:treatment_adherence,0.0484,2026-07-01T18:00:00Z,normal
mlflow://experiment-4/disease-progression-forecaster,psi,overall,0.0993,2026-07-04T18:00:00Z,normal
mlflow://experiment-4/disease-progression-forecaster,psi,feature:baseline_severity,0.1085,2026-07-04T18:00:00Z,warning
mlflow://experiment-4/disease-progression-forecaster,psi,feature:biomarker_trend,0.0718,2026-07-04T18:00:00Z,normal
mlflow://experiment-4/disease-progression-forecaster,psi,feature:treatment_adherence,0.076,2026-07-04T18:00:00Z,normal
mlflow://experiment-4/disease-progression-forecaster,psi,overall,0.0869,2026-07-07T18:00:00Z,normal
mlflow://experiment-4/disease-progression-forecaster,psi,feature:baseline_severity,0.1164,2026-07-07T18:00:00Z,warning
mlflow://experiment-4/disease-progression-forecaster,psi,feature:biomarker_trend,0.0797,2026-07-07T18:00:00Z,normal
mlflow://experiment-4/disease-progression-forecaster,psi,feature:treatment_adherence,0.1843,2026-07-07T18:00:00Z,warning
mlflow://experiment-4/disease-progression-forecaster,psi,overall,0.0884,2026-07-10T18:00:00Z,normal
mlflow://experiment-4/disease-progression-forecaster,psi,feature:baseline_severity,0.1097,2026-07-10T18:00:00Z,warning
mlflow://experiment-4/disease-progression-forecaster,psi,feature:biomarker_trend,0.0654,2026-07-10T18:00:00Z,normal
mlflow://experiment-4/disease-progression-forecaster,psi,feature:treatment_adherence,0.0716,2026-07-10T18:00:00Z,normal
mlflow://experiment-4/disease-progression-forecaster,psi,overall,0.0678,2026-07-13T18:00:00Z,normal
mlflow://experiment-4/disease-progression-forecaster,psi,feature:baseline_severity,0.0598,2026-07-13T18:00:00Z,normal
mlflow://experiment-4/disease-progression-forecaster,psi,feature:biomarker_trend,0.0601,2026-07-13T18:00:00Z,normal
mlflow://experiment-4/disease-progression-forecaster,psi,feature:treatment_adherence,0.0643,2026-07-13T18:00:00Z,normal
mlflow://experiment-4/disease-progression-forecaster,psi,overall,0.016,2026-07-16T18:00:00Z,normal
mlflow://experiment-4/disease-progression-forecaster,psi,feature:baseline_severity,0.0021,2026-07-16T18:00:00Z,normal
mlflow://experiment-4/disease-progression-forecaster,psi,feature:biomarker_trend,0.1003,2026-07-16T18:00:00Z,warning
mlflow://experiment-4/disease-progression-forecaster,psi,feature:treatment_adherence,0,2026-07-16T18:00:00Z,normal
mlflow://experiment-4/disease-progression-forecaster,psi,overall,0.0297,2026-07-19T18:00:00Z,normal
mlflow://experiment-4/disease-progression-forecaster,psi,feature:baseline_severity,0.0311,2026-07-19T18:00:00Z,normal
mlflow://experiment-4/disease-progression-forecaster,psi,feature:biomarker_trend,0.0648,2026-07-19T18:00:00Z,normal
mlflow://experiment-4/disease-progression-forecaster,psi,feature:treatment_adherence,0.1454,2026-07-19T18:00:00Z,warning
mlflow://experiment-4/disease-progression-forecaster,psi,overall,0.0441,2026-07-22T18:00:00Z,normal
mlflow://experiment-4/disease-progression-forecaster,psi,feature:baseline_severity,0.0078,2026-07-22T18:00:00Z,normal
mlflow://experiment-4/disease-progression-forecaster,psi,feature:biomarker_trend,0.043,2026-07-22T18:00:00Z,normal
mlflow://experiment-4/disease-progression-forecaster,psi,feature:treatment_adherence,0,2026-07-22T18:00:00Z,normal
mlflow://experiment-4/disease-progression-forecaster,psi,overall,0.0196,2026-07-25T18:00:00Z,normal
mlflow://experiment-4/disease-progression-forecaster,psi,feature:baseline_severity,0.0339,2026-07-25T18:00:00Z,normal
mlflow://experiment-4/disease-progression-forecaster,psi,feature:biomarker_trend,0.0397,2026-07-25T18:00:00Z,normal
mlflow://experiment-4/disease-progression-forecaster,psi,feature:treatment_adherence,0.1107,2026-07-25T18:00:00Z,warning
mlflow://experiment-4/disease-progression-forecaster,psi,overall,0.0241,2026-07-28T18:00:00Z,normal
mlflow://experiment-4/disease-progression-forecaster,psi,feature:baseline_severity,0,2026-07-28T18:00:00Z,normal
mlflow://experiment-4/disease-progression-forecaster,psi,feature:biomarker_trend,0.0617,2026-07-28T18:00:00Z,normal
mlflow://experiment-4/disease-progression-forecaster,psi,feature:treatment_adherence,0.1044,2026-07-28T18:00:00Z,warning
mlflow://experiment-5/medical-image-anomaly-detector,psi,overall,0.1038,2026-05-02T18:00:00Z,warning
mlflow://experiment-5/medical-image-anomaly-detector,psi,feature:pixel_intensity_mean,0.1283,2026-05-02T18:00:00Z,warning
mlflow://experiment-5/medical-image-anomaly-detector,psi,feature:texture_entropy,0.1088,2026-05-02T18:00:00Z,warning
mlflow://experiment-5/medical-image-anomaly-detector,psi,feature:shape_regularity,0.1583,2026-05-02T18:00:00Z,warning
mlflow://experiment-5/medical-image-anomaly-detector,psi,overall,0.0503,2026-05-05T18:00:00Z,normal
mlflow://experiment-5/medical-image-anomaly-detector,psi,feature:pixel_intensity_mean,0.1164,2026-05-05T18:00:00Z,warning
mlflow://experiment-5/medical-image-anomaly-detector,psi,feature:texture_entropy,0.0375,2026-05-05T18:00:00Z,normal
mlflow://experiment-5/medical-image-anomaly-detector,psi,feature:shape_regularity,0.0334,2026-05-05T18:00:00Z,normal
mlflow://experiment-5/medical-image-anomaly-detector,psi,overall,0.0103,2026-05-08T18:00:00Z,normal
mlflow://experiment-5/medical-image-anomaly-detector,psi,feature:pixel_intensity_mean,0.0299,2026-05-08T18:00:00Z,normal
mlflow://experiment-5/medical-image-anomaly-detector,psi,feature:texture_entropy,0.0599,2026-05-08T18:00:00Z,normal
mlflow://experiment-5/medical-image-anomaly-detector,psi,feature:shape_regularity,0.0022,2026-05-08T18:00:00Z,normal
mlflow://experiment-5/medical-image-anomaly-detector,psi,overall,0.0546,2026-05-11T18:00:00Z,normal
mlflow://experiment-5/medical-image-anomaly-detector,psi,feature:pixel_intensity_mean,0.1024,2026-05-11T18:00:00Z,warning
mlflow://experiment-5/medical-image-anomaly-detector,psi,feature:texture_entropy,0,2026-05-11T18:00:00Z,normal
mlflow://experiment-5/medical-image-anomaly-detector,psi,feature:shape_regularity,0.0859,2026-05-11T18:00:00Z,normal
mlflow://experiment-5/medical-image-anomaly-detector,psi,overall,0.0729,2026-05-14T18:00:00Z,normal
mlflow://experiment-5/medical-image-anomaly-detector,psi,feature:pixel_intensity_mean,0.1011,2026-05-14T18:00:00Z,warning
mlflow://experiment-5/medical-image-anomaly-detector,psi,feature:texture_entropy,0.1824,2026-05-14T18:00:00Z,warning
mlflow://experiment-5/medical-image-anomaly-detector,psi,feature:shape_regularity,0.1101,2026-05-14T18:00:00Z,warning
mlflow://experiment-5/medical-image-anomaly-detector,psi,overall,0.0316,2026-05-17T18:00:00Z,normal
mlflow://experiment-5/medical-image-anomaly-detector,psi,feature:pixel_intensity_mean,0.0401,2026-05-17T18:00:00Z,normal
mlflow://experiment-5/medical-image-anomaly-detector,psi,feature:texture_entropy,0,2026-05-17T18:00:00Z,normal
mlflow://experiment-5/medical-image-anomaly-detector,psi,feature:shape_regularity,0,2026-05-17T18:00:00Z,normal
mlflow://experiment-5/medical-image-anomaly-detector,psi,overall,0.0601,2026-05-20T18:00:00Z,normal
mlflow://experiment-5/medical-image-anomaly-detector,psi,feature:pixel_intensity_mean,0,2026-05-20T18:00:00Z,normal
mlflow://experiment-5/medical-image-anomaly-detector,psi,feature:texture_entropy,0.062,2026-05-20T18:00:00Z,normal
mlflow://experiment-5/medical-image-anomaly-detector,psi,feature:shape_regularity,0.0553,2026-05-20T18:00:00Z,normal
mlflow://experiment-5/medical-image-anomaly-detector,psi,overall,0.0304,2026-05-23T18:00:00Z,normal
mlflow://experiment-5/medical-image-anomaly-detector,psi,feature:pixel_intensity_mean,0.029,2026-05-23T18:00:00Z,normal
mlflow://experiment-5/medical-image-anomaly-detector,psi,feature:texture_entropy,0.1043,2026-05-23T18:00:00Z,warning
mlflow://experiment-5/medical-image-anomaly-detector,psi,feature:shape_regularity,0.0199,2026-05-23T18:00:00Z,normal
mlflow://experiment-5/medical-image-anomaly-detector,psi,overall,0.0785,2026-05-26T18:00:00Z,normal
mlflow://experiment-5/medical-image-anomaly-detector,psi,feature:pixel_intensity_mean,0.1564,2026-05-26T18:00:00Z,warning
mlflow://experiment-5/medical-image-anomaly-detector,psi,feature:texture_entropy,0.1089,2026-05-26T18:00:00Z,warning
mlflow://experiment-5/medical-image-anomaly-detector,psi,feature:shape_regularity,0.0865,2026-05-26T18:00:00Z,normal
mlflow://experiment-5/medical-image-anomaly-detector,psi,overall,0.0612,2026-05-29T18:00:00Z,normal
mlflow://experiment-5/medical-image-anomaly-detector,psi,feature:pixel_intensity_mean,0.1123,2026-05-29T18:00:00Z,warning
mlflow://experiment-5/medical-image-anomaly-detector,psi,feature:texture_entropy,0.0314,2026-05-29T18:00:00Z,normal
mlflow://experiment-5/medical-image-anomaly-detector,psi,feature:shape_regularity,0.1088,2026-05-29T18:00:00Z,warning
mlflow://experiment-5/medical-image-anomaly-detector,psi,overall,0.0766,2026-06-01T18:00:00Z,normal
mlflow://experiment-5/medical-image-anomaly-detector,psi,feature:pixel_intensity_mean,0.1186,2026-06-01T18:00:00Z,warning
mlflow://experiment-5/medical-image-anomaly-detector,psi,feature:texture_entropy,0.0412,2026-06-01T18:00:00Z,normal
mlflow://experiment-5/medical-image-anomaly-detector,psi,feature:shape_regularity,0.0925,2026-06-01T18:00:00Z,normal
mlflow://experiment-5/medical-image-anomaly-detector,psi,overall,0.0285,2026-06-04T18:00:00Z,normal
mlflow://experiment-5/medical-image-anomaly-detector,psi,feature:pixel_intensity_mean,0.1563,2026-06-04T18:00:00Z,warning
mlflow://experiment-5/medical-image-anomaly-detector,psi,feature:texture_entropy,0,2026-06-04T18:00:00Z,normal
mlflow://experiment-5/medical-image-anomaly-detector,psi,feature:shape_regularity,0.0292,2026-06-04T18:00:00Z,normal
mlflow://experiment-5/medical-image-anomaly-detector,psi,overall,0.0463,2026-06-07T18:00:00Z,normal
mlflow://experiment-5/medical-image-anomaly-detector,psi,feature:pixel_intensity_mean,0.0927,2026-06-07T18:00:00Z,normal
mlflow://experiment-5/medical-image-anomaly-detector,psi,feature:texture_entropy,0,2026-06-07T18:00:00Z,normal
mlflow://experiment-5/medical-image-anomaly-detector,psi,feature:shape_regularity,0.0923,2026-06-07T18:00:00Z,normal
mlflow://experiment-5/medical-image-anomaly-detector,psi,overall,0.0469,2026-06-10T18:00:00Z,normal
mlflow://experiment-5/medical-image-anomaly-detector,psi,feature:pixel_intensity_mean,0.1406,2026-06-10T18:00:00Z,warning
mlflow://experiment-5/medical-image-anomaly-detector,psi,feature:texture_entropy,0.1009,2026-06-10T18:00:00Z,warning
mlflow://experiment-5/medical-image-anomaly-detector,psi,feature:shape_regularity,0.0201,2026-06-10T18:00:00Z,normal
mlflow://experiment-5/medical-image-anomaly-detector,psi,overall,0.039,2026-06-13T18:00:00Z,normal
mlflow://experiment-5/medical-image-anomaly-detector,psi,feature:pixel_intensity_mean,0.0507,2026-06-13T18:00:00Z,normal
mlflow://experiment-5/medical-image-anomaly-detector,psi,feature:texture_entropy,0.0342,2026-06-13T18:00:00Z,normal
mlflow://experiment-5/medical-image-anomaly-detector,psi,feature:shape_regularity,0,2026-06-13T18:00:00Z,normal
mlflow://experiment-5/medical-image-anomaly-detector,psi,overall,0.0742,2026-06-16T18:00:00Z,normal
mlflow://experiment-5/medical-image-anomaly-detector,psi,feature:pixel_intensity_mean,0.0546,2026-06-16T18:00:00Z,normal
mlflow://experiment-5/medical-image-anomaly-detector,psi,feature:texture_entropy,0.1372,2026-06-16T18:00:00Z,warning
mlflow://experiment-5/medical-image-anomaly-detector,psi,feature:shape_regularity,0.0411,2026-06-16T18:00:00Z,normal
mlflow://experiment-5/medical-image-anomaly-detector,psi,overall,0.038,2026-06-19T18:00:00Z,normal
mlflow://experiment-5/medical-image-anomaly-detector,psi,feature:pixel_intensity_mean,0.0499,2026-06-19T18:00:00Z,normal
mlflow://experiment-5/medical-image-anomaly-detector,psi,feature:texture_entropy,0.0679,2026-06-19T18:00:00Z,normal
mlflow://experiment-5/medical-image-anomaly-detector,psi,feature:shape_regularity,0.0487,2026-06-19T18:00:00Z,normal
mlflow://experiment-5/medical-image-anomaly-detector,psi,overall,0.0383,2026-06-22T18:00:00Z,normal
mlflow://experiment-5/medical-image-anomaly-detector,psi,feature:pixel_intensity_mean,0.0438,2026-06-22T18:00:00Z,normal
mlflow://experiment-5/medical-image-anomaly-detector,psi,feature:texture_entropy,0.014,2026-06-22T18:00:00Z,normal
mlflow://experiment-5/medical-image-anomaly-detector,psi,feature:shape_regularity,0.0433,2026-06-22T18:00:00Z,normal
mlflow://experiment-5/medical-image-anomaly-detector,psi,overall,0.0685,2026-06-25T18:00:00Z,normal
mlflow://experiment-5/medical-image-anomaly-detector,psi,feature:pixel_intensity_mean,0.0327,2026-06-25T18:00:00Z,normal
mlflow://experiment-5/medical-image-anomaly-detector,psi,feature:texture_entropy,0,2026-06-25T18:00:00Z,normal
mlflow://experiment-5/medical-image-anomaly-detector,psi,feature:shape_regularity,0.1223,2026-06-25T18:00:00Z,warning
mlflow://experiment-5/medical-image-anomaly-detector,psi,overall,0.0295,2026-06-28T18:00:00Z,normal
mlflow://experiment-5/medical-image-anomaly-detector,psi,feature:pixel_intensity_mean,0.0088,2026-06-28T18:00:00Z,normal
mlflow://experiment-5/medical-image-anomaly-detector,psi,feature:texture_entropy,0.0901,2026-06-28T18:00:00Z,normal
mlflow://experiment-5/medical-image-anomaly-detector,psi,feature:shape_regularity,0.0813,2026-06-28T18:00:00Z,normal
mlflow://experiment-5/medical-image-anomaly-detector,psi,overall,0.0611,2026-07-01T18:00:00Z,normal
mlflow://experiment-5/medical-image-anomaly-detector,psi,feature:pixel_intensity_mean,0.0983,2026-07-01T18:00:00Z,normal
mlflow://experiment-5/medical-image-anomaly-detector,psi,feature:texture_entropy,0.0728,2026-07-01T18:00:00Z,normal
mlflow://experiment-5/medical-image-anomaly-detector,psi,feature:shape_regularity,0.1003,2026-07-01T18:00:00Z,warning
mlflow://experiment-5/medical-image-anomaly-detector,psi,overall,0.0669,2026-07-04T18:00:00Z,normal
mlflow://experiment-5/medical-image-anomaly-detector,psi,feature:pixel_intensity_mean,0,2026-07-04T18:00:00Z,normal
mlflow://experiment-5/medical-image-anomaly-detector,psi,feature:texture_entropy,0.0953,2026-07-04T18:00:00Z,normal
mlflow://experiment-5/medical-image-anomaly-detector,psi,feature:shape_regularity,0.0092,2026-07-04T18:00:00Z,normal
mlflow://experiment-5/medical-image-anomaly-detector,psi,overall,0.0428,2026-07-07T18:00:00Z,normal
mlflow://experiment-5/medical-image-anomaly-detector,psi,feature:pixel_intensity_mean,0.0133,2026-07-07T18:00:00Z,normal
mlflow://experiment-5/medical-image-anomaly-detector,psi,feature:texture_entropy,0.0474,2026-07-07T18:00:00Z,normal
mlflow://experiment-5/medical-image-anomaly-detector,psi,feature:shape_regularity,0.0428,2026-07-07T18:00:00Z,normal
mlflow://experiment-5/medical-image-anomaly-detector,psi,overall,0.0513,2026-07-10T18:00:00Z,normal
mlflow://experiment-5/medical-image-anomaly-detector,psi,feature:pixel_intensity_mean,0.02,2026-07-10T18:00:00Z,normal
mlflow://experiment-5/medical-image-anomaly-detector,psi,feature:texture_entropy,0.0843,2026-07-10T18:00:00Z,normal
mlflow://experiment-5/medical-image-anomaly-detector,psi,feature:shape_regularity,0.0333,2026-07-10T18:00:00Z,normal
mlflow://experiment-5/medical-image-anomaly-detector,psi,overall,0.0411,2026-07-13T18:00:00Z,normal
mlflow://experiment-5/medical-image-anomaly-detector,psi,feature:pixel_intensity_mean,0.0414,2026-07-13T18:00:00Z,normal
mlflow://experiment-5/medical-image-anomaly-detector,psi,feature:texture_entropy,0.0217,2026-07-13T18:00:00Z,normal
mlflow://experiment-5/medical-image-anomaly-detector,psi,feature:shape_regularity,0.0771,2026-07-13T18:00:00Z,normal
mlflow://experiment-5/medical-image-anomaly-detector,psi,overall,0.0601,2026-07-16T18:00:00Z,normal
mlflow://experiment-5/medical-image-anomaly-detector,psi,feature:pixel_intensity_mean,0.0571,2026-07-16T18:00:00Z,normal
mlflow://experiment-5/medical-image-anomaly-detector,psi,feature:texture_entropy,0,2026-07-16T18:00:00Z,normal
mlflow://experiment-5/medical-image-anomaly-detector,psi,feature:shape_regularity,0.1422,2026-07-16T18:00:00Z,warning
mlflow://experiment-5/medical-image-anomaly-detector,psi,overall,0.0639,2026-07-19T18:00:00Z,normal
mlflow://experiment-5/medical-image-anomaly-detector,psi,feature:pixel_intensity_mean,0.0912,2026-07-19T18:00:00Z,normal
mlflow://experiment-5/medical-image-anomaly-detector,psi,feature:texture_entropy,0.1185,2026-07-19T18:00:00Z,warning
mlflow://experiment-5/medical-image-anomaly-detector,psi,feature:shape_regularity,0.0739,2026-07-19T18:00:00Z,normal
mlflow://experiment-5/medical-image-anomaly-detector,psi,overall,0.044,2026-07-22T18:00:00Z,normal
mlflow://experiment-5/medical-image-anomaly-detector,psi,feature:pixel_intensity_mean,0,2026-07-22T18:00:00Z,normal
mlflow://experiment-5/medical-image-anomaly-detector,psi,feature:texture_entropy,0.0166,2026-07-22T18:00:00Z,normal
mlflow://experiment-5/medical-image-anomaly-detector,psi,feature:shape_regularity,0.0154,2026-07-22T18:00:00Z,normal
mlflow://experiment-5/medical-image-anomaly-detector,psi,overall,0.0402,2026-07-25T18:00:00Z,normal
mlflow://experiment-5/medical-image-anomaly-detector,psi,feature:pixel_intensity_mean,0.0028,2026-07-25T18:00:00Z,normal
mlflow://experiment-5/medical-image-anomaly-detector,psi,feature:texture_entropy,0.1074,2026-07-25T18:00:00Z,warning
mlflow://experiment-5/medical-image-anomaly-detector,psi,feature:shape_regularity,0.0592,2026-07-25T18:00:00Z,normal
mlflow://experiment-5/medical-image-anomaly-detector,psi,overall,0.0036,2026-07-28T18:00:00Z,normal
mlflow://experiment-5/medical-image-anomaly-detector,psi,feature:pixel_intensity_mean,0.0388,2026-07-28T18:00:00Z,normal
mlflow://experiment-5/medical-image-anomaly-detector,psi,feature:texture_entropy,0.1125,2026-07-28T18:00:00Z,warning
mlflow://experiment-5/medical-image-anomaly-detector,psi,feature:shape_regularity,0.0034,2026-07-28T18:00:00Z,normal
mlflow://experiment-6/length-of-stay-predictor,psi,overall,0.0531,2026-05-02T18:00:00Z,normal
mlflow://experiment-6/length-of-stay-predictor,psi,feature:admission_type,0.0279,2026-05-02T18:00:00Z,normal
mlflow://experiment-6/length-of-stay-predictor,psi,feature:diagnosis_group,0.1118,2026-05-02T18:00:00Z,warning
mlflow://experiment-6/length-of-stay-predictor,psi,feature:procedure_count,0,2026-05-02T18:00:00Z,normal
mlflow://experiment-6/length-of-stay-predictor,psi,overall,0.0426,2026-05-05T18:00:00Z,normal
mlflow://experiment-6/length-of-stay-predictor,psi,feature:admission_type,0.1302,2026-05-05T18:00:00Z,warning
mlflow://experiment-6/length-of-stay-predictor,psi,feature:diagnosis_group,0.0402,2026-05-05T18:00:00Z,normal
mlflow://experiment-6/length-of-stay-predictor,psi,feature:procedure_count,0,2026-05-05T18:00:00Z,normal
mlflow://experiment-6/length-of-stay-predictor,psi,overall,0.0429,2026-05-08T18:00:00Z,normal
mlflow://experiment-6/length-of-stay-predictor,psi,feature:admission_type,0.0297,2026-05-08T18:00:00Z,normal
mlflow://experiment-6/length-of-stay-predictor,psi,feature:diagnosis_group,0.0417,2026-05-08T18:00:00Z,normal
mlflow://experiment-6/length-of-stay-predictor,psi,feature:procedure_count,0.08,2026-05-08T18:00:00Z,normal
mlflow://experiment-6/length-of-stay-predictor,psi,overall,0.0526,2026-05-11T18:00:00Z,normal
mlflow://experiment-6/length-of-stay-predictor,psi,feature:admission_type,0.0026,2026-05-11T18:00:00Z,normal
mlflow://experiment-6/length-of-stay-predictor,psi,feature:diagnosis_group,0.0865,2026-05-11T18:00:00Z,normal
mlflow://experiment-6/length-of-stay-predictor,psi,feature:procedure_count,0.057,2026-05-11T18:00:00Z,normal
mlflow://experiment-6/length-of-stay-predictor,psi,overall,0.0345,2026-05-14T18:00:00Z,normal
mlflow://experiment-6/length-of-stay-predictor,psi,feature:admission_type,0.0672,2026-05-14T18:00:00Z,normal
mlflow://experiment-6/length-of-stay-predictor,psi,feature:diagnosis_group,0,2026-05-14T18:00:00Z,normal
mlflow://experiment-6/length-of-stay-predictor,psi,feature:procedure_count,0,2026-05-14T18:00:00Z,normal
mlflow://experiment-6/length-of-stay-predictor,psi,overall,0.0595,2026-05-17T18:00:00Z,normal
mlflow://experiment-6/length-of-stay-predictor,psi,feature:admission_type,0.0942,2026-05-17T18:00:00Z,normal
mlflow://experiment-6/length-of-stay-predictor,psi,feature:diagnosis_group,0.0853,2026-05-17T18:00:00Z,normal
mlflow://experiment-6/length-of-stay-predictor,psi,feature:procedure_count,0,2026-05-17T18:00:00Z,normal
mlflow://experiment-6/length-of-stay-predictor,psi,overall,0.0881,2026-05-20T18:00:00Z,normal
mlflow://experiment-6/length-of-stay-predictor,psi,feature:admission_type,0.037,2026-05-20T18:00:00Z,normal
mlflow://experiment-6/length-of-stay-predictor,psi,feature:diagnosis_group,0.0506,2026-05-20T18:00:00Z,normal
mlflow://experiment-6/length-of-stay-predictor,psi,feature:procedure_count,0.0596,2026-05-20T18:00:00Z,normal
mlflow://experiment-6/length-of-stay-predictor,psi,overall,0.0658,2026-05-23T18:00:00Z,normal
mlflow://experiment-6/length-of-stay-predictor,psi,feature:admission_type,0.0929,2026-05-23T18:00:00Z,normal
mlflow://experiment-6/length-of-stay-predictor,psi,feature:diagnosis_group,0.0826,2026-05-23T18:00:00Z,normal
mlflow://experiment-6/length-of-stay-predictor,psi,feature:procedure_count,0.1174,2026-05-23T18:00:00Z,warning
mlflow://experiment-6/length-of-stay-predictor,psi,overall,0.0379,2026-05-26T18:00:00Z,normal
mlflow://experiment-6/length-of-stay-predictor,psi,feature:admission_type,0.0635,2026-05-26T18:00:00Z,normal
mlflow://experiment-6/length-of-stay-predictor,psi,feature:diagnosis_group,0.0204,2026-05-26T18:00:00Z,normal
mlflow://experiment-6/length-of-stay-predictor,psi,feature:procedure_count,0.0251,2026-05-26T18:00:00Z,normal
mlflow://experiment-6/length-of-stay-predictor,psi,overall,0.0331,2026-05-29T18:00:00Z,normal
mlflow://experiment-6/length-of-stay-predictor,psi,feature:admission_type,0.0555,2026-05-29T18:00:00Z,normal
mlflow://experiment-6/length-of-stay-predictor,psi,feature:diagnosis_group,0.0605,2026-05-29T18:00:00Z,normal
mlflow://experiment-6/length-of-stay-predictor,psi,feature:procedure_count,0.0981,2026-05-29T18:00:00Z,normal
mlflow://experiment-6/length-of-stay-predictor,psi,overall,0.07,2026-06-01T18:00:00Z,normal
mlflow://experiment-6/length-of-stay-predictor,psi,feature:admission_type,0.1031,2026-06-01T18:00:00Z,warning
mlflow://experiment-6/length-of-stay-predictor,psi,feature:diagnosis_group,0.1441,2026-06-01T18:00:00Z,warning
mlflow://experiment-6/length-of-stay-predictor,psi,feature:procedure_count,0.0575,2026-06-01T18:00:00Z,normal
mlflow://experiment-6/length-of-stay-predictor,psi,overall,0.031,2026-06-04T18:00:00Z,normal
mlflow://experiment-6/length-of-stay-predictor,psi,feature:admission_type,0,2026-06-04T18:00:00Z,normal
mlflow://experiment-6/length-of-stay-predictor,psi,feature:diagnosis_group,0.0865,2026-06-04T18:00:00Z,normal
mlflow://experiment-6/length-of-stay-predictor,psi,feature:procedure_count,0.0052,2026-06-04T18:00:00Z,normal
mlflow://experiment-6/length-of-stay-predictor,psi,overall,0.045,2026-06-07T18:00:00Z,normal
mlflow://experiment-6/length-of-stay-predictor,psi,feature:admission_type,0.0282,2026-06-07T18:00:00Z,normal
mlflow://experiment-6/length-of-stay-predictor,psi,feature:diagnosis_group,0.0251,2026-06-07T18:00:00Z,normal
mlflow://experiment-6/length-of-stay-predictor,psi,feature:procedure_count,0.049,2026-06-07T18:00:00Z,normal
mlflow://experiment-6/length-of-stay-predictor,psi,overall,0.0554,2026-06-10T18:00:00Z,normal
mlflow://experiment-6/length-of-stay-predictor,psi,feature:admission_type,0.0153,2026-06-10T18:00:00Z,normal
mlflow://experiment-6/length-of-stay-predictor,psi,feature:diagnosis_group,0.1309,2026-06-10T18:00:00Z,warning
mlflow://experiment-6/length-of-stay-predictor,psi,feature:procedure_count,0.0478,2026-06-10T18:00:00Z,normal
mlflow://experiment-6/length-of-stay-predictor,psi,overall,0.0453,2026-06-13T18:00:00Z,normal
mlflow://experiment-6/length-of-stay-predictor,psi,feature:admission_type,0.0812,2026-06-13T18:00:00Z,normal
mlflow://experiment-6/length-of-stay-predictor,psi,feature:diagnosis_group,0,2026-06-13T18:00:00Z,normal
mlflow://experiment-6/length-of-stay-predictor,psi,feature:procedure_count,0.0737,2026-06-13T18:00:00Z,normal
mlflow://experiment-6/length-of-stay-predictor,psi,overall,0.0076,2026-06-16T18:00:00Z,normal
mlflow://experiment-6/length-of-stay-predictor,psi,feature:admission_type,0,2026-06-16T18:00:00Z,normal
mlflow://experiment-6/length-of-stay-predictor,psi,feature:diagnosis_group,0,2026-06-16T18:00:00Z,normal
mlflow://experiment-6/length-of-stay-predictor,psi,feature:procedure_count,0.0026,2026-06-16T18:00:00Z,normal
mlflow://experiment-6/length-of-stay-predictor,psi,overall,0.0309,2026-06-19T18:00:00Z,normal
mlflow://experiment-6/length-of-stay-predictor,psi,feature:admission_type,0.0599,2026-06-19T18:00:00Z,normal
mlflow://experiment-6/length-of-stay-predictor,psi,feature:diagnosis_group,0.0139,2026-06-19T18:00:00Z,normal
mlflow://experiment-6/length-of-stay-predictor,psi,feature:procedure_count,0,2026-06-19T18:00:00Z,normal
mlflow://experiment-6/length-of-stay-predictor,psi,overall,0.0337,2026-06-22T18:00:00Z,normal
mlflow://experiment-6/length-of-stay-predictor,psi,feature:admission_type,0.086,2026-06-22T18:00:00Z,normal
mlflow://experiment-6/length-of-stay-predictor,psi,feature:diagnosis_group,0.0347,2026-06-22T18:00:00Z,normal
mlflow://experiment-6/length-of-stay-predictor,psi,feature:procedure_count,0.0247,2026-06-22T18:00:00Z,normal
mlflow://experiment-6/length-of-stay-predictor,psi,overall,0.0487,2026-06-25T18:00:00Z,normal
mlflow://experiment-6/length-of-stay-predictor,psi,feature:admission_type,0,2026-06-25T18:00:00Z,normal
mlflow://experiment-6/length-of-stay-predictor,psi,feature:diagnosis_group,0.0704,2026-06-25T18:00:00Z,normal
mlflow://experiment-6/length-of-stay-predictor,psi,feature:procedure_count,0,2026-06-25T18:00:00Z,normal
mlflow://experiment-6/length-of-stay-predictor,psi,overall,0.0699,2026-06-28T18:00:00Z,normal
mlflow://experiment-6/length-of-stay-predictor,psi,feature:admission_type,0.0845,2026-06-28T18:00:00Z,normal
mlflow://experiment-6/length-of-stay-predictor,psi,feature:diagnosis_group,0.0576,2026-06-28T18:00:00Z,normal
mlflow://experiment-6/length-of-stay-predictor,psi,feature:procedure_count,0.0283,2026-06-28T18:00:00Z,normal
mlflow://experiment-6/length-of-stay-predictor,psi,overall,0.0445,2026-07-01T18:00:00Z,normal
mlflow://experiment-6/length-of-stay-predictor,psi,feature:admission_type,0,2026-07-01T18:00:00Z,normal
mlflow://experiment-6/length-of-stay-predictor,psi,feature:diagnosis_group,0,2026-07-01T18:00:00Z,normal
mlflow://experiment-6/length-of-stay-predictor,psi,feature:procedure_count,0.0726,2026-07-01T18:00:00Z,normal
mlflow://experiment-6/length-of-stay-predictor,psi,overall,0.0257,2026-07-04T18:00:00Z,normal
mlflow://experiment-6/length-of-stay-predictor,psi,feature:admission_type,0.1196,2026-07-04T18:00:00Z,warning
mlflow://experiment-6/length-of-stay-predictor,psi,feature:diagnosis_group,0.0384,2026-07-04T18:00:00Z,normal
mlflow://experiment-6/length-of-stay-predictor,psi,feature:procedure_count,0,2026-07-04T18:00:00Z,normal
mlflow://experiment-6/length-of-stay-predictor,psi,overall,0.1,2026-07-07T18:00:00Z,warning
mlflow://experiment-6/length-of-stay-predictor,psi,feature:admission_type,0.167,2026-07-07T18:00:00Z,warning
mlflow://experiment-6/length-of-stay-predictor,psi,feature:diagnosis_group,0.0957,2026-07-07T18:00:00Z,normal
mlflow://experiment-6/length-of-stay-predictor,psi,feature:procedure_count,0.1747,2026-07-07T18:00:00Z,warning
mlflow://experiment-6/length-of-stay-predictor,psi,overall,0.0465,2026-07-10T18:00:00Z,normal
mlflow://experiment-6/length-of-stay-predictor,psi,feature:admission_type,0.0504,2026-07-10T18:00:00Z,normal
mlflow://experiment-6/length-of-stay-predictor,psi,feature:diagnosis_group,0.0401,2026-07-10T18:00:00Z,normal
mlflow://experiment-6/length-of-stay-predictor,psi,feature:procedure_count,0.0515,2026-07-10T18:00:00Z,normal
mlflow://experiment-6/length-of-stay-predictor,psi,overall,0.0376,2026-07-13T18:00:00Z,normal
mlflow://experiment-6/length-of-stay-predictor,psi,feature:admission_type,0,2026-07-13T18:00:00Z,normal
mlflow://experiment-6/length-of-stay-predictor,psi,feature:diagnosis_group,0,2026-07-13T18:00:00Z,normal
mlflow://experiment-6/length-of-stay-predictor,psi,feature:procedure_count,0.0787,2026-07-13T18:00:00Z,normal
mlflow://experiment-6/length-of-stay-predictor,psi,overall,0.0488,2026-07-16T18:00:00Z,normal
mlflow://experiment-6/length-of-stay-predictor,psi,feature:admission_type,0,2026-07-16T18:00:00Z,normal
mlflow://experiment-6/length-of-stay-predictor,psi,feature:diagnosis_group,0.019,2026-07-16T18:00:00Z,normal
mlflow://experiment-6/length-of-stay-predictor,psi,feature:procedure_count,0.1354,2026-07-16T18:00:00Z,warning
mlflow://experiment-6/length-of-stay-predictor,psi,overall,0.0272,2026-07-19T18:00:00Z,normal
mlflow://experiment-6/length-of-stay-predictor,psi,feature:admission_type,0,2026-07-19T18:00:00Z,normal
mlflow://experiment-6/length-of-stay-predictor,psi,feature:diagnosis_group,0.1002,2026-07-19T18:00:00Z,warning
mlflow://experiment-6/length-of-stay-predictor,psi,feature:procedure_count,0.01,2026-07-19T18:00:00Z,normal
mlflow://experiment-6/length-of-stay-predictor,psi,overall,0.0529,2026-07-22T18:00:00Z,normal
mlflow://experiment-6/length-of-stay-predictor,psi,feature:admission_type,0.0327,2026-07-22T18:00:00Z,normal
mlflow://experiment-6/length-of-stay-predictor,psi,feature:diagnosis_group,0.0744,2026-07-22T18:00:00Z,normal
mlflow://experiment-6/length-of-stay-predictor,psi,feature:procedure_count,0.0773,2026-07-22T18:00:00Z,normal
mlflow://experiment-6/length-of-stay-predictor,psi,overall,0.0624,2026-07-25T18:00:00Z,normal
mlflow://experiment-6/length-of-stay-predictor,psi,feature:admission_type,0,2026-07-25T18:00:00Z,normal
mlflow://experiment-6/length-of-stay-predictor,psi,feature:diagnosis_group,0.0668,2026-07-25T18:00:00Z,normal
mlflow://experiment-6/length-of-stay-predictor,psi,feature:procedure_count,0.0732,2026-07-25T18:00:00Z,normal
mlflow://experiment-6/length-of-stay-predictor,psi,overall,0.0389,2026-07-28T18:00:00Z,normal
mlflow://experiment-6/length-of-stay-predictor,psi,feature:admission_type,0.0422,2026-07-28T18:00:00Z,normal
mlflow://experiment-6/length-of-stay-predictor,psi,feature:diagnosis_group,0.0438,2026-07-28T18:00:00Z,normal
mlflow://experiment-6/length-of-stay-predictor,psi,feature:procedure_count,0.1348,2026-07-28T18:00:00Z,warning
mlflow://experiment-7/claim-denial-risk-scorer,psi,overall,0.0956,2026-05-02T18:00:00Z,normal
mlflow://experiment-7/claim-denial-risk-scorer,psi,feature:cpt_code,0.0473,2026-05-02T18:00:00Z,normal
mlflow://experiment-7/claim-denial-risk-scorer,psi,feature:icd10_primary,0.1691,2026-05-02T18:00:00Z,warning
mlflow://experiment-7/claim-denial-risk-scorer,psi,feature:modifier_count,0.1398,2026-05-02T18:00:00Z,warning
mlflow://experiment-7/claim-denial-risk-scorer,psi,overall,0.0985,2026-05-05T18:00:00Z,normal
mlflow://experiment-7/claim-denial-risk-scorer,psi,feature:cpt_code,0.1405,2026-05-05T18:00:00Z,warning
mlflow://experiment-7/claim-denial-risk-scorer,psi,feature:icd10_primary,0.1788,2026-05-05T18:00:00Z,warning
mlflow://experiment-7/claim-denial-risk-scorer,psi,feature:modifier_count,0.1706,2026-05-05T18:00:00Z,warning
mlflow://experiment-7/claim-denial-risk-scorer,psi,overall,0.0905,2026-05-08T18:00:00Z,normal
mlflow://experiment-7/claim-denial-risk-scorer,psi,feature:cpt_code,0.0363,2026-05-08T18:00:00Z,normal
mlflow://experiment-7/claim-denial-risk-scorer,psi,feature:icd10_primary,0.0806,2026-05-08T18:00:00Z,normal
mlflow://experiment-7/claim-denial-risk-scorer,psi,feature:modifier_count,0.0914,2026-05-08T18:00:00Z,normal
mlflow://experiment-7/claim-denial-risk-scorer,psi,overall,0.0838,2026-05-11T18:00:00Z,normal
mlflow://experiment-7/claim-denial-risk-scorer,psi,feature:cpt_code,0.0955,2026-05-11T18:00:00Z,normal
mlflow://experiment-7/claim-denial-risk-scorer,psi,feature:icd10_primary,0.0577,2026-05-11T18:00:00Z,normal
mlflow://experiment-7/claim-denial-risk-scorer,psi,feature:modifier_count,0.1742,2026-05-11T18:00:00Z,warning
mlflow://experiment-7/claim-denial-risk-scorer,psi,overall,0.09,2026-05-14T18:00:00Z,normal
mlflow://experiment-7/claim-denial-risk-scorer,psi,feature:cpt_code,0.1183,2026-05-14T18:00:00Z,warning
mlflow://experiment-7/claim-denial-risk-scorer,psi,feature:icd10_primary,0.1675,2026-05-14T18:00:00Z,warning
mlflow://experiment-7/claim-denial-risk-scorer,psi,feature:modifier_count,0.1483,2026-05-14T18:00:00Z,warning
mlflow://experiment-7/claim-denial-risk-scorer,psi,overall,0.0911,2026-05-17T18:00:00Z,normal
mlflow://experiment-7/claim-denial-risk-scorer,psi,feature:cpt_code,0.1127,2026-05-17T18:00:00Z,warning
mlflow://experiment-7/claim-denial-risk-scorer,psi,feature:icd10_primary,0.0254,2026-05-17T18:00:00Z,normal
mlflow://experiment-7/claim-denial-risk-scorer,psi,feature:modifier_count,0.0929,2026-05-17T18:00:00Z,normal
mlflow://experiment-7/claim-denial-risk-scorer,psi,overall,0.1072,2026-05-20T18:00:00Z,warning
mlflow://experiment-7/claim-denial-risk-scorer,psi,feature:cpt_code,0,2026-05-20T18:00:00Z,normal
mlflow://experiment-7/claim-denial-risk-scorer,psi,feature:icd10_primary,0.1563,2026-05-20T18:00:00Z,warning
mlflow://experiment-7/claim-denial-risk-scorer,psi,feature:modifier_count,0.1188,2026-05-20T18:00:00Z,warning
mlflow://experiment-7/claim-denial-risk-scorer,psi,overall,0.09,2026-05-23T18:00:00Z,normal
mlflow://experiment-7/claim-denial-risk-scorer,psi,feature:cpt_code,0.0833,2026-05-23T18:00:00Z,normal
mlflow://experiment-7/claim-denial-risk-scorer,psi,feature:icd10_primary,0.1896,2026-05-23T18:00:00Z,warning
mlflow://experiment-7/claim-denial-risk-scorer,psi,feature:modifier_count,0.0471,2026-05-23T18:00:00Z,normal
mlflow://experiment-7/claim-denial-risk-scorer,psi,overall,0.1378,2026-05-26T18:00:00Z,warning
mlflow://experiment-7/claim-denial-risk-scorer,psi,feature:cpt_code,0.1109,2026-05-26T18:00:00Z,warning
mlflow://experiment-7/claim-denial-risk-scorer,psi,feature:icd10_primary,0.1469,2026-05-26T18:00:00Z,warning
mlflow://experiment-7/claim-denial-risk-scorer,psi,feature:modifier_count,0.1414,2026-05-26T18:00:00Z,warning
mlflow://experiment-7/claim-denial-risk-scorer,psi,overall,0.1115,2026-05-29T18:00:00Z,warning
mlflow://experiment-7/claim-denial-risk-scorer,psi,feature:cpt_code,0.0822,2026-05-29T18:00:00Z,normal
mlflow://experiment-7/claim-denial-risk-scorer,psi,feature:icd10_primary,0.1034,2026-05-29T18:00:00Z,warning
mlflow://experiment-7/claim-denial-risk-scorer,psi,feature:modifier_count,0.1833,2026-05-29T18:00:00Z,warning
mlflow://experiment-7/claim-denial-risk-scorer,psi,overall,0.1477,2026-06-01T18:00:00Z,warning
mlflow://experiment-7/claim-denial-risk-scorer,psi,feature:cpt_code,0.1317,2026-06-01T18:00:00Z,warning
mlflow://experiment-7/claim-denial-risk-scorer,psi,feature:icd10_primary,0.096,2026-06-01T18:00:00Z,normal
mlflow://experiment-7/claim-denial-risk-scorer,psi,feature:modifier_count,0.0974,2026-06-01T18:00:00Z,normal
mlflow://experiment-7/claim-denial-risk-scorer,psi,overall,0.1257,2026-06-04T18:00:00Z,warning
mlflow://experiment-7/claim-denial-risk-scorer,psi,feature:cpt_code,0.1428,2026-06-04T18:00:00Z,warning
mlflow://experiment-7/claim-denial-risk-scorer,psi,feature:icd10_primary,0.1683,2026-06-04T18:00:00Z,warning
mlflow://experiment-7/claim-denial-risk-scorer,psi,feature:modifier_count,0.194,2026-06-04T18:00:00Z,warning
mlflow://experiment-7/claim-denial-risk-scorer,psi,overall,0.1309,2026-06-07T18:00:00Z,warning
mlflow://experiment-7/claim-denial-risk-scorer,psi,feature:cpt_code,0.1412,2026-06-07T18:00:00Z,warning
mlflow://experiment-7/claim-denial-risk-scorer,psi,feature:icd10_primary,0.0644,2026-06-07T18:00:00Z,normal
mlflow://experiment-7/claim-denial-risk-scorer,psi,feature:modifier_count,0.1277,2026-06-07T18:00:00Z,warning
mlflow://experiment-7/claim-denial-risk-scorer,psi,overall,0.1401,2026-06-10T18:00:00Z,warning
mlflow://experiment-7/claim-denial-risk-scorer,psi,feature:cpt_code,0.0365,2026-06-10T18:00:00Z,normal
mlflow://experiment-7/claim-denial-risk-scorer,psi,feature:icd10_primary,0.188,2026-06-10T18:00:00Z,warning
mlflow://experiment-7/claim-denial-risk-scorer,psi,feature:modifier_count,0.077,2026-06-10T18:00:00Z,normal
mlflow://experiment-7/claim-denial-risk-scorer,psi,overall,0.1234,2026-06-13T18:00:00Z,warning
mlflow://experiment-7/claim-denial-risk-scorer,psi,feature:cpt_code,0.1438,2026-06-13T18:00:00Z,warning
mlflow://experiment-7/claim-denial-risk-scorer,psi,feature:icd10_primary,0.115,2026-06-13T18:00:00Z,warning
mlflow://experiment-7/claim-denial-risk-scorer,psi,feature:modifier_count,0.0743,2026-06-13T18:00:00Z,normal
mlflow://experiment-7/claim-denial-risk-scorer,psi,overall,0.1287,2026-06-16T18:00:00Z,warning
mlflow://experiment-7/claim-denial-risk-scorer,psi,feature:cpt_code,0.1881,2026-06-16T18:00:00Z,warning
mlflow://experiment-7/claim-denial-risk-scorer,psi,feature:icd10_primary,0.1016,2026-06-16T18:00:00Z,warning
mlflow://experiment-7/claim-denial-risk-scorer,psi,feature:modifier_count,0.0901,2026-06-16T18:00:00Z,normal
mlflow://experiment-7/claim-denial-risk-scorer,psi,overall,0.1236,2026-06-19T18:00:00Z,warning
mlflow://experiment-7/claim-denial-risk-scorer,psi,feature:cpt_code,0.1466,2026-06-19T18:00:00Z,warning
mlflow://experiment-7/claim-denial-risk-scorer,psi,feature:icd10_primary,0.1415,2026-06-19T18:00:00Z,warning
mlflow://experiment-7/claim-denial-risk-scorer,psi,feature:modifier_count,0.1526,2026-06-19T18:00:00Z,warning
mlflow://experiment-7/claim-denial-risk-scorer,psi,overall,0.1789,2026-06-22T18:00:00Z,warning
mlflow://experiment-7/claim-denial-risk-scorer,psi,feature:cpt_code,0.1591,2026-06-22T18:00:00Z,warning
mlflow://experiment-7/claim-denial-risk-scorer,psi,feature:icd10_primary,0.1482,2026-06-22T18:00:00Z,warning
mlflow://experiment-7/claim-denial-risk-scorer,psi,feature:modifier_count,0.1822,2026-06-22T18:00:00Z,warning
mlflow://experiment-7/claim-denial-risk-scorer,psi,overall,0.2009,2026-06-25T18:00:00Z,warning
mlflow://experiment-7/claim-denial-risk-scorer,psi,feature:cpt_code,0.2493,2026-06-25T18:00:00Z,warning
mlflow://experiment-7/claim-denial-risk-scorer,psi,feature:icd10_primary,0.2332,2026-06-25T18:00:00Z,warning
mlflow://experiment-7/claim-denial-risk-scorer,psi,feature:modifier_count,0.0857,2026-06-25T18:00:00Z,normal
mlflow://experiment-7/claim-denial-risk-scorer,psi,overall,0.1794,2026-06-28T18:00:00Z,warning
mlflow://experiment-7/claim-denial-risk-scorer,psi,feature:cpt_code,0.1808,2026-06-28T18:00:00Z,warning
mlflow://experiment-7/claim-denial-risk-scorer,psi,feature:icd10_primary,0.0015,2026-06-28T18:00:00Z,normal
mlflow://experiment-7/claim-denial-risk-scorer,psi,feature:modifier_count,0.113,2026-06-28T18:00:00Z,warning
mlflow://experiment-7/claim-denial-risk-scorer,psi,overall,0.1902,2026-07-01T18:00:00Z,warning
mlflow://experiment-7/claim-denial-risk-scorer,psi,feature:cpt_code,0.2203,2026-07-01T18:00:00Z,warning
mlflow://experiment-7/claim-denial-risk-scorer,psi,feature:icd10_primary,0.1764,2026-07-01T18:00:00Z,warning
mlflow://experiment-7/claim-denial-risk-scorer,psi,feature:modifier_count,0.1624,2026-07-01T18:00:00Z,warning
mlflow://experiment-7/claim-denial-risk-scorer,psi,overall,0.221,2026-07-04T18:00:00Z,warning
mlflow://experiment-7/claim-denial-risk-scorer,psi,feature:cpt_code,0.1753,2026-07-04T18:00:00Z,warning
mlflow://experiment-7/claim-denial-risk-scorer,psi,feature:icd10_primary,0.2369,2026-07-04T18:00:00Z,warning
mlflow://experiment-7/claim-denial-risk-scorer,psi,feature:modifier_count,0.1785,2026-07-04T18:00:00Z,warning
mlflow://experiment-7/claim-denial-risk-scorer,psi,overall,0.2228,2026-07-07T18:00:00Z,warning
mlflow://experiment-7/claim-denial-risk-scorer,psi,feature:cpt_code,0.2464,2026-07-07T18:00:00Z,warning
mlflow://experiment-7/claim-denial-risk-scorer,psi,feature:icd10_primary,0.1694,2026-07-07T18:00:00Z,warning
mlflow://experiment-7/claim-denial-risk-scorer,psi,feature:modifier_count,0.2009,2026-07-07T18:00:00Z,warning
mlflow://experiment-7/claim-denial-risk-scorer,psi,overall,0.253,2026-07-10T18:00:00Z,critical
mlflow://experiment-7/claim-denial-risk-scorer,psi,feature:cpt_code,0.2495,2026-07-10T18:00:00Z,warning
mlflow://experiment-7/claim-denial-risk-scorer,psi,feature:icd10_primary,0.2634,2026-07-10T18:00:00Z,critical
mlflow://experiment-7/claim-denial-risk-scorer,psi,feature:modifier_count,0.1679,2026-07-10T18:00:00Z,warning
mlflow://experiment-7/claim-denial-risk-scorer,psi,overall,0.1841,2026-07-13T18:00:00Z,warning
mlflow://experiment-7/claim-denial-risk-scorer,psi,feature:cpt_code,0.1468,2026-07-13T18:00:00Z,warning
mlflow://experiment-7/claim-denial-risk-scorer,psi,feature:icd10_primary,0.2457,2026-07-13T18:00:00Z,warning
mlflow://experiment-7/claim-denial-risk-scorer,psi,feature:modifier_count,0.1031,2026-07-13T18:00:00Z,warning
mlflow://experiment-7/claim-denial-risk-scorer,psi,overall,0.2226,2026-07-16T18:00:00Z,warning
mlflow://experiment-7/claim-denial-risk-scorer,psi,feature:cpt_code,0.2083,2026-07-16T18:00:00Z,warning
mlflow://experiment-7/claim-denial-risk-scorer,psi,feature:icd10_primary,0.3375,2026-07-16T18:00:00Z,critical
mlflow://experiment-7/claim-denial-risk-scorer,psi,feature:modifier_count,0.2602,2026-07-16T18:00:00Z,critical
mlflow://experiment-7/claim-denial-risk-scorer,psi,overall,0.2515,2026-07-19T18:00:00Z,critical
mlflow://experiment-7/claim-denial-risk-scorer,psi,feature:cpt_code,0.1294,2026-07-19T18:00:00Z,warning
mlflow://experiment-7/claim-denial-risk-scorer,psi,feature:icd10_primary,0.2564,2026-07-19T18:00:00Z,critical
mlflow://experiment-7/claim-denial-risk-scorer,psi,feature:modifier_count,0.1161,2026-07-19T18:00:00Z,warning
mlflow://experiment-7/claim-denial-risk-scorer,psi,overall,0.2474,2026-07-22T18:00:00Z,warning
mlflow://experiment-7/claim-denial-risk-scorer,psi,feature:cpt_code,0.1802,2026-07-22T18:00:00Z,warning
mlflow://experiment-7/claim-denial-risk-scorer,psi,feature:icd10_primary,0.262,2026-07-22T18:00:00Z,critical
mlflow://experiment-7/claim-denial-risk-scorer,psi,feature:modifier_count,0.2294,2026-07-22T18:00:00Z,warning
mlflow://experiment-7/claim-denial-risk-scorer,psi,overall,0.226,2026-07-25T18:00:00Z,warning
mlflow://experiment-7/claim-denial-risk-scorer,psi,feature:cpt_code,0.2033,2026-07-25T18:00:00Z,warning
mlflow://experiment-7/claim-denial-risk-scorer,psi,feature:icd10_primary,0.2385,2026-07-25T18:00:00Z,warning
mlflow://experiment-7/claim-denial-risk-scorer,psi,feature:modifier_count,0.2477,2026-07-25T18:00:00Z,warning
mlflow://experiment-7/claim-denial-risk-scorer,psi,overall,0.2592,2026-07-28T18:00:00Z,critical
mlflow://experiment-7/claim-denial-risk-scorer,psi,feature:cpt_code,0.3048,2026-07-28T18:00:00Z,critical
mlflow://experiment-7/claim-denial-risk-scorer,psi,feature:icd10_primary,0.2486,2026-07-28T18:00:00Z,warning
mlflow://experiment-7/claim-denial-risk-scorer,psi,feature:modifier_count,0.1815,2026-07-28T18:00:00Z,warning
mlflow://experiment-8/drug-efficacy-predictor,psi,overall,0.0518,2026-05-02T18:00:00Z,normal
mlflow://experiment-8/drug-efficacy-predictor,psi,feature:molecular_weight,0,2026-05-02T18:00:00Z,normal
mlflow://experiment-8/drug-efficacy-predictor,psi,feature:logp,0.0716,2026-05-02T18:00:00Z,normal
mlflow://experiment-8/drug-efficacy-predictor,psi,feature:hbd_count,0.0307,2026-05-02T18:00:00Z,normal
mlflow://experiment-8/drug-efficacy-predictor,psi,overall,0.0258,2026-05-05T18:00:00Z,normal
mlflow://experiment-8/drug-efficacy-predictor,psi,feature:molecular_weight,0.0956,2026-05-05T18:00:00Z,normal
mlflow://experiment-8/drug-efficacy-predictor,psi,feature:logp,0.0498,2026-05-05T18:00:00Z,normal
mlflow://experiment-8/drug-efficacy-predictor,psi,feature:hbd_count,0.0492,2026-05-05T18:00:00Z,normal
mlflow://experiment-8/drug-efficacy-predictor,psi,overall,0.0836,2026-05-08T18:00:00Z,normal
mlflow://experiment-8/drug-efficacy-predictor,psi,feature:molecular_weight,0.0674,2026-05-08T18:00:00Z,normal
mlflow://experiment-8/drug-efficacy-predictor,psi,feature:logp,0.1784,2026-05-08T18:00:00Z,warning
mlflow://experiment-8/drug-efficacy-predictor,psi,feature:hbd_count,0.0876,2026-05-08T18:00:00Z,normal
mlflow://experiment-8/drug-efficacy-predictor,psi,overall,0.0338,2026-05-11T18:00:00Z,normal
mlflow://experiment-8/drug-efficacy-predictor,psi,feature:molecular_weight,0.0406,2026-05-11T18:00:00Z,normal
mlflow://experiment-8/drug-efficacy-predictor,psi,feature:logp,0.0525,2026-05-11T18:00:00Z,normal
mlflow://experiment-8/drug-efficacy-predictor,psi,feature:hbd_count,0.0684,2026-05-11T18:00:00Z,normal
mlflow://experiment-8/drug-efficacy-predictor,psi,overall,0.0455,2026-05-14T18:00:00Z,normal
mlflow://experiment-8/drug-efficacy-predictor,psi,feature:molecular_weight,0,2026-05-14T18:00:00Z,normal
mlflow://experiment-8/drug-efficacy-predictor,psi,feature:logp,0.0197,2026-05-14T18:00:00Z,normal
mlflow://experiment-8/drug-efficacy-predictor,psi,feature:hbd_count,0.0182,2026-05-14T18:00:00Z,normal
mlflow://experiment-8/drug-efficacy-predictor,psi,overall,0.0505,2026-05-17T18:00:00Z,normal
mlflow://experiment-8/drug-efficacy-predictor,psi,feature:molecular_weight,0,2026-05-17T18:00:00Z,normal
mlflow://experiment-8/drug-efficacy-predictor,psi,feature:logp,0.0568,2026-05-17T18:00:00Z,normal
mlflow://experiment-8/drug-efficacy-predictor,psi,feature:hbd_count,0.024,2026-05-17T18:00:00Z,normal
mlflow://experiment-8/drug-efficacy-predictor,psi,overall,0.0097,2026-05-20T18:00:00Z,normal
mlflow://experiment-8/drug-efficacy-predictor,psi,feature:molecular_weight,0.058,2026-05-20T18:00:00Z,normal
mlflow://experiment-8/drug-efficacy-predictor,psi,feature:logp,0.1084,2026-05-20T18:00:00Z,warning
mlflow://experiment-8/drug-efficacy-predictor,psi,feature:hbd_count,0,2026-05-20T18:00:00Z,normal
mlflow://experiment-8/drug-efficacy-predictor,psi,overall,0.0199,2026-05-23T18:00:00Z,normal
mlflow://experiment-8/drug-efficacy-predictor,psi,feature:molecular_weight,0.0122,2026-05-23T18:00:00Z,normal
mlflow://experiment-8/drug-efficacy-predictor,psi,feature:logp,0.0706,2026-05-23T18:00:00Z,normal
mlflow://experiment-8/drug-efficacy-predictor,psi,feature:hbd_count,0.0012,2026-05-23T18:00:00Z,normal
mlflow://experiment-8/drug-efficacy-predictor,psi,overall,0.054,2026-05-26T18:00:00Z,normal
mlflow://experiment-8/drug-efficacy-predictor,psi,feature:molecular_weight,0,2026-05-26T18:00:00Z,normal
mlflow://experiment-8/drug-efficacy-predictor,psi,feature:logp,0.0351,2026-05-26T18:00:00Z,normal
mlflow://experiment-8/drug-efficacy-predictor,psi,feature:hbd_count,0.052,2026-05-26T18:00:00Z,normal
mlflow://experiment-8/drug-efficacy-predictor,psi,overall,0.0393,2026-05-29T18:00:00Z,normal
mlflow://experiment-8/drug-efficacy-predictor,psi,feature:molecular_weight,0.0824,2026-05-29T18:00:00Z,normal
mlflow://experiment-8/drug-efficacy-predictor,psi,feature:logp,0.0468,2026-05-29T18:00:00Z,normal
mlflow://experiment-8/drug-efficacy-predictor,psi,feature:hbd_count,0,2026-05-29T18:00:00Z,normal
mlflow://experiment-8/drug-efficacy-predictor,psi,overall,0.0457,2026-06-01T18:00:00Z,normal
mlflow://experiment-8/drug-efficacy-predictor,psi,feature:molecular_weight,0.0542,2026-06-01T18:00:00Z,normal
mlflow://experiment-8/drug-efficacy-predictor,psi,feature:logp,0.071,2026-06-01T18:00:00Z,normal
mlflow://experiment-8/drug-efficacy-predictor,psi,feature:hbd_count,0.0323,2026-06-01T18:00:00Z,normal
mlflow://experiment-8/drug-efficacy-predictor,psi,overall,0.0008,2026-06-04T18:00:00Z,normal
mlflow://experiment-8/drug-efficacy-predictor,psi,feature:molecular_weight,0,2026-06-04T18:00:00Z,normal
mlflow://experiment-8/drug-efficacy-predictor,psi,feature:logp,0.0896,2026-06-04T18:00:00Z,normal
mlflow://experiment-8/drug-efficacy-predictor,psi,feature:hbd_count,0,2026-06-04T18:00:00Z,normal
mlflow://experiment-8/drug-efficacy-predictor,psi,overall,0.0881,2026-06-07T18:00:00Z,normal
mlflow://experiment-8/drug-efficacy-predictor,psi,feature:molecular_weight,0,2026-06-07T18:00:00Z,normal
mlflow://experiment-8/drug-efficacy-predictor,psi,feature:logp,0,2026-06-07T18:00:00Z,normal
mlflow://experiment-8/drug-efficacy-predictor,psi,feature:hbd_count,0.1387,2026-06-07T18:00:00Z,warning
mlflow://experiment-8/drug-efficacy-predictor,psi,overall,0.0376,2026-06-10T18:00:00Z,normal
mlflow://experiment-8/drug-efficacy-predictor,psi,feature:molecular_weight,0,2026-06-10T18:00:00Z,normal
mlflow://experiment-8/drug-efficacy-predictor,psi,feature:logp,0.0299,2026-06-10T18:00:00Z,normal
mlflow://experiment-8/drug-efficacy-predictor,psi,feature:hbd_count,0,2026-06-10T18:00:00Z,normal
mlflow://experiment-8/drug-efficacy-predictor,psi,overall,0.0291,2026-06-13T18:00:00Z,normal
mlflow://experiment-8/drug-efficacy-predictor,psi,feature:molecular_weight,0.1068,2026-06-13T18:00:00Z,warning
mlflow://experiment-8/drug-efficacy-predictor,psi,feature:logp,0.0847,2026-06-13T18:00:00Z,normal
mlflow://experiment-8/drug-efficacy-predictor,psi,feature:hbd_count,0,2026-06-13T18:00:00Z,normal
mlflow://experiment-8/drug-efficacy-predictor,psi,overall,0.0623,2026-06-16T18:00:00Z,normal
mlflow://experiment-8/drug-efficacy-predictor,psi,feature:molecular_weight,0.1028,2026-06-16T18:00:00Z,warning
mlflow://experiment-8/drug-efficacy-predictor,psi,feature:logp,0,2026-06-16T18:00:00Z,normal
mlflow://experiment-8/drug-efficacy-predictor,psi,feature:hbd_count,0,2026-06-16T18:00:00Z,normal
mlflow://experiment-8/drug-efficacy-predictor,psi,overall,0.0303,2026-06-19T18:00:00Z,normal
mlflow://experiment-8/drug-efficacy-predictor,psi,feature:molecular_weight,0,2026-06-19T18:00:00Z,normal
mlflow://experiment-8/drug-efficacy-predictor,psi,feature:logp,0,2026-06-19T18:00:00Z,normal
mlflow://experiment-8/drug-efficacy-predictor,psi,feature:hbd_count,0.0467,2026-06-19T18:00:00Z,normal
mlflow://experiment-8/drug-efficacy-predictor,psi,overall,0.061,2026-06-22T18:00:00Z,normal
mlflow://experiment-8/drug-efficacy-predictor,psi,feature:molecular_weight,0,2026-06-22T18:00:00Z,normal
mlflow://experiment-8/drug-efficacy-predictor,psi,feature:logp,0.0774,2026-06-22T18:00:00Z,normal
mlflow://experiment-8/drug-efficacy-predictor,psi,feature:hbd_count,0,2026-06-22T18:00:00Z,normal
mlflow://experiment-8/drug-efficacy-predictor,psi,overall,0.0714,2026-06-25T18:00:00Z,normal
mlflow://experiment-8/drug-efficacy-predictor,psi,feature:molecular_weight,0.1028,2026-06-25T18:00:00Z,warning
mlflow://experiment-8/drug-efficacy-predictor,psi,feature:logp,0.0101,2026-06-25T18:00:00Z,normal
mlflow://experiment-8/drug-efficacy-predictor,psi,feature:hbd_count,0.1222,2026-06-25T18:00:00Z,warning
mlflow://experiment-8/drug-efficacy-predictor,psi,overall,0.0677,2026-06-28T18:00:00Z,normal
mlflow://experiment-8/drug-efficacy-predictor,psi,feature:molecular_weight,0.0261,2026-06-28T18:00:00Z,normal
mlflow://experiment-8/drug-efficacy-predictor,psi,feature:logp,0.0341,2026-06-28T18:00:00Z,normal
mlflow://experiment-8/drug-efficacy-predictor,psi,feature:hbd_count,0.0589,2026-06-28T18:00:00Z,normal
mlflow://experiment-8/drug-efficacy-predictor,psi,overall,0.0327,2026-07-01T18:00:00Z,normal
mlflow://experiment-8/drug-efficacy-predictor,psi,feature:molecular_weight,0.0296,2026-07-01T18:00:00Z,normal
mlflow://experiment-8/drug-efficacy-predictor,psi,feature:logp,0,2026-07-01T18:00:00Z,normal
mlflow://experiment-8/drug-efficacy-predictor,psi,feature:hbd_count,0.0926,2026-07-01T18:00:00Z,normal
mlflow://experiment-8/drug-efficacy-predictor,psi,overall,0.0916,2026-07-04T18:00:00Z,normal
mlflow://experiment-8/drug-efficacy-predictor,psi,feature:molecular_weight,0.107,2026-07-04T18:00:00Z,warning
mlflow://experiment-8/drug-efficacy-predictor,psi,feature:logp,0.0541,2026-07-04T18:00:00Z,normal
mlflow://experiment-8/drug-efficacy-predictor,psi,feature:hbd_count,0.082,2026-07-04T18:00:00Z,normal
mlflow://experiment-8/drug-efficacy-predictor,psi,overall,0.0584,2026-07-07T18:00:00Z,normal
mlflow://experiment-8/drug-efficacy-predictor,psi,feature:molecular_weight,0.0214,2026-07-07T18:00:00Z,normal
mlflow://experiment-8/drug-efficacy-predictor,psi,feature:logp,0.0059,2026-07-07T18:00:00Z,normal
mlflow://experiment-8/drug-efficacy-predictor,psi,feature:hbd_count,0.0861,2026-07-07T18:00:00Z,normal
mlflow://experiment-8/drug-efficacy-predictor,psi,overall,0.0457,2026-07-10T18:00:00Z,normal
mlflow://experiment-8/drug-efficacy-predictor,psi,feature:molecular_weight,0,2026-07-10T18:00:00Z,normal
mlflow://experiment-8/drug-efficacy-predictor,psi,feature:logp,0.042,2026-07-10T18:00:00Z,normal
mlflow://experiment-8/drug-efficacy-predictor,psi,feature:hbd_count,0.1051,2026-07-10T18:00:00Z,warning
mlflow://experiment-8/drug-efficacy-predictor,psi,overall,0.0739,2026-07-13T18:00:00Z,normal
mlflow://experiment-8/drug-efficacy-predictor,psi,feature:molecular_weight,0.1329,2026-07-13T18:00:00Z,warning
mlflow://experiment-8/drug-efficacy-predictor,psi,feature:logp,0.1249,2026-07-13T18:00:00Z,warning
mlflow://experiment-8/drug-efficacy-predictor,psi,feature:hbd_count,0.0543,2026-07-13T18:00:00Z,normal
mlflow://experiment-8/drug-efficacy-predictor,psi,overall,0.0482,2026-07-16T18:00:00Z,normal
mlflow://experiment-8/drug-efficacy-predictor,psi,feature:molecular_weight,0.0459,2026-07-16T18:00:00Z,normal
mlflow://experiment-8/drug-efficacy-predictor,psi,feature:logp,0.0287,2026-07-16T18:00:00Z,normal
mlflow://experiment-8/drug-efficacy-predictor,psi,feature:hbd_count,0.0793,2026-07-16T18:00:00Z,normal
mlflow://experiment-8/drug-efficacy-predictor,psi,overall,0.0493,2026-07-19T18:00:00Z,normal
mlflow://experiment-8/drug-efficacy-predictor,psi,feature:molecular_weight,0,2026-07-19T18:00:00Z,normal
mlflow://experiment-8/drug-efficacy-predictor,psi,feature:logp,0.0234,2026-07-19T18:00:00Z,normal
mlflow://experiment-8/drug-efficacy-predictor,psi,feature:hbd_count,0,2026-07-19T18:00:00Z,normal
mlflow://experiment-8/drug-efficacy-predictor,psi,overall,0.0305,2026-07-22T18:00:00Z,normal
mlflow://experiment-8/drug-efficacy-predictor,psi,feature:molecular_weight,0,2026-07-22T18:00:00Z,normal
mlflow://experiment-8/drug-efficacy-predictor,psi,feature:logp,0.0347,2026-07-22T18:00:00Z,normal
mlflow://experiment-8/drug-efficacy-predictor,psi,feature:hbd_count,0.0724,2026-07-22T18:00:00Z,normal
mlflow://experiment-8/drug-efficacy-predictor,psi,overall,0.0317,2026-07-25T18:00:00Z,normal
mlflow://experiment-8/drug-efficacy-predictor,psi,feature:molecular_weight,0,2026-07-25T18:00:00Z,normal
mlflow://experiment-8/drug-efficacy-predictor,psi,feature:logp,0.007,2026-07-25T18:00:00Z,normal
mlflow://experiment-8/drug-efficacy-predictor,psi,feature:hbd_count,0.0196,2026-07-25T18:00:00Z,normal
mlflow://experiment-8/drug-efficacy-predictor,psi,overall,0.0265,2026-07-28T18:00:00Z,normal
mlflow://experiment-8/drug-efficacy-predictor,psi,feature:molecular_weight,0.0833,2026-07-28T18:00:00Z,normal
mlflow://experiment-8/drug-efficacy-predictor,psi,feature:logp,0.0741,2026-07-28T18:00:00Z,normal
mlflow://experiment-8/drug-efficacy-predictor,psi,feature:hbd_count,0.0635,2026-07-28T18:00:00Z,normal
