source_entity_ref,metric_name,metric_value,timestamp,model_type,dimensions
mlflow://experiment-1/patient-readmission-risk,accuracy,0.9526,2026-05-03T08:00:00Z,classification,"{""cohort"": ""all""}"
mlflow://experiment-1/patient-readmission-risk,precision,0.9506,2026-05-03T08:00:00Z,classification,"{""cohort"": ""all""}"
mlflow://experiment-1/patient-readmission-risk,recall,0.9402,2026-05-03T08:00:00Z,classification,"{""cohort"": ""all""}"
mlflow://experiment-1/patient-readmission-risk,f1_score,0.9455,2026-05-03T08:00:00Z,classification,"{""cohort"": ""all""}"
mlflow://experiment-1/patient-readmission-risk,auc_roc,0.9531,2026-05-03T08:00:00Z,classification,"{""cohort"": ""all""}"
mlflow://experiment-1/patient-readmission-risk,accuracy,0.9499,2026-05-04T05:00:00Z,classification,"{""cohort"": ""all""}"
mlflow://experiment-1/patient-readmission-risk,precision,0.9489,2026-05-04T05:00:00Z,classification,"{""cohort"": ""all""}"
mlflow://experiment-1/patient-readmission-risk,recall,0.9454,2026-05-04T05:00:00Z,classification,"{""cohort"": ""all""}"
mlflow://experiment-1/patient-readmission-risk,f1_score,0.9469,2026-05-04T05:00:00Z,classification,"{""cohort"": ""all""}"
mlflow://experiment-1/patient-readmission-risk,auc_roc,0.9413,2026-05-04T05:00:00Z,classification,"{""cohort"": ""all""}"
mlflow://experiment-1/patient-readmission-risk,accuracy,0.9297,2026-05-05T04:00:00Z,classification,"{""cohort"": ""all""}"
mlflow://experiment-1/patient-readmission-risk,precision,0.9323,2026-05-05T04:00:00Z,classification,"{""cohort"": ""all""}"
mlflow://experiment-1/patient-readmission-risk,recall,0.9367,2026-05-05T04:00:00Z,classification,"{""cohort"": ""all""}"
mlflow://experiment-1/patient-readmission-risk,f1_score,0.9248,2026-05-05T04:00:00Z,classification,"{""cohort"": ""all""}"
mlflow://experiment-1/patient-readmission-risk,auc_roc,0.9304,2026-05-05T04:00:00Z,classification,"{""cohort"": ""all""}"
mlflow://experiment-1/patient-readmission-risk,accuracy,0.9453,2026-05-05T20:00:00Z,classification,"{""cohort"": ""all""}"
mlflow://experiment-1/patient-readmission-risk,precision,0.9404,2026-05-05T20:00:00Z,classification,"{""cohort"": ""all""}"
mlflow://experiment-1/patient-readmission-risk,recall,0.9389,2026-05-05T20:00:00Z,classification,"{""cohort"": ""all""}"
mlflow://experiment-1/patient-readmission-risk,f1_score,0.9453,2026-05-05T20:00:00Z,classification,"{""cohort"": ""all""}"
mlflow://experiment-1/patient-readmission-risk,auc_roc,0.9255,2026-05-05T20:00:00Z,classification,"{""cohort"": ""all""}"
mlflow://experiment-1/patient-readmission-risk,accuracy,0.9388,2026-05-06T22:00:00Z,classification,"{""cohort"": ""all""}"
mlflow://experiment-1/patient-readmission-risk,precision,0.9469,2026-05-06T22:00:00Z,classification,"{""cohort"": ""all""}"
mlflow://experiment-1/patient-readmission-risk,recall,0.9404,2026-05-06T22:00:00Z,classification,"{""cohort"": ""all""}"
mlflow://experiment-1/patient-readmission-risk,f1_score,0.9354,2026-05-06T22:00:00Z,classification,"{""cohort"": ""all""}"
mlflow://experiment-1/patient-readmission-risk,auc_roc,0.9331,2026-05-06T22:00:00Z,classification,"{""cohort"": ""all""}"
mlflow://experiment-1/patient-readmission-risk,accuracy,0.9465,2026-05-07T23:00:00Z,classification,"{""cohort"": ""all""}"
mlflow://experiment-1/patient-readmission-risk,precision,0.9256,2026-05-07T23:00:00Z,classification,"{""cohort"": ""all""}"
mlflow://experiment-1/patient-readmission-risk,recall,0.929,2026-05-07T23:00:00Z,classification,"{""cohort"": ""all""}"
mlflow://experiment-1/patient-readmission-risk,f1_score,0.9384,2026-05-07T23:00:00Z,classification,"{""cohort"": ""all""}"
mlflow://experiment-1/patient-readmission-risk,auc_roc,0.9277,2026-05-07T23:00:00Z,classification,"{""cohort"": ""all""}"
mlflow://experiment-1/patient-readmission-risk,accuracy,0.9473,2026-05-09T00:00:00Z,classification,"{""cohort"": ""all""}"
mlflow://experiment-1/patient-readmission-risk,precision,0.944,2026-05-09T00:00:00Z,classification,"{""cohort"": ""all""}"
mlflow://experiment-1/patient-readmission-risk,recall,0.9256,2026-05-09T00:00:00Z,classification,"{""cohort"": ""all""}"
mlflow://experiment-1/patient-readmission-risk,f1_score,0.9249,2026-05-09T00:00:00Z,classification,"{""cohort"": ""all""}"
mlflow://experiment-1/patient-readmission-risk,auc_roc,0.9358,2026-05-09T00:00:00Z,classification,"{""cohort"": ""all""}"
mlflow://experiment-1/patient-readmission-risk,accuracy,0.945,2026-05-09T14:00:00Z,classification,"{""cohort"": ""all""}"
mlflow://experiment-1/patient-readmission-risk,precision,0.9469,2026-05-09T14:00:00Z,classification,"{""cohort"": ""all""}"
mlflow://experiment-1/patient-readmission-risk,recall,0.942,2026-05-09T14:00:00Z,classification,"{""cohort"": ""all""}"
mlflow://experiment-1/patient-readmission-risk,f1_score,0.939,2026-05-09T14:00:00Z,classification,"{""cohort"": ""all""}"
mlflow://experiment-1/patient-readmission-risk,auc_roc,0.944,2026-05-09T14:00:00Z,classification,"{""cohort"": ""all""}"
mlflow://experiment-1/patient-readmission-risk,accuracy,0.9465,2026-05-10T19:00:00Z,classification,"{""cohort"": ""all""}"
mlflow://experiment-1/patient-readmission-risk,precision,0.9327,2026-05-10T19:00:00Z,classification,"{""cohort"": ""all""}"
mlflow://experiment-1/patient-readmission-risk,recall,0.9219,2026-05-10T19:00:00Z,classification,"{""cohort"": ""all""}"
mlflow://experiment-1/patient-readmission-risk,f1_score,0.9455,2026-05-10T19:00:00Z,classification,"{""cohort"": ""all""}"
mlflow://experiment-1/patient-readmission-risk,auc_roc,0.9449,2026-05-10T19:00:00Z,classification,"{""cohort"": ""all""}"
mlflow://experiment-1/patient-readmission-risk,accuracy,0.948,2026-05-12T09:00:00Z,classification,"{""cohort"": ""all""}"
mlflow://experiment-1/patient-readmission-risk,precision,0.9375,2026-05-12T09:00:00Z,classification,"{""cohort"": ""all""}"
mlflow://experiment-1/patient-readmission-risk,recall,0.9634,2026-05-12T09:00:00Z,classification,"{""cohort"": ""all""}"
mlflow://experiment-1/patient-readmission-risk,f1_score,0.9318,2026-05-12T09:00:00Z,classification,"{""cohort"": ""all""}"
mlflow://experiment-1/patient-readmission-risk,auc_roc,0.929,2026-05-12T09:00:00Z,classification,"{""cohort"": ""all""}"
mlflow://experiment-1/patient-readmission-risk,accuracy,0.9327,2026-05-12T17:00:00Z,classification,"{""cohort"": ""all""}"
mlflow://experiment-1/patient-readmission-risk,precision,0.9384,2026-05-12T17:00:00Z,classification,"{""cohort"": ""all""}"
mlflow://experiment-1/patient-readmission-risk,recall,0.9323,2026-05-12T17:00:00Z,classification,"{""cohort"": ""all""}"
mlflow://experiment-1/patient-readmission-risk,f1_score,0.9419,2026-05-12T17:00:00Z,classification,"{""cohort"": ""all""}"
mlflow://experiment-1/patient-readmission-risk,auc_roc,0.9536,2026-05-12T17:00:00Z,classification,"{""cohort"": ""all""}"
mlflow://experiment-1/patient-readmission-risk,accuracy,0.9331,2026-05-13T19:00:00Z,classification,"{""cohort"": ""all""}"
mlflow://experiment-1/patient-readmission-risk,precision,0.9323,2026-05-13T19:00:00Z,classification,"{""cohort"": ""all""}"
mlflow://experiment-1/patient-readmission-risk,recall,,2026-05-13T19:00:00Z,classification,"{""cohort"": ""all""}"
mlflow://experiment-1/patient-readmission-risk,f1_score,0.9412,2026-05-13T19:00:00Z,classification,"{""cohort"": ""all""}"
mlflow://experiment-1/patient-readmission-risk,auc_roc,0.9329,2026-05-13T19:00:00Z,classification,"{""cohort"": ""all""}"
mlflow://experiment-1/patient-readmission-risk,accuracy,0.9434,2026-05-14T13:00:00Z,classification,"{""cohort"": ""all""}"
mlflow://experiment-1/patient-readmission-risk,precision,0.9305,2026-05-14T13:00:00Z,classification,"{""cohort"": ""all""}"
mlflow://experiment-1/patient-readmission-risk,recall,0.9602,2026-05-14T13:00:00Z,classification,"{""cohort"": ""all""}"
mlflow://experiment-1/patient-readmission-risk,f1_score,0.9489,2026-05-14T13:00:00Z,classification,"{""cohort"": ""all""}"
mlflow://experiment-1/patient-readmission-risk,auc_roc,0.9255,2026-05-14T13:00:00Z,classification,"{""cohort"": ""all""}"
mlflow://experiment-1/patient-readmission-risk,accuracy,0.9335,2026-05-15T18:00:00Z,classification,"{""cohort"": ""all""}"
mlflow://experiment-1/patient-readmission-risk,precision,0.9344,2026-05-15T18:00:00Z,classification,"{""cohort"": ""all""}"
mlflow://experiment-1/patient-readmission-risk,recall,0.9317,2026-05-15T18:00:00Z,classification,"{""cohort"": ""all""}"
mlflow://experiment-1/patient-readmission-risk,f1_score,0.9495,2026-05-15T18:00:00Z,classification,"{""cohort"": ""all""}"
mlflow://experiment-1/patient-readmission-risk,auc_roc,0.9343,2026-05-15T18:00:00Z,classification,"{""cohort"": ""all""}"
mlflow://experiment-1/patient-readmission-risk,accuracy,0.9506,2026-05-16T20:00:00Z,classification,"{""cohort"": ""all""}"
mlflow://experiment-1/patient-readmission-risk,precision,0.9527,2026-05-16T20:00:00Z,classification,"{""cohort"": ""all""}"
mlflow://experiment-1/patient-readmission-risk,recall,0.9239,2026-05-16T20:00:00Z,classification,"{""cohort"": ""all""}"
mlflow://experiment-1/patient-readmission-risk,f1_score,0.936,2026-05-16T20:00:00Z,classification,"{""cohort"": ""all""}"
mlflow://experiment-1/patient-readmission-risk,auc_roc,0.9281,2026-05-16T20:00:00Z,classification,"{""cohort"": ""all""}"
mlflow://experiment-1/patient-readmission-risk,accuracy,0.9458,2026-05-17T23:00:00Z,classification,"{""cohort"": ""all""}"
mlflow://experiment-1/patient-readmission-risk,precision,0.9466,2026-05-17T23:00:00Z,classification,"{""cohort"": ""all""}"
mlflow://experiment-1/patient-readmission-risk,recall,0.974,2026-05-17T23:00:00Z,classification,"{""cohort"": ""all""}"
mlflow://experiment-1/patient-readmission-risk,f1_score,0.9356,2026-05-17T23:00:00Z,classification,"{""cohort"": ""all""}"
mlflow://experiment-1/patient-readmission-risk,auc_roc,0.9397,2026-05-17T23:00:00Z,classification,"{""cohort"": ""all""}"
mlflow://experiment-1/patient-readmission-risk,accuracy,0.9437,2026-05-18T13:00:00Z,classification,"{""cohort"": ""all""}"
mlflow://experiment-1/patient-readmission-risk,precision,0.9356,2026-05-18T13:00:00Z,classification,"{""cohort"": ""all""}"
mlflow://experiment-1/patient-readmission-risk,recall,0.9481,2026-05-18T13:00:00Z,classification,"{""cohort"": ""all""}"
mlflow://experiment-1/patient-readmission-risk,f1_score,0.9528,2026-05-18T13:00:00Z,classification,"{""cohort"": ""all""}"
mlflow://experiment-1/patient-readmission-risk,auc_roc,0.9319,2026-05-18T13:00:00Z,classification,"{""cohort"": ""all""}"
mlflow://experiment-1/patient-readmission-risk,accuracy,0.9344,2026-05-20T07:00:00Z,classification,"{""cohort"": ""all""}"
mlflow://experiment-1/patient-readmission-risk,precision,0.9523,2026-05-20T07:00:00Z,classification,"{""cohort"": ""all""}"
mlflow://experiment-1/patient-readmission-risk,recall,0.9397,2026-05-20T07:00:00Z,classification,"{""cohort"": ""all""}"
mlflow://experiment-1/patient-readmission-risk,f1_score,0.9595,2026-05-20T07:00:00Z,classification,"{""cohort"": ""all""}"
mlflow://experiment-1/patient-readmission-risk,auc_roc,0.9364,2026-05-20T07:00:00Z,classification,"{""cohort"": ""all""}"
mlflow://experiment-1/patient-readmission-risk,accuracy,0.9379,2026-05-20T12:00:00Z,classification,"{""cohort"": ""all""}"
mlflow://experiment-1/patient-readmission-risk,precision,0.9355,2026-05-20T12:00:00Z,classification,"{""cohort"": ""all""}"
mlflow://experiment-1/patient-readmission-risk,recall,0.9525,2026-05-20T12:00:00Z,classification,"{""cohort"": ""all""}"
mlflow://experiment-1/patient-readmission-risk,f1_score,0.929,2026-05-20T12:00:00Z,classification,"{""cohort"": ""all""}"
mlflow://experiment-1/patient-readmission-risk,auc_roc,NOT_A_NUMBER,2026-05-20T12:00:00Z,classification,"{""cohort"": ""all""}"
mlflow://experiment-1/patient-readmission-risk,accuracy,0.9309,2026-05-21T21:00:00Z,classification,"{""cohort"": ""all""}"
mlflow://experiment-1/patient-readmission-risk,precision,0.9299,2026-05-21T21:00:00Z,classification,"{""cohort"": ""all""}"
mlflow://experiment-1/patient-readmission-risk,recall,0.9444,2026-05-21T21:00:00Z,classification,"{""cohort"": ""all""}"
mlflow://experiment-1/patient-readmission-risk,f1_score,0.9596,2026-05-21T21:00:00Z,classification,"{""cohort"": ""all""}"
mlflow://experiment-1/patient-readmission-risk,auc_roc,0.9342,2026-05-21T21:00:00Z,classification,"{""cohort"": ""all""}"
mlflow://experiment-1/patient-readmission-risk,accuracy,0.9567,2026-05-22T20:00:00Z,classification,"{""cohort"": ""all""}"
mlflow://experiment-1/patient-readmission-risk,precision,0.937,2026-05-22T20:00:00Z,classification,"{""cohort"": ""all""}"
mlflow://experiment-1/patient-readmission-risk,recall,0.9353,2026-05-22T20:00:00Z,classification,"{""cohort"": ""all""}"
mlflow://experiment-1/patient-readmission-risk,f1_score,0.9398,2026-05-22T20:00:00Z,classification,"{""cohort"": ""all""}"
mlflow://experiment-1/patient-readmission-risk,auc_roc,0.9264,2026-05-22T20:00:00Z,classification,"{""cohort"": ""all""}"
mlflow://experiment-1/patient-readmission-risk,accuracy,0.9264,2026-05-24T04:00:00Z,classification,"{""cohort"": ""all""}"
mlflow://experiment-1/patient-readmission-risk,precision,0.9355,2026-05-24T04:00:00Z,classification,"{""cohort"": ""all""}"
mlflow://experiment-1/patient-readmission-risk,recall,0.9364,2026-05-24T04:00:00Z,classification,"{""cohort"": ""all""}"
mlflow://experiment-1/patient-readmission-risk,f1_score,0.941,2026-05-24T04:00:00Z,classification,"{""cohort"": ""all""}"
mlflow://experiment-1/patient-readmission-risk,auc_roc,0.9276,2026-05-24T04:00:00Z,classification,"{""cohort"": ""all""}"
mlflow://experiment-1/patient-readmission-risk,accuracy,0.9518,2026-05-25T04:00:00Z,classification,"{""cohort"": ""all""}"
mlflow://experiment-1/patient-readmission-risk,precision,0.9334,2026-05-25T04:00:00Z,classification,"{""cohort"": ""all""}"
mlflow://experiment-1/patient-readmission-risk,recall,0.9351,2026-05-25T04:00:00Z,classification,"{""cohort"": ""all""}"
mlflow://experiment-1/patient-readmission-risk,f1_score,0.9403,2026-05-25T04:00:00Z,classification,"{""cohort"": ""all""}"
mlflow://experiment-1/patient-readmission-risk,auc_roc,0.9211,2026-05-25T04:00:00Z,classification,"{""cohort"": ""all""}"
mlflow://experiment-1/patient-readmission-risk,accuracy,0.962,2026-05-25T21:00:00Z,classification,"{""cohort"": ""all""}"
mlflow://experiment-1/patient-readmission-risk,precision,0.9405,2026-05-25T21:00:00Z,classification,"{""cohort"": ""all""}"
mlflow://experiment-1/patient-readmission-risk,recall,0.9474,2026-05-25T21:00:00Z,classification,"{""cohort"": ""all""}"
mlflow://experiment-1/patient-readmission-risk,f1_score,0.9363,2026-05-25T21:00:00Z,classification,"{""cohort"": ""all""}"
mlflow://experiment-1/patient-readmission-risk,auc_roc,0.9383,2026-05-25T21:00:00Z,classification,"{""cohort"": ""all""}"
mlflow://experiment-1/patient-readmission-risk,accuracy,0.9362,2026-05-27T11:00:00Z,classification,"{""cohort"": ""all""}"
mlflow://experiment-1/patient-readmission-risk,precision,0.9403,2026-05-27T11:00:00Z,classification,"{""cohort"": ""all""}"
mlflow://experiment-1/patient-readmission-risk,recall,0.9411,2026-05-27T11:00:00Z,classification,"{""cohort"": ""all""}"
mlflow://experiment-1/patient-readmission-risk,f1_score,0.923,2026-05-27T11:00:00Z,classification,"{""cohort"": ""all""}"
mlflow://experiment-1/patient-readmission-risk,auc_roc,0.9479,2026-05-27T11:00:00Z,classification,"{""cohort"": ""all""}"
mlflow://experiment-1/patient-readmission-risk,accuracy,0.9482,2026-05-28T05:00:00Z,classification,"{""cohort"": ""all""}"
mlflow://experiment-1/patient-readmission-risk,precision,0.9462,2026-05-28T05:00:00Z,classification,"{""cohort"": ""all""}"
mlflow://experiment-1/patient-readmission-risk,recall,0.9505,2026-05-28T05:00:00Z,classification,"{""cohort"": ""all""}"
mlflow://experiment-1/patient-readmission-risk,f1_score,0.9198,2026-05-28T05:00:00Z,classification,"{""cohort"": ""all""}"
mlflow://experiment-1/patient-readmission-risk,auc_roc,0.924,2026-05-28T05:00:00Z,classification,"{""cohort"": ""all""}"
mlflow://experiment-1/patient-readmission-risk,accuracy,0.9405,2026-05-29T05:00:00Z,classification,"{""cohort"": ""all""}"
mlflow://experiment-1/patient-readmission-risk,precision,0.9247,2026-05-29T05:00:00Z,classification,"{""cohort"": ""all""}"
mlflow://experiment-1/patient-readmission-risk,recall,0.9377,2026-05-29T05:00:00Z,classification,"{""cohort"": ""all""}"
mlflow://experiment-1/patient-readmission-risk,f1_score,0.9302,2026-05-29T05:00:00Z,classification,"{""cohort"": ""all""}"
mlflow://experiment-1/patient-readmission-risk,auc_roc,0.9354,2026-05-29T05:00:00Z,classification,"{""cohort"": ""all""}"
mlflow://experiment-1/patient-readmission-risk,accuracy,0.9315,2026-05-30T04:00:00Z,classification,"{""cohort"": ""all""}"
mlflow://experiment-1/patient-readmission-risk,precision,0.9328,2026-05-30T04:00:00Z,classification,"{""cohort"": ""all""}"
mlflow://experiment-1/patient-readmission-risk,recall,0.9423,2026-05-30T04:00:00Z,classification,"{""cohort"": ""all""}"
mlflow://experiment-1/patient-readmission-risk,f1_score,0.9419,2026-05-30T04:00:00Z,classification,"{""cohort"": ""all""}"
mlflow://experiment-1/patient-readmission-risk,auc_roc,0.9408,2026-05-30T04:00:00Z,classification,"{""cohort"": ""all""}"
mlflow://experiment-1/patient-readmission-risk,accuracy,0.9409,2026-05-31T05:00:00Z,classification,"{""cohort"": ""all""}"
mlflow://experiment-1/patient-readmission-risk,precision,0.947,2026-05-31T05:00:00Z,classification,"{""cohort"": ""all""}"
mlflow://experiment-1/patient-readmission-risk,recall,0.9527,2026-05-31T05:00:00Z,classification,"{""cohort"": ""all""}"
mlflow://experiment-1/patient-readmission-risk,f1_score,0.9461,2026-05-31T05:00:00Z,classification,"{""cohort"": ""all""}"
mlflow://experiment-1/patient-readmission-risk,auc_roc,0.9429,2026-05-31T05:00:00Z,classification,"{""cohort"": ""all""}"
mlflow://experiment-1/patient-readmission-risk,accuracy,0.9615,2026-05-31T22:00:00Z,classification,"{""cohort"": ""all""}"
mlflow://experiment-1/patient-readmission-risk,precision,0.9467,2026-05-31T22:00:00Z,classification,"{""cohort"": ""all""}"
mlflow://experiment-1/patient-readmission-risk,recall,0.9432,2026-05-31T22:00:00Z,classification,"{""cohort"": ""all""}"
mlflow://experiment-1/patient-readmission-risk,f1_score,0.9366,2026-05-31T22:00:00Z,classification,"{""cohort"": ""all""}"
mlflow://experiment-1/patient-readmission-risk,auc_roc,0.9339,2026-05-31T22:00:00Z,classification,"{""cohort"": ""all""}"
mlflow://experiment-1/patient-readmission-risk,accuracy,0.9366,2026-06-01T16:00:00Z,classification,"{""cohort"": ""all""}"
mlflow://experiment-1/patient-readmission-risk,precision,0.9196,2026-06-01T16:00:00Z,classification,"{""cohort"": ""all""}"
mlflow://experiment-1/patient-readmission-risk,recall,0.9334,2026-06-01T16:00:00Z,classification,"{""cohort"": ""all""}"
mlflow://experiment-1/patient-readmission-risk,f1_score,0.9366,2026-06-01T16:00:00Z,classification,"{""cohort"": ""all""}"
mlflow://experiment-1/patient-readmission-risk,auc_roc,0.9299,2026-06-01T16:00:00Z,classification,"{""cohort"": ""all""}"
mlflow://experiment-1/patient-readmission-risk,accuracy,0.9417,2026-06-02T15:00:00Z,classification,"{""cohort"": ""all""}"
mlflow://experiment-1/patient-readmission-risk,precision,0.9487,2026-06-02T15:00:00Z,classification,"{""cohort"": ""all""}"
mlflow://experiment-1/patient-readmission-risk,recall,0.9461,2026-06-02T15:00:00Z,classification,"{""cohort"": ""all""}"
mlflow://experiment-1/patient-readmission-risk,f1_score,0.9301,2026-06-02T15:00:00Z,classification,"{""cohort"": ""all""}"
mlflow://experiment-1/patient-readmission-risk,auc_roc,0.9452,2026-06-02T15:00:00Z,classification,"{""cohort"": ""all""}"
mlflow://experiment-1/patient-readmission-risk,accuracy,0.9537,2026-06-04T11:00:00Z,classification,"{""cohort"": ""all""}"
mlflow://experiment-1/patient-readmission-risk,precision,0.9449,2026-06-04T11:00:00Z,classification,"{""cohort"": ""all""}"
mlflow://experiment-1/patient-readmission-risk,recall,0.9379,2026-06-04T11:00:00Z,classification,"{""cohort"": ""all""}"
mlflow://experiment-1/patient-readmission-risk,f1_score,0.9372,2026-06-04T11:00:00Z,classification,"{""cohort"": ""all""}"
mlflow://experiment-1/patient-readmission-risk,auc_roc,0.9375,2026-06-04T11:00:00Z,classification,"{""cohort"": ""all""}"
mlflow://experiment-1/patient-readmission-risk,accuracy,0.9222,2026-06-04T15:00:00Z,classification,"{""cohort"": ""all""}"
mlflow://experiment-1/patient-readmission-risk,precision,0.9401,2026-06-04T15:00:00Z,classification,"{""cohort"": ""all""}"
mlflow://experiment-1/patient-readmission-risk,recall,0.9465,2026-06-04T15:00:00Z,classification,"{""cohort"": ""all""}"
mlflow://experiment-1/patient-readmission-risk,f1_score,0.9301,2026-06-04T15:00:00Z,classification,"{""cohort"": ""all""}"
mlflow://experiment-1/patient-readmission-risk,auc_roc,0.9433,2026-06-04T15:00:00Z,classification,"{""cohort"": ""all""}"
mlflow://experiment-1/patient-readmission-risk,accuracy,0.9202,2026-06-05T20:00:00Z,classification,"{""cohort"": ""all""}"
mlflow://experiment-1/patient-readmission-risk,precision,0.9447,2026-06-05T20:00:00Z,classification,"{""cohort"": ""all""}"
mlflow://experiment-1/patient-readmission-risk,recall,0.9562,2026-06-05T20:00:00Z,classification,"{""cohort"": ""all""}"
mlflow://experiment-1/patient-readmission-risk,f1_score,0.9483,2026-06-05T20:00:00Z,classification,"{""cohort"": ""all""}"
mlflow://experiment-1/patient-readmission-risk,auc_roc,0.9428,2026-06-05T20:00:00Z,classification,"{""cohort"": ""all""}"
mlflow://experiment-1/patient-readmission-risk,accuracy,0.9364,2026-06-07T08:00:00Z,classification,"{""cohort"": ""all""}"
mlflow://experiment-1/patient-readmission-risk,precision,0.959,2026-06-07T08:00:00Z,classification,"{""cohort"": ""all""}"
mlflow://experiment-1/patient-readmission-risk,recall,0.9399,2026-06-07T08:00:00Z,classification,"{""cohort"": ""all""}"
mlflow://experiment-1/patient-readmission-risk,auc_roc,0.9356,2026-06-07T08:00:00Z,classification,"{""cohort"": ""all""}"
mlflow://experiment-1/patient-readmission-risk,f1_score,0.9624,2026-06-07T08:00:00Z,classification,"{""cohort"": ""all""}"
mlflow://experiment-1/patient-readmission-risk,accuracy,0.9458,2026-06-07T19:00:00Z,classification,"{""cohort"": ""all""}"
mlflow://experiment-1/patient-readmission-risk,precision,0.95,2026-06-07T19:00:00Z,classification,"{""cohort"": ""all""}"
mlflow://experiment-1/patient-readmission-risk,recall,0.9423,2026-06-07T19:00:00Z,classification,"{""cohort"": ""all""}"
mlflow://experiment-1/patient-readmission-risk,f1_score,0.9499,2026-06-07T19:00:00Z,classification,"{""cohort"": ""all""}"
mlflow://experiment-1/patient-readmission-risk,auc_roc,0.9491,2026-06-07T19:00:00Z,classification,"{""cohort"": ""all""}"
mlflow://experiment-1/patient-readmission-risk,accuracy,0.9435,2026-06-09T00:00:00Z,classification,"{""cohort"": ""all""}"
mlflow://experiment-1/patient-readmission-risk,precision,0.9383,2026-06-09T00:00:00Z,classification,"{""cohort"": ""all""}"
mlflow://experiment-1/patient-readmission-risk,recall,0.9574,2026-06-09T00:00:00Z,classification,"{""cohort"": ""all""}"
mlflow://experiment-1/patient-readmission-risk,f1_score,0.9299,2026-06-09T00:00:00Z,classification,"{""cohort"": ""all""}"
mlflow://experiment-1/patient-readmission-risk,auc_roc,0.9429,2026-06-09T00:00:00Z,classification,"{""cohort"": ""all""}"
mlflow://experiment-1/patient-readmission-risk,accuracy,0.9527,2026-06-10T11:00:00Z,classification,"{""cohort"": ""all""}"
mlflow://experiment-1/patient-readmission-risk,precision,0.9396,2026-06-10T11:00:00Z,classification,"{""cohort"": ""all""}"
mlflow://experiment-1/patient-readmission-risk,recall,0.9389,2026-06-10T11:00:00Z,classification,"{""cohort"": ""all""}"
mlflow://experiment-1/patient-readmission-risk,f1_score,0.9343,2026-06-10T11:00:00Z,classification,"{""cohort"": ""all""}"
mlflow://experiment-1/patient-readmission-risk,auc_roc,0.9324,2026-06-10T11:00:00Z,classification,"{""cohort"": ""all""}"
mlflow://experiment-1/patient-readmission-risk,accuracy,0.9652,2026-06-11T06:00:00Z,classification,"{""cohort"": ""all""}"
mlflow://experiment-1/patient-readmission-risk,precision,0.9397,2026-06-11T06:00:00Z,classification,"{""cohort"": ""all""}"
mlflow://experiment-1/patient-readmission-risk,recall,0.9365,2026-06-11T06:00:00Z,classification,"{""cohort"": ""all""}"
mlflow://experiment-1/patient-readmission-risk,f1_score,0.9388,2026-06-11T06:00:00Z,classification,"{""cohort"": ""all""}"
mlflow://experiment-1/patient-readmission-risk,auc_roc,0.943,2026-06-11T06:00:00Z,classification,"{""cohort"": ""all""}"
mlflow://experiment-1/patient-readmission-risk,accuracy,0.9204,2026-06-12T03:00:00Z,classification,"{""cohort"": ""all""}"
mlflow://experiment-1/patient-readmission-risk,precision,0.9396,2026-06-12T03:00:00Z,classification,"{""cohort"": ""all""}"
mlflow://experiment-1/patient-readmission-risk,recall,0.954,2026-06-12T03:00:00Z,classification,"{""cohort"": ""all""}"
mlflow://experiment-1/patient-readmission-risk,f1_score,0.9613,2026-06-12T03:00:00Z,classification,"{""cohort"": ""all""}"
mlflow://experiment-1/patient-readmission-risk,auc_roc,0.9456,2026-06-12T03:00:00Z,classification,"{""cohort"": ""all""}"
mlflow://experiment-1/patient-readmission-risk,accuracy,0.9431,2026-06-13T07:00:00Z,classification,"{""cohort"": ""all""}"
mlflow://experiment-1/patient-readmission-risk,precision,0.9581,2026-06-13T07:00:00Z,classification,"{""cohort"": ""all""}"
mlflow://experiment-1/patient-readmission-risk,recall,0.9482,2026-06-13T07:00:00Z,classification,"{""cohort"": ""all""}"
mlflow://experiment-1/patient-readmission-risk,f1_score,0.9204,2026-06-13T07:00:00Z,classification,"{""cohort"": ""all""}"
mlflow://experiment-1/patient-readmission-risk,auc_roc,0.9535,2026-06-13T07:00:00Z,classification,"{""cohort"": ""all""}"
mlflow://experiment-1/patient-readmission-risk,accuracy,0.9403,2026-06-14T06:00:00Z,classification,"{""cohort"": ""all""}"
mlflow://experiment-1/patient-readmission-risk,recall,0.9324,2026-06-14T06:00:00Z,classification,"{""cohort"": ""all""}"
mlflow://experiment-1/patient-readmission-risk,precision,0.9534,2026-06-14T06:00:00Z,classification,"{""cohort"": ""all""}"
mlflow://experiment-1/patient-readmission-risk,f1_score,0.9329,2026-06-14T06:00:00Z,classification,"{""cohort"": ""all""}"
mlflow://experiment-1/patient-readmission-risk,auc_roc,0.9295,2026-06-14T06:00:00Z,classification,"{""cohort"": ""all""}"
mlflow://experiment-1/patient-readmission-risk,accuracy,0.9339,2026-06-14T20:00:00Z,classification,"{""cohort"": ""all""}"
mlflow://experiment-1/patient-readmission-risk,precision,0.9445,2026-06-14T20:00:00Z,classification,"{""cohort"": ""all""}"
mlflow://experiment-1/patient-readmission-risk,recall,0.9552,2026-06-14T20:00:00Z,classification,"{""cohort"": ""all""}"
mlflow://experiment-1/patient-readmission-risk,f1_score,0.9407,2026-06-14T20:00:00Z,classification,"{""cohort"": ""all""}"
mlflow://experiment-1/patient-readmission-risk,auc_roc,0.95,2026-06-14T20:00:00Z,classification,"{""cohort"": ""all""}"
mlflow://experiment-1/patient-readmission-risk,accuracy,0.9333,2026-06-16T09:00:00Z,classification,"{""cohort"": ""all""}"
mlflow://experiment-1/patient-readmission-risk,precision,0.9312,2026-06-16T09:00:00Z,classification,"{""cohort"": ""all""}"
mlflow://experiment-1/patient-readmission-risk,recall,0.9611,2026-06-16T09:00:00Z,classification,"{""cohort"": ""all""}"
mlflow://experiment-1/patient-readmission-risk,f1_score,0.9299,2026-06-16T09:00:00Z,classification,"{""cohort"": ""all""}"
mlflow://experiment-1/patient-readmission-risk,auc_roc,0.9539,2026-06-16T09:00:00Z,classification,"{""cohort"": ""all""}"
mlflow://experiment-1/patient-readmission-risk,accuracy,0.9408,2026-06-17T06:00:00Z,classification,"{""cohort"": ""all""}"
mlflow://experiment-1/patient-readmission-risk,precision,0.9439,2026-06-17T06:00:00Z,classification,"{""cohort"": ""all""}"
mlflow://experiment-1/patient-readmission-risk,recall,0.9399,2026-06-17T06:00:00Z,classification,"{""cohort"": ""all""}"
mlflow://experiment-1/patient-readmission-risk,f1_score,0.9418,2026-06-17T06:00:00Z,classification,"{""cohort"": ""all""}"
mlflow://experiment-1/patient-readmission-risk,auc_roc,0.9476,2026-06-17T06:00:00Z,classification,"{""cohort"": ""all""}"
mlflow://experiment-1/patient-readmission-risk,accuracy,0.9551,2026-06-17T23:00:00Z,classification,"{""cohort"": ""all""}"
mlflow://experiment-1/patient-readmission-risk,precision,0.926,2026-06-17T23:00:00Z,classification,"{""cohort"": ""all""}"
mlflow://experiment-1/patient-readmission-risk,recall,0.936,2026-06-17T23:00:00Z,classification,"{""cohort"": ""all""}"
mlflow://experiment-1/patient-readmission-risk,f1_score,0.9443,2026-06-17T23:00:00Z,classification,"{""cohort"": ""all""}"
mlflow://experiment-1/patient-readmission-risk,auc_roc,0.9478,2026-06-17T23:00:00Z,classification,"{""cohort"": ""all""}"
mlflow://experiment-1/patient-readmission-risk,accuracy,0.9265,2026-06-19T07:00:00Z,classification,"{""cohort"": ""all""}"
mlflow://experiment-1/patient-readmission-risk,precision,0.958,2026-06-19T07:00:00Z,classification,"{""cohort"": ""all""}"
mlflow://experiment-1/patient-readmission-risk,recall,0.9382,2026-06-19T07:00:00Z,classification,"{""cohort"": ""all""}"
mlflow://experiment-1/patient-readmission-risk,f1_score,0.9254,2026-06-19T07:00:00Z,classification,"{""cohort"": ""all""}"
mlflow://experiment-1/patient-readmission-risk,auc_roc,0.9373,2026-06-19T07:00:00Z,classification,"{""cohort"": ""all""}"
mlflow://experiment-1/patient-readmission-risk,accuracy,0.9355,2026-06-20T05:00:00Z,classification,"{""cohort"": ""all""}"
mlflow://experiment-1/patient-readmission-risk,precision,0.9541,2026-06-20T05:00:00Z,classification,"{""cohort"": ""all""}"
mlflow://experiment-1/patient-readmission-risk,recall,0.945,2026-06-20T05:00:00Z,classification,"{""cohort"": ""all""}"
mlflow://experiment-1/patient-readmission-risk,f1_score,0.938,2026-06-20T05:00:00Z,classification,"{""cohort"": ""all""}"
mlflow://experiment-1/patient-readmission-risk,auc_roc,0.9436,2026-06-19T21:00:00Z,classification,"{""cohort"": ""all""}"
mlflow://experiment-1/patient-readmission-risk,accuracy,0.9432,2026-06-21T05:00:00Z,classification,"{""cohort"": ""all""}"
mlflow://experiment-1/patient-readmission-risk,precision,0.9446,2026-06-21T05:00:00Z,classification,"{""cohort"": ""all""}"
mlflow://experiment-1/patient-readmission-risk,recall,0.9467,2026-06-21T05:00:00Z,classification,"{""cohort"": ""all""}"
mlflow://experiment-1/patient-readmission-risk,f1_score,0.9422,2026-06-21T05:00:00Z,classification,"{""cohort"": ""all""}"
mlflow://experiment-1/patient-readmission-risk,auc_roc,0.9489,2026-06-21T05:00:00Z,classification,"{""cohort"": ""all""}"
mlflow://experiment-1/patient-readmission-risk,accuracy,0.9348,2026-06-22T09:00:00Z,classification,"{""cohort"": ""all""}"
mlflow://experiment-1/patient-readmission-risk,precision,0.9342,2026-06-22T09:00:00Z,classification,"{""cohort"": ""all""}"
mlflow://experiment-1/patient-readmission-risk,recall,0.9183,2026-06-22T09:00:00Z,classification,"{""cohort"": ""all""}"
mlflow://experiment-1/patient-readmission-risk,f1_score,0.9416,2026-06-22T09:00:00Z,classification,"{""cohort"": ""all""}"
mlflow://experiment-1/patient-readmission-risk,auc_roc,0.9425,2026-06-22T09:00:00Z,classification,"{""cohort"": ""all""}"
mlflow://experiment-1/patient-readmission-risk,accuracy,0.9364,2026-06-23T01:00:00Z,classification,"{""cohort"": ""all""}"
mlflow://experiment-1/patient-readmission-risk,precision,0.9414,2026-06-23T01:00:00Z,classification,"{""cohort"": ""all""}"
mlflow://experiment-1/patient-readmission-risk,recall,0.9374,2026-06-23T01:00:00Z,classification,"{""cohort"": ""all""}"
mlflow://experiment-1/patient-readmission-risk,f1_score,0.9373,2026-06-23T01:00:00Z,classification,"{""cohort"": ""all""}"
mlflow://experiment-1/patient-readmission-risk,auc_roc,0.9446,2026-06-23T01:00:00Z,classification,"{""cohort"": ""all""}"
mlflow://experiment-1/patient-readmission-risk,accuracy,0.9457,2026-06-23T20:00:00Z,classification,"{""cohort"": ""all""}"
mlflow://experiment-1/patient-readmission-risk,precision,0.9492,2026-06-23T20:00:00Z,classification,"{""cohort"": ""all""}"
mlflow://experiment-1/patient-readmission-risk,recall,0.9365,2026-06-23T20:00:00Z,classification,"{""cohort"": ""all""}"
mlflow://experiment-1/patient-readmission-risk,f1_score,0.9277,2026-06-23T20:00:00Z,classification,"{""cohort"": ""all""}"
mlflow://experiment-1/patient-readmission-risk,auc_roc,0.9584,2026-06-23T20:00:00Z,classification,"{""cohort"": ""all""}"
mlflow://experiment-1/patient-readmission-risk,accuracy,0.9556,2026-06-25T10:00:00Z,classification,"{""cohort"": ""all""}"
mlflow://experiment-1/patient-readmission-risk,precision,0.9503,2026-06-25T10:00:00Z,classification,"{""cohort"": ""all""}"
mlflow://experiment-1/patient-readmission-risk,recall,0.9329,2026-06-25T10:00:00Z,classification,"{""cohort"": ""all""}"
mlflow://experiment-1/patient-readmission-risk,f1_score,0.9467,2026-06-25T10:00:00Z,classification,"{""cohort"": ""all""}"
mlflow://experiment-1/patient-readmission-risk,auc_roc,0.9286,2026-06-25T10:00:00Z,classification,"{""cohort"": ""all""}"
mlflow://experiment-1/patient-readmission-risk,accuracy,0.9374,2026-06-25T16:00:00Z,classification,"{""cohort"": ""all""}"
mlflow://experiment-1/patient-readmission-risk,precision,0.9412,2026-06-25T16:00:00Z,classification,"{""cohort"": ""all""}"
mlflow://experiment-1/patient-readmission-risk,recall,0.9247,2026-06-25T16:00:00Z,classification,"{""cohort"": ""all""}"
mlflow://experiment-1/patient-readmission-risk,f1_score,0.9575,2026-06-25T16:00:00Z,classification,"{""cohort"": ""all""}"
mlflow://experiment-1/patient-readmission-risk,auc_roc,0.9428,2026-06-25T16:00:00Z,classification,"{""cohort"": ""all""}"
mlflow://experiment-1/patient-readmission-risk,accuracy,0.9395,2026-06-26T23:00:00Z,classification,"{""cohort"": ""all""}"
mlflow://experiment-1/patient-readmission-risk,precision,0.9419,2026-06-26T23:00:00Z,classification,"{""cohort"": ""all""}"
mlflow://experiment-1/patient-readmission-risk,recall,0.9473,2026-06-26T23:00:00Z,classification,"{""cohort"": ""all""}"
mlflow://experiment-1/patient-readmission-risk,f1_score,0.9539,2026-06-26T23:00:00Z,classification,"{""cohort"": ""all""}"
mlflow://experiment-1/patient-readmission-risk,auc_roc,0.9505,2026-06-26T23:00:00Z,classification,"{""cohort"": ""all""}"
mlflow://experiment-1/patient-readmission-risk,accuracy,0.9564,2026-06-28T01:00:00Z,classification,"{""cohort"": ""all""}"
mlflow://experiment-1/patient-readmission-risk,precision,0.9373,2026-06-28T01:00:00Z,classification,"{""cohort"": ""all""}"
mlflow://experiment-1/patient-readmission-risk,recall,0.9466,2026-06-28T01:00:00Z,classification,"{""cohort"": ""all""}"
mlflow://experiment-1/patient-readmission-risk,f1_score,0.9367,2026-06-28T01:00:00Z,classification,"{""cohort"": ""all""}"
mlflow://experiment-1/patient-readmission-risk,auc_roc,0.9494,2026-06-28T01:00:00Z,classification,"{""cohort"": ""all""}"
mlflow://experiment-1/patient-readmission-risk,accuracy,0.9553,2026-06-28T17:00:00Z,classification,"{""cohort"": ""all""}"
mlflow://experiment-1/patient-readmission-risk,precision,0.9416,2026-06-28T17:00:00Z,classification,"{""cohort"": ""all""}"
mlflow://experiment-1/patient-readmission-risk,recall,0.9385,2026-06-28T17:00:00Z,classification,"{""cohort"": ""all""}"
mlflow://experiment-1/patient-readmission-risk,f1_score,0.9392,2026-06-28T17:00:00Z,classification,"{""cohort"": ""all""}"
mlflow://experiment-1/patient-readmission-risk,auc_roc,0.931,2026-06-28T17:00:00Z,classification,"{""cohort"": ""all""}"
mlflow://experiment-1/patient-readmission-risk,accuracy,0.9464,2026-06-30T01:00:00Z,classification,"{""cohort"": ""all""}"
mlflow://experiment-1/patient-readmission-risk,precision,0.9211,2026-06-30T01:00:00Z,classification,"{""cohort"": ""all""}"
mlflow://experiment-1/patient-readmission-risk,recall,0.9429,2026-06-30T01:00:00Z,classification,"{""cohort"": ""all""}"
mlflow://experiment-1/patient-readmission-risk,f1_score,0.9327,2026-06-30T01:00:00Z,classification,"{""cohort"": ""all""}"
mlflow://experiment-1/patient-readmission-risk,auc_roc,0.9411,2026-06-30T01:00:00Z,classification,"{""cohort"": ""all""}"
mlflow://experiment-1/patient-readmission-risk,accuracy,0.9353,2026-06-30T13:00:00Z,classification,"{""cohort"": ""all""}"
mlflow://experiment-1/patient-readmission-risk,precision,0.9445,2026-06-30T13:00:00Z,classification,"{""cohort"": ""all""}"
mlflow://experiment-1/patient-readmission-risk,recall,0.9345,2026-06-30T13:00:00Z,classification,"{""cohort"": ""all""}"
mlflow://experiment-1/patient-readmission-risk,f1_score,0.9445,2026-06-30T13:00:00Z,classification,"{""cohort"": ""all""}"
mlflow://experiment-1/patient-readmission-risk,auc_roc,0.9299,2026-06-30T13:00:00Z,classification,"{""cohort"": ""all""}"
mlflow://experiment-1/patient-readmission-risk,accuracy,0.9487,2026-07-01T21:00:00Z,classification,"{""cohort"": ""all""}"
mlflow://experiment-1/patient-readmission-risk,precision,,2026-07-01T21:00:00Z,classification,"{""cohort"": ""all""}"
mlflow://experiment-1/patient-readmission-risk,recall,0.9425,2026-07-01T21:00:00Z,classification,"{""cohort"": ""all""}"
mlflow://experiment-1/patient-readmission-risk,f1_score,0.9545,2026-07-01T21:00:00Z,classification,"{""cohort"": ""all""}"
mlflow://experiment-1/patient-readmission-risk,auc_roc,NOT_A_NUMBER,2026-07-01T21:00:00Z,classification,"{""cohort"": ""all""}"
mlflow://experiment-1/patient-readmission-risk,accuracy,0.9448,2026-07-02T14:00:00Z,classification,"{""cohort"": ""all""}"
mlflow://experiment-1/patient-readmission-risk,precision,0.9479,2026-07-02T14:00:00Z,classification,"{""cohort"": ""all""}"
mlflow://experiment-1/patient-readmission-risk,recall,0.9383,2026-07-02T14:00:00Z,classification,"{""cohort"": ""all""}"
mlflow://experiment-1/patient-readmission-risk,f1_score,0.9336,2026-07-02T14:00:00Z,classification,"{""cohort"": ""all""}"
mlflow://experiment-1/patient-readmission-risk,auc_roc,0.9322,2026-07-02T14:00:00Z,classification,"{""cohort"": ""all""}"
mlflow://experiment-1/patient-readmission-risk,accuracy,0.9388,2026-07-04T05:00:00Z,classification,"{""cohort"": ""all""}"
mlflow://experiment-1/patient-readmission-risk,precision,0.9421,2026-07-04T05:00:00Z,classification,"{""cohort"": ""all""}"
mlflow://experiment-1/patient-readmission-risk,recall,0.9456,2026-07-04T05:00:00Z,classification,"{""cohort"": ""all""}"
mlflow://experiment-1/patient-readmission-risk,f1_score,0.9346,2026-07-04T05:00:00Z,classification,"{""cohort"": ""all""}"
mlflow://experiment-1/patient-readmission-risk,auc_roc,0.9149,2026-07-04T05:00:00Z,classification,"{""cohort"": ""all""}"
mlflow://experiment-1/patient-readmission-risk,accuracy,0.9261,2026-07-04T13:00:00Z,classification,"{""cohort"": ""all""}"
mlflow://experiment-1/patient-readmission-risk,precision,0.9483,2026-07-04T13:00:00Z,classification,"{""cohort"": ""all""}"
mlflow://experiment-1/patient-readmission-risk,recall,0.9467,2026-07-04T13:00:00Z,classification,"{""cohort"": ""all""}"
mlflow://experiment-1/patient-readmission-risk,f1_score,0.9388,2026-07-04T13:00:00Z,classification,"{""cohort"": ""all""}"
mlflow://experiment-1/patient-readmission-risk,auc_roc,0.9314,2026-07-04T13:00:00Z,classification,"{""cohort"": ""all""}"
mlflow://experiment-1/patient-readmission-risk,accuracy,0.9449,2026-07-06T07:00:00Z,classification,"{""cohort"": ""all""}"
mlflow://experiment-1/patient-readmission-risk,precision,0.9395,2026-07-06T07:00:00Z,classification,"{""cohort"": ""all""}"
mlflow://experiment-1/patient-readmission-risk,recall,0.9452,2026-07-06T07:00:00Z,classification,"{""cohort"": ""all""}"
mlflow://experiment-1/patient-readmission-risk,f1_score,0.9362,2026-07-06T07:00:00Z,classification,"{""cohort"": ""all""}"
mlflow://experiment-1/patient-readmission-risk,auc_roc,0.9503,2026-07-06T07:00:00Z,classification,"{""cohort"": ""all""}"
mlflow://experiment-1/patient-readmission-risk,accuracy,0.9429,2026-07-07T04:00:00Z,classification,"{""cohort"": ""all""}"
mlflow://experiment-1/patient-readmission-risk,precision,0.9511,2026-07-07T04:00:00Z,classification,"{""cohort"": ""all""}"
mlflow://experiment-1/patient-readmission-risk,recall,0.9344,2026-07-07T04:00:00Z,classification,"{""cohort"": ""all""}"
mlflow://experiment-1/patient-readmission-risk,f1_score,0.9369,2026-07-07T04:00:00Z,classification,"{""cohort"": ""all""}"
mlflow://experiment-1/patient-readmission-risk,auc_roc,0.9238,2026-07-07T04:00:00Z,classification,"{""cohort"": ""all""}"
mlflow://experiment-1/patient-readmission-risk,accuracy,0.9435,2026-07-08T09:00:00Z,classification,"{""cohort"": ""all""}"
mlflow://experiment-1/patient-readmission-risk,precision,0.95,2026-07-08T09:00:00Z,classification,"{""cohort"": ""all""}"
mlflow://experiment-1/patient-readmission-risk,recall,0.9614,2026-07-08T09:00:00Z,classification,"{""cohort"": ""all""}"
mlflow://experiment-1/patient-readmission-risk,f1_score,0.9329,2026-07-08T09:00:00Z,classification,"{""cohort"": ""all""}"
mlflow://experiment-1/patient-readmission-risk,auc_roc,0.9294,2026-07-08T09:00:00Z,classification,"{""cohort"": ""all""}"
mlflow://experiment-1/patient-readmission-risk,accuracy,0.9297,2026-07-08T15:00:00Z,classification,"{""cohort"": ""all""}"
mlflow://experiment-1/patient-readmission-risk,precision,0.9384,2026-07-08T15:00:00Z,classification,"{""cohort"": ""all""}"
mlflow://experiment-1/patient-readmission-risk,recall,0.9317,2026-07-08T15:00:00Z,classification,"{""cohort"": ""all""}"
mlflow://experiment-1/patient-readmission-risk,f1_score,0.9363,2026-07-08T15:00:00Z,classification,"{""cohort"": ""all""}"
mlflow://experiment-1/patient-readmission-risk,auc_roc,0.9495,2026-07-08T15:00:00Z,classification,"{""cohort"": ""all""}"
mlflow://experiment-1/patient-readmission-risk,accuracy,0.9359,2026-07-10T00:00:00Z,classification,"{""cohort"": ""all""}"
mlflow://experiment-1/patient-readmission-risk,precision,0.928,2026-07-10T00:00:00Z,classification,"{""cohort"": ""all""}"
mlflow://experiment-1/patient-readmission-risk,recall,0.9453,2026-07-10T00:00:00Z,classification,"{""cohort"": ""all""}"
mlflow://experiment-1/patient-readmission-risk,f1_score,0.9538,2026-07-10T00:00:00Z,classification,"{""cohort"": ""all""}"
mlflow://experiment-1/patient-readmission-risk,auc_roc,0.928,2026-07-10T00:00:00Z,classification,"{""cohort"": ""all""}"
mlflow://experiment-1/patient-readmission-risk,accuracy,0.9514,2026-07-10T17:00:00Z,classification,"{""cohort"": ""all""}"
mlflow://experiment-1/patient-readmission-risk,precision,0.9337,2026-07-10T17:00:00Z,classification,"{""cohort"": ""all""}"
mlflow://experiment-1/patient-readmission-risk,recall,0.9344,2026-07-10T17:00:00Z,classification,"{""cohort"": ""all""}"
mlflow://experiment-1/patient-readmission-risk,f1_score,0.9397,2026-07-10T17:00:00Z,classification,"{""cohort"": ""all""}"
mlflow://experiment-1/patient-readmission-risk,auc_roc,0.9399,2026-07-10T17:00:00Z,classification,"{""cohort"": ""all""}"
mlflow://experiment-1/patient-readmission-risk,accuracy,0.9443,2026-07-11T21:00:00Z,classification,"{""cohort"": ""all""}"
mlflow://experiment-1/patient-readmission-risk,precision,0.957,2026-07-11T21:00:00Z,classification,"{""cohort"": ""all""}"
mlflow://experiment-1/patient-readmission-risk,recall,0.9331,2026-07-11T21:00:00Z,classification,"{""cohort"": ""all""}"
mlflow://experiment-1/patient-readmission-risk,f1_score,0.9345,2026-07-11T21:00:00Z,classification,"{""cohort"": ""all""}"
mlflow://experiment-1/patient-readmission-risk,auc_roc,0.926,2026-07-11T21:00:00Z,classification,"{""cohort"": ""all""}"
mlflow://experiment-1/patient-readmission-risk,accuracy,0.9454,2026-07-13T04:00:00Z,classification,"{""cohort"": ""all""}"
mlflow://experiment-1/patient-readmission-risk,precision,0.9188,2026-07-13T04:00:00Z,classification,"{""cohort"": ""all""}"
mlflow://experiment-1/patient-readmission-risk,recall,0.9436,2026-07-13T04:00:00Z,classification,"{""cohort"": ""all""}"
mlflow://experiment-1/patient-readmission-risk,f1_score,0.9417,2026-07-13T04:00:00Z,classification,"{""cohort"": ""all""}"
mlflow://experiment-1/patient-readmission-risk,auc_roc,0.9342,2026-07-13T04:00:00Z,classification,"{""cohort"": ""all""}"
mlflow://experiment-1/patient-readmission-risk,accuracy,0.9369,2026-07-13T14:00:00Z,classification,"{""cohort"": ""all""}"
mlflow://experiment-1/patient-readmission-risk,precision,0.9544,2026-07-13T14:00:00Z,classification,"{""cohort"": ""all""}"
mlflow://experiment-1/patient-readmission-risk,recall,0.9368,2026-07-13T14:00:00Z,classification,"{""cohort"": ""all""}"
mlflow://experiment-1/patient-readmission-risk,f1_score,0.937,2026-07-13T14:00:00Z,classification,"{""cohort"": ""all""}"
mlflow://experiment-1/patient-readmission-risk,auc_roc,0.947,2026-07-13T14:00:00Z,classification,"{""cohort"": ""all""}"
mlflow://experiment-1/patient-readmission-risk,accuracy,0.9378,2026-07-14T21:00:00Z,classification,"{""cohort"": ""all""}"
mlflow://experiment-1/patient-readmission-risk,precision,0.9411,2026-07-14T21:00:00Z,classification,"{""cohort"": ""all""}"
mlflow://experiment-1/patient-readmission-risk,recall,0.9466,2026-07-14T21:00:00Z,classification,"{""cohort"": ""all""}"
mlflow://experiment-1/patient-readmission-risk,f1_score,0.9474,2026-07-14T21:00:00Z,classification,"{""cohort"": ""all""}"
mlflow://experiment-1/patient-readmission-risk,auc_roc,0.9411,2026-07-14T21:00:00Z,classification,"{""cohort"": ""all""}"
mlflow://experiment-1/patient-readmission-risk,accuracy,0.9269,2026-07-16T03:00:00Z,classification,"{""cohort"": ""all""}"
mlflow://experiment-1/patient-readmission-risk,precision,0.929,2026-07-16T03:00:00Z,classification,"{""cohort"": ""all""}"
mlflow://experiment-1/patient-readmission-risk,recall,0.92,2026-07-16T03:00:00Z,classification,"{""cohort"": ""all""}"
mlflow://experiment-1/patient-readmission-risk,f1_score,0.9458,2026-07-16T03:00:00Z,classification,"{""cohort"": ""all""}"
mlflow://experiment-1/patient-readmission-risk,auc_roc,0.9258,2026-07-16T03:00:00Z,classification,"{""cohort"": ""all""}"
mlflow://experiment-1/patient-readmission-risk,accuracy,0.9327,2026-07-17T00:00:00Z,classification,"{""cohort"": ""all""}"
mlflow://experiment-1/patient-readmission-risk,precision,0.9325,2026-07-17T00:00:00Z,classification,"{""cohort"": ""all""}"
mlflow://experiment-1/patient-readmission-risk,recall,0.9403,2026-07-17T00:00:00Z,classification,"{""cohort"": ""all""}"
mlflow://experiment-1/patient-readmission-risk,f1_score,0.9394,2026-07-17T00:00:00Z,classification,"{""cohort"": ""all""}"
mlflow://experiment-1/patient-readmission-risk,auc_roc,0.9391,2026-07-17T00:00:00Z,classification,"{""cohort"": ""all""}"
mlflow://experiment-1/patient-readmission-risk,accuracy,0.9412,2026-07-17T15:00:00Z,classification,"{""cohort"": ""all""}"
mlflow://experiment-1/patient-readmission-risk,precision,0.9331,2026-07-17T15:00:00Z,classification,"{""cohort"": ""all""}"
mlflow://experiment-1/patient-readmission-risk,recall,0.9451,2026-07-17T15:00:00Z,classification,"{""cohort"": ""all""}"
mlflow://experiment-1/patient-readmission-risk,f1_score,0.9255,2026-07-17T15:00:00Z,classification,"{""cohort"": ""all""}"
mlflow://experiment-1/patient-readmission-risk,auc_roc,0.9275,2026-07-17T15:00:00Z,classification,"{""cohort"": ""all""}"
mlflow://experiment-1/patient-readmission-risk,accuracy,0.9428,2026-07-18T15:00:00Z,classification,"{""cohort"": ""all""}"
mlflow://experiment-1/patient-readmission-risk,precision,0.9227,2026-07-18T15:00:00Z,classification,"{""cohort"": ""all""}"
mlflow://experiment-1/patient-readmission-risk,recall,0.9449,2026-07-18T15:00:00Z,classification,"{""cohort"": ""all""}"
mlflow://experiment-1/patient-readmission-risk,f1_score,0.9253,2026-07-18T15:00:00Z,classification,"{""cohort"": ""all""}"
mlflow://experiment-1/patient-readmission-risk,auc_roc,0.9142,2026-07-18T15:00:00Z,classification,"{""cohort"": ""all""}"
mlflow://experiment-1/patient-readmission-risk,accuracy,0.9331,2026-07-20T07:00:00Z,classification,"{""cohort"": ""all""}"
mlflow://experiment-1/patient-readmission-risk,precision,0.9553,2026-07-20T07:00:00Z,classification,"{""cohort"": ""all""}"
mlflow://experiment-1/patient-readmission-risk,recall,0.9228,2026-07-20T07:00:00Z,classification,"{""cohort"": ""all""}"
mlflow://experiment-1/patient-readmission-risk,f1_score,0.9465,2026-07-20T07:00:00Z,classification,"{""cohort"": ""all""}"
mlflow://experiment-1/patient-readmission-risk,auc_roc,0.9482,2026-07-20T07:00:00Z,classification,"{""cohort"": ""all""}"
mlflow://experiment-1/patient-readmission-risk,accuracy,0.9334,2026-07-21T05:00:00Z,classification,"{""cohort"": ""all""}"
mlflow://experiment-1/patient-readmission-risk,precision,0.9344,2026-07-21T05:00:00Z,classification,"{""cohort"": ""all""}"
mlflow://experiment-1/patient-readmission-risk,recall,0.942,2026-07-21T05:00:00Z,classification,"{""cohort"": ""all""}"
mlflow://experiment-1/patient-readmission-risk,f1_score,0.947,2026-07-21T05:00:00Z,classification,"{""cohort"": ""all""}"
mlflow://experiment-1/patient-readmission-risk,auc_roc,0.9316,2026-07-21T05:00:00Z,classification,"{""cohort"": ""all""}"
mlflow://experiment-1/patient-readmission-risk,accuracy,0.9443,2026-07-21T19:00:00Z,classification,"{""cohort"": ""all""}"
mlflow://experiment-1/patient-readmission-risk,precision,0.9332,2026-07-21T19:00:00Z,classification,"{""cohort"": ""all""}"
mlflow://experiment-1/patient-readmission-risk,recall,0.942,2026-07-21T19:00:00Z,classification,"{""cohort"": ""all""}"
mlflow://experiment-1/patient-readmission-risk,f1_score,0.9287,2026-07-21T19:00:00Z,classification,"{""cohort"": ""all""}"
mlflow://experiment-1/patient-readmission-risk,auc_roc,0.9407,2026-07-21T19:00:00Z,classification,"{""cohort"": ""all""}"
mlflow://experiment-1/patient-readmission-risk,accuracy,0.9507,2026-07-23T10:00:00Z,classification,"{""cohort"": ""all""}"
mlflow://experiment-1/patient-readmission-risk,precision,0.9382,2026-07-23T10:00:00Z,classification,"{""cohort"": ""all""}"
mlflow://experiment-1/patient-readmission-risk,f1_score,0.9347,2026-07-23T10:00:00Z,classification,"{""cohort"": ""all""}"
mlflow://experiment-1/patient-readmission-risk,recall,0.9478,2026-07-23T10:00:00Z,classification,"{""cohort"": ""all""}"
mlflow://experiment-1/patient-readmission-risk,auc_roc,0.9513,2026-07-23T10:00:00Z,classification,"{""cohort"": ""all""}"
mlflow://experiment-1/patient-readmission-risk,accuracy,0.9457,2026-07-23T16:00:00Z,classification,"{""cohort"": ""all""}"
mlflow://experiment-1/patient-readmission-risk,precision,0.948,2026-07-23T16:00:00Z,classification,"{""cohort"": ""all""}"
mlflow://experiment-1/patient-readmission-risk,recall,0.944,2026-07-23T16:00:00Z,classification,"{""cohort"": ""all""}"
mlflow://experiment-1/patient-readmission-risk,f1_score,0.9457,2026-07-23T16:00:00Z,classification,"{""cohort"": ""all""}"
mlflow://experiment-1/patient-readmission-risk,auc_roc,0.9323,2026-07-23T16:00:00Z,classification,"{""cohort"": ""all""}"
mlflow://experiment-1/patient-readmission-risk,accuracy,0.9446,2026-07-25T02:00:00Z,classification,"{""cohort"": ""all""}"
mlflow://experiment-1/patient-readmission-risk,precision,0.9341,2026-07-25T02:00:00Z,classification,"{""cohort"": ""all""}"
mlflow://experiment-1/patient-readmission-risk,recall,0.9434,2026-07-25T02:00:00Z,classification,"{""cohort"": ""all""}"
mlflow://experiment-1/patient-readmission-risk,f1_score,0.921,2026-07-25T02:00:00Z,classification,"{""cohort"": ""all""}"
mlflow://experiment-1/patient-readmission-risk,auc_roc,0.9504,2026-07-25T02:00:00Z,classification,"{""cohort"": ""all""}"
mlflow://experiment-1/patient-readmission-risk,accuracy,0.9419,2026-07-26T06:00:00Z,classification,"{""cohort"": ""all""}"
mlflow://experiment-1/patient-readmission-risk,precision,0.9393,2026-07-26T06:00:00Z,classification,"{""cohort"": ""all""}"
mlflow://experiment-1/patient-readmission-risk,recall,0.9496,2026-07-26T06:00:00Z,classification,"{""cohort"": ""all""}"
mlflow://experiment-1/patient-readmission-risk,f1_score,0.9311,2026-07-26T06:00:00Z,classification,"{""cohort"": ""all""}"
mlflow://experiment-1/patient-readmission-risk,auc_roc,0.9163,2026-07-26T06:00:00Z,classification,"{""cohort"": ""all""}"
mlflow://experiment-1/patient-readmission-risk,accuracy,0.9434,2026-07-26T21:00:00Z,classification,"{""cohort"": ""all""}"
mlflow://experiment-1/patient-readmission-risk,precision,0.9404,2026-07-26T21:00:00Z,classification,"{""cohort"": ""all""}"
mlflow://experiment-1/patient-readmission-risk,recall,0.9204,2026-07-26T21:00:00Z,classification,"{""cohort"": ""all""}"
mlflow://experiment-1/patient-readmission-risk,f1_score,0.95,2026-07-26T21:00:00Z,classification,"{""cohort"": ""all""}"
mlflow://experiment-1/patient-readmission-risk,auc_roc,0.937,2026-07-26T21:00:00Z,classification,"{""cohort"": ""all""}"
mlflow://experiment-1/patient-readmission-risk,accuracy,0.9383,2026-07-28T11:00:00Z,classification,"{""cohort"": ""all""}"
mlflow://experiment-1/patient-readmission-risk,precision,0.9221,2026-07-28T11:00:00Z,classification,"{""cohort"": ""all""}"
mlflow://experiment-1/patient-readmission-risk,recall,0.9493,2026-07-28T11:00:00Z,classification,"{""cohort"": ""all""}"
mlflow://experiment-1/patient-readmission-risk,f1_score,0.9331,2026-07-28T11:00:00Z,classification,"{""cohort"": ""all""}"
mlflow://experiment-1/patient-readmission-risk,auc_roc,0.9383,2026-07-28T11:00:00Z,classification,"{""cohort"": ""all""}"
mlflow://experiment-1/patient-readmission-risk,accuracy,0.9514,2026-07-29T00:00:00Z,classification,"{""cohort"": ""all""}"
mlflow://experiment-1/patient-readmission-risk,precision,0.9322,2026-07-29T00:00:00Z,classification,"{""cohort"": ""all""}"
mlflow://experiment-1/patient-readmission-risk,recall,0.9529,2026-07-29T00:00:00Z,classification,"{""cohort"": ""all""}"
mlflow://experiment-1/patient-readmission-risk,f1_score,0.935,2026-07-29T00:00:00Z,classification,"{""cohort"": ""all""}"
mlflow://experiment-1/patient-readmission-risk,auc_roc,0.9434,2026-07-29T00:00:00Z,classification,"{""cohort"": ""all""}"
mlflow://experiment-1/patient-readmission-risk,accuracy,0.9646,2026-07-30T02:00:00Z,classification,"{""cohort"": ""all""}"
mlflow://experiment-1/patient-readmission-risk,precision,0.9264,2026-07-30T02:00:00Z,classification,"{""cohort"": ""all""}"
mlflow://experiment-1/patient-readmission-risk,recall,0.9187,2026-07-30T02:00:00Z,classification,"{""cohort"": ""all""}"
mlflow://experiment-1/patient-readmission-risk,f1_score,0.9354,2026-07-30T02:00:00Z,classification,"{""cohort"": ""all""}"
mlflow://experiment-1/patient-readmission-risk,auc_roc,NOT_A_NUMBER,2026-07-30T02:00:00Z,classification,"{""cohort"": ""all""}"
mlflow://experiment-1/patient-readmission-risk,accuracy,0.9319,2026-07-30T14:00:00Z,classification,"{""cohort"": ""all""}"
mlflow://experiment-1/patient-readmission-risk,precision,0.9366,2026-07-30T14:00:00Z,classification,"{""cohort"": ""all""}"
mlflow://experiment-1/patient-readmission-risk,recall,0.9358,2026-07-30T14:00:00Z,classification,"{""cohort"": ""all""}"
mlflow://experiment-1/patient-readmission-risk,f1_score,0.9369,2026-07-30T14:00:00Z,classification,"{""cohort"": ""all""}"
mlflow://experiment-1/patient-readmission-risk,auc_roc,0.9408,2026-07-30T14:00:00Z,classification,"{""cohort"": ""all""}"
mlflow://experiment-2/adverse-drug-event-detector,accuracy,0.9123,2026-05-03T00:00:00Z,classification,"{""cohort"": ""all""}"
mlflow://experiment-2/adverse-drug-event-detector,precision,0.9346,2026-05-03T00:00:00Z,classification,"{""cohort"": ""all""}"
mlflow://experiment-2/adverse-drug-event-detector,recall,0.9039,2026-05-03T00:00:00Z,classification,"{""cohort"": ""all""}"
mlflow://experiment-2/adverse-drug-event-detector,f1_score,0.9463,2026-05-03T00:00:00Z,classification,"{""cohort"": ""all""}"
mlflow://experiment-2/adverse-drug-event-detector,auc_roc,0.9135,2026-05-03T00:00:00Z,classification,"{""cohort"": ""all""}"
mlflow://experiment-2/adverse-drug-event-detector,accuracy,0.9553,2026-05-04T01:00:00Z,classification,"{""cohort"": ""all""}"
mlflow://experiment-2/adverse-drug-event-detector,precision,0.9189,2026-05-04T01:00:00Z,classification,"{""cohort"": ""all""}"
mlflow://experiment-2/adverse-drug-event-detector,recall,0.9252,2026-05-04T01:00:00Z,classification,"{""cohort"": ""all""}"
mlflow://experiment-2/adverse-drug-event-detector,f1_score,0.9375,2026-05-04T01:00:00Z,classification,"{""cohort"": ""all""}"
mlflow://experiment-2/adverse-drug-event-detector,auc_roc,0.9213,2026-05-04T01:00:00Z,classification,"{""cohort"": ""all""}"
mlflow://experiment-2/adverse-drug-event-detector,accuracy,0.9189,2026-05-04T23:00:00Z,classification,"{""cohort"": ""all""}"
mlflow://experiment-2/adverse-drug-event-detector,precision,0.9236,2026-05-04T23:00:00Z,classification,"{""cohort"": ""all""}"
mlflow://experiment-2/adverse-drug-event-detector,recall,0.9221,2026-05-04T23:00:00Z,classification,"{""cohort"": ""all""}"
mlflow://experiment-2/adverse-drug-event-detector,f1_score,0.9169,2026-05-04T23:00:00Z,classification,"{""cohort"": ""all""}"
mlflow://experiment-2/adverse-drug-event-detector,auc_roc,0.9291,2026-05-04T23:00:00Z,classification,"{""cohort"": ""all""}"
mlflow://experiment-2/adverse-drug-event-detector,accuracy,0.9192,2026-05-05T12:00:00Z,classification,"{""cohort"": ""all""}"
mlflow://experiment-2/adverse-drug-event-detector,precision,0.909,2026-05-05T12:00:00Z,classification,"{""cohort"": ""all""}"
mlflow://experiment-2/adverse-drug-event-detector,recall,0.9094,2026-05-05T12:00:00Z,classification,"{""cohort"": ""all""}"
mlflow://experiment-2/adverse-drug-event-detector,f1_score,0.9097,2026-05-05T12:00:00Z,classification,"{""cohort"": ""all""}"
mlflow://experiment-2/adverse-drug-event-detector,auc_roc,0.9182,2026-05-05T12:00:00Z,classification,"{""cohort"": ""all""}"
mlflow://experiment-2/adverse-drug-event-detector,accuracy,0.9047,2026-05-06T18:00:00Z,classification,"{""cohort"": ""all""}"
mlflow://experiment-2/adverse-drug-event-detector,precision,0.9185,2026-05-06T18:00:00Z,classification,"{""cohort"": ""all""}"
mlflow://experiment-2/adverse-drug-event-detector,recall,0.9021,2026-05-06T18:00:00Z,classification,"{""cohort"": ""all""}"
mlflow://experiment-2/adverse-drug-event-detector,f1_score,0.931,2026-05-06T18:00:00Z,classification,"{""cohort"": ""all""}"
mlflow://experiment-2/adverse-drug-event-detector,auc_roc,0.9393,2026-05-06T18:00:00Z,classification,"{""cohort"": ""all""}"
mlflow://experiment-2/adverse-drug-event-detector,accuracy,0.9096,2026-05-07T17:00:00Z,classification,"{""cohort"": ""all""}"
mlflow://experiment-2/adverse-drug-event-detector,precision,0.922,2026-05-07T17:00:00Z,classification,"{""cohort"": ""all""}"
mlflow://experiment-2/adverse-drug-event-detector,recall,0.9134,2026-05-07T17:00:00Z,classification,"{""cohort"": ""all""}"
mlflow://experiment-2/adverse-drug-event-detector,f1_score,0.9278,2026-05-07T17:00:00Z,classification,"{""cohort"": ""all""}"
mlflow://experiment-2/adverse-drug-event-detector,auc_roc,0.9171,2026-05-07T17:00:00Z,classification,"{""cohort"": ""all""}"
mlflow://experiment-2/adverse-drug-event-detector,accuracy,0.9262,2026-05-09T09:00:00Z,classification,"{""cohort"": ""all""}"
mlflow://experiment-2/adverse-drug-event-detector,precision,0.9061,2026-05-09T09:00:00Z,classification,"{""cohort"": ""all""}"
mlflow://experiment-2/adverse-drug-event-detector,recall,0.9233,2026-05-09T09:00:00Z,classification,"{""cohort"": ""all""}"
mlflow://experiment-2/adverse-drug-event-detector,f1_score,0.9104,2026-05-09T09:00:00Z,classification,"{""cohort"": ""all""}"
mlflow://experiment-2/adverse-drug-event-detector,auc_roc,0.8903,2026-05-09T09:00:00Z,classification,"{""cohort"": ""all""}"
mlflow://experiment-2/adverse-drug-event-detector,accuracy,0.8975,2026-05-09T19:00:00Z,classification,"{""cohort"": ""all""}"
mlflow://experiment-2/adverse-drug-event-detector,precision,0.9337,2026-05-09T19:00:00Z,classification,"{""cohort"": ""all""}"
mlflow://experiment-2/adverse-drug-event-detector,recall,0.9284,2026-05-09T19:00:00Z,classification,"{""cohort"": ""all""}"
mlflow://experiment-2/adverse-drug-event-detector,auc_roc,0.8966,2026-05-09T19:00:00Z,classification,"{""cohort"": ""all""}"
mlflow://experiment-2/adverse-drug-event-detector,f1_score,0.925,2026-05-09T19:00:00Z,classification,"{""cohort"": ""all""}"
mlflow://experiment-2/adverse-drug-event-detector,accuracy,0.9175,2026-05-10T15:00:00Z,classification,"{""cohort"": ""all""}"
mlflow://experiment-2/adverse-drug-event-detector,precision,0.8934,2026-05-10T07:00:00Z,classification,"{""cohort"": ""all""}"
mlflow://experiment-2/adverse-drug-event-detector,recall,0.9299,2026-05-10T15:00:00Z,classification,"{""cohort"": ""all""}"
mlflow://experiment-2/adverse-drug-event-detector,f1_score,0.9167,2026-05-10T15:00:00Z,classification,"{""cohort"": ""all""}"
mlflow://experiment-2/adverse-drug-event-detector,auc_roc,0.909,2026-05-10T15:00:00Z,classification,"{""cohort"": ""all""}"
mlflow://experiment-2/adverse-drug-event-detector,accuracy,0.9062,2026-05-12T08:00:00Z,classification,"{""cohort"": ""all""}"
mlflow://experiment-2/adverse-drug-event-detector,precision,0.8952,2026-05-12T08:00:00Z,classification,"{""cohort"": ""all""}"
mlflow://experiment-2/adverse-drug-event-detector,recall,0.9355,2026-05-12T08:00:00Z,classification,"{""cohort"": ""all""}"
mlflow://experiment-2/adverse-drug-event-detector,f1_score,0.9141,2026-05-12T08:00:00Z,classification,"{""cohort"": ""all""}"
mlflow://experiment-2/adverse-drug-event-detector,auc_roc,0.9046,2026-05-12T08:00:00Z,classification,"{""cohort"": ""all""}"
mlflow://experiment-2/adverse-drug-event-detector,accuracy,0.8914,2026-05-12T23:00:00Z,classification,"{""cohort"": ""all""}"
mlflow://experiment-2/adverse-drug-event-detector,precision,0.8888,2026-05-12T23:00:00Z,classification,"{""cohort"": ""all""}"
mlflow://experiment-2/adverse-drug-event-detector,recall,0.9057,2026-05-12T23:00:00Z,classification,"{""cohort"": ""all""}"
mlflow://experiment-2/adverse-drug-event-detector,f1_score,0.8945,2026-05-12T23:00:00Z,classification,"{""cohort"": ""all""}"
mlflow://experiment-2/adverse-drug-event-detector,auc_roc,0.906,2026-05-12T23:00:00Z,classification,"{""cohort"": ""all""}"
mlflow://experiment-2/adverse-drug-event-detector,accuracy,0.8703,2026-05-13T20:00:00Z,classification,"{""cohort"": ""all""}"
mlflow://experiment-2/adverse-drug-event-detector,precision,0.8839,2026-05-13T20:00:00Z,classification,"{""cohort"": ""all""}"
mlflow://experiment-2/adverse-drug-event-detector,recall,0.8866,2026-05-13T20:00:00Z,classification,"{""cohort"": ""all""}"
mlflow://experiment-2/adverse-drug-event-detector,f1_score,0.9116,2026-05-13T20:00:00Z,classification,"{""cohort"": ""all""}"
mlflow://experiment-2/adverse-drug-event-detector,auc_roc,0.8924,2026-05-13T20:00:00Z,classification,"{""cohort"": ""all""}"
mlflow://experiment-2/adverse-drug-event-detector,accuracy,0.8969,2026-05-15T11:00:00Z,classification,"{""cohort"": ""all""}"
mlflow://experiment-2/adverse-drug-event-detector,precision,0.9007,2026-05-15T11:00:00Z,classification,"{""cohort"": ""all""}"
mlflow://experiment-2/adverse-drug-event-detector,recall,0.909,2026-05-15T03:00:00Z,classification,"{""cohort"": ""all""}"
mlflow://experiment-2/adverse-drug-event-detector,f1_score,0.943,2026-05-15T11:00:00Z,classification,"{""cohort"": ""all""}"
mlflow://experiment-2/adverse-drug-event-detector,auc_roc,0.905,2026-05-15T11:00:00Z,classification,"{""cohort"": ""all""}"
mlflow://experiment-2/adverse-drug-event-detector,accuracy,0.9232,2026-05-16T02:00:00Z,classification,"{""cohort"": ""all""}"
mlflow://experiment-2/adverse-drug-event-detector,precision,0.8868,2026-05-16T02:00:00Z,classification,"{""cohort"": ""all""}"
mlflow://experiment-2/adverse-drug-event-detector,recall,0.8975,2026-05-16T02:00:00Z,classification,"{""cohort"": ""all""}"
mlflow://experiment-2/adverse-drug-event-detector,f1_score,0.898,2026-05-16T02:00:00Z,classification,"{""cohort"": ""all""}"
mlflow://experiment-2/adverse-drug-event-detector,auc_roc,0.922,2026-05-16T02:00:00Z,classification,"{""cohort"": ""all""}"
mlflow://experiment-2/adverse-drug-event-detector,accuracy,0.9103,2026-05-16T22:00:00Z,classification,"{""cohort"": ""all""}"
mlflow://experiment-2/adverse-drug-event-detector,precision,0.9154,2026-05-16T22:00:00Z,classification,"{""cohort"": ""all""}"
mlflow://experiment-2/adverse-drug-event-detector,recall,0.9101,2026-05-16T22:00:00Z,classification,"{""cohort"": ""all""}"
mlflow://experiment-2/adverse-drug-event-detector,f1_score,0.8929,2026-05-16T22:00:00Z,classification,"{""cohort"": ""all""}"
mlflow://experiment-2/adverse-drug-event-detector,auc_roc,0.923,2026-05-16T22:00:00Z,classification,"{""cohort"": ""all""}"
mlflow://experiment-2/adverse-drug-event-detector,accuracy,0.8891,2026-05-17T20:00:00Z,classification,"{""cohort"": ""all""}"
mlflow://experiment-2/adverse-drug-event-detector,precision,0.888,2026-05-17T20:00:00Z,classification,"{""cohort"": ""all""}"
mlflow://experiment-2/adverse-drug-event-detector,recall,0.8988,2026-05-17T20:00:00Z,classification,"{""cohort"": ""all""}"
mlflow://experiment-2/adverse-drug-event-detector,f1_score,0.909,2026-05-17T20:00:00Z,classification,"{""cohort"": ""all""}"
mlflow://experiment-2/adverse-drug-event-detector,auc_roc,0.9154,2026-05-17T20:00:00Z,classification,"{""cohort"": ""all""}"
mlflow://experiment-2/adverse-drug-event-detector,accuracy,0.8788,2026-05-19T01:00:00Z,classification,"{""cohort"": ""all""}"
mlflow://experiment-2/adverse-drug-event-detector,precision,0.9058,2026-05-19T01:00:00Z,classification,"{""cohort"": ""all""}"
mlflow://experiment-2/adverse-drug-event-detector,recall,0.8961,2026-05-19T01:00:00Z,classification,"{""cohort"": ""all""}"
mlflow://experiment-2/adverse-drug-event-detector,f1_score,0.8839,2026-05-19T01:00:00Z,classification,"{""cohort"": ""all""}"
mlflow://experiment-2/adverse-drug-event-detector,auc_roc,0.8774,2026-05-19T01:00:00Z,classification,"{""cohort"": ""all""}"
mlflow://experiment-2/adverse-drug-event-detector,accuracy,0.9045,2026-05-19T14:00:00Z,classification,"{""cohort"": ""all""}"
mlflow://experiment-2/adverse-drug-event-detector,precision,0.8988,2026-05-19T14:00:00Z,classification,"{""cohort"": ""all""}"
mlflow://experiment-2/adverse-drug-event-detector,recall,0.9177,2026-05-19T14:00:00Z,classification,"{""cohort"": ""all""}"
mlflow://experiment-2/adverse-drug-event-detector,f1_score,0.9039,2026-05-19T14:00:00Z,classification,"{""cohort"": ""all""}"
mlflow://experiment-2/adverse-drug-event-detector,auc_roc,0.9251,2026-05-19T14:00:00Z,classification,"{""cohort"": ""all""}"
mlflow://experiment-2/adverse-drug-event-detector,accuracy,0.8838,2026-05-20T23:00:00Z,classification,"{""cohort"": ""all""}"
mlflow://experiment-2/adverse-drug-event-detector,precision,0.9051,2026-05-20T23:00:00Z,classification,"{""cohort"": ""all""}"
mlflow://experiment-2/adverse-drug-event-detector,recall,0.8798,2026-05-20T23:00:00Z,classification,"{""cohort"": ""all""}"
mlflow://experiment-2/adverse-drug-event-detector,f1_score,0.9132,2026-05-20T23:00:00Z,classification,"{""cohort"": ""all""}"
mlflow://experiment-2/adverse-drug-event-detector,auc_roc,0.8906,2026-05-20T23:00:00Z,classification,"{""cohort"": ""all""}"
mlflow://experiment-2/adverse-drug-event-detector,accuracy,0.9214,2026-05-21T20:00:00Z,classification,"{""cohort"": ""all""}"
mlflow://experiment-2/adverse-drug-event-detector,precision,0.8972,2026-05-21T20:00:00Z,classification,"{""cohort"": ""all""}"
mlflow://experiment-2/adverse-drug-event-detector,recall,0.9112,2026-05-21T20:00:00Z,classification,"{""cohort"": ""all""}"
mlflow://experiment-2/adverse-drug-event-detector,f1_score,0.8987,2026-05-21T20:00:00Z,classification,"{""cohort"": ""all""}"
mlflow://experiment-2/adverse-drug-event-detector,auc_roc,0.8882,2026-05-21T20:00:00Z,classification,"{""cohort"": ""all""}"
mlflow://experiment-2/adverse-drug-event-detector,accuracy,0.8752,2026-05-23T11:00:00Z,classification,"{""cohort"": ""all""}"
mlflow://experiment-2/adverse-drug-event-detector,precision,0.8943,2026-05-23T11:00:00Z,classification,"{""cohort"": ""all""}"
mlflow://experiment-2/adverse-drug-event-detector,recall,0.9042,2026-05-23T11:00:00Z,classification,"{""cohort"": ""all""}"
mlflow://experiment-2/adverse-drug-event-detector,f1_score,0.9096,2026-05-23T11:00:00Z,classification,"{""cohort"": ""all""}"
mlflow://experiment-2/adverse-drug-event-detector,auc_roc,0.876,2026-05-23T11:00:00Z,classification,"{""cohort"": ""all""}"
mlflow://experiment-2/adverse-drug-event-detector,accuracy,0.9014,2026-05-24T04:00:00Z,classification,"{""cohort"": ""all""}"
mlflow://experiment-2/adverse-drug-event-detector,precision,0.8645,2026-05-24T04:00:00Z,classification,"{""cohort"": ""all""}"
mlflow://experiment-2/adverse-drug-event-detector,recall,0.8749,2026-05-24T04:00:00Z,classification,"{""cohort"": ""all""}"
mlflow://experiment-2/adverse-drug-event-detector,f1_score,0.9052,2026-05-24T04:00:00Z,classification,"{""cohort"": ""all""}"
mlflow://experiment-2/adverse-drug-event-detector,auc_roc,0.8881,2026-05-24T04:00:00Z,classification,"{""cohort"": ""all""}"
mlflow://experiment-2/adverse-drug-event-detector,accuracy,0.8991,2026-05-24T23:00:00Z,classification,"{""cohort"": ""all""}"
mlflow://experiment-2/adverse-drug-event-detector,precision,0.9003,2026-05-24T23:00:00Z,classification,"{""cohort"": ""all""}"
mlflow://experiment-2/adverse-drug-event-detector,recall,0.8863,2026-05-24T23:00:00Z,classification,"{""cohort"": ""all""}"
mlflow://experiment-2/adverse-drug-event-detector,f1_score,0.8954,2026-05-24T15:00:00Z,classification,"{""cohort"": ""all""}"
mlflow://experiment-2/adverse-drug-event-detector,auc_roc,0.9168,2026-05-24T23:00:00Z,classification,"{""cohort"": ""all""}"
mlflow://experiment-2/adverse-drug-event-detector,accuracy,0.8939,2026-05-26T10:00:00Z,classification,"{""cohort"": ""all""}"
mlflow://experiment-2/adverse-drug-event-detector,precision,0.9171,2026-05-26T10:00:00Z,classification,"{""cohort"": ""all""}"
mlflow://experiment-2/adverse-drug-event-detector,recall,0.8896,2026-05-26T10:00:00Z,classification,"{""cohort"": ""all""}"
mlflow://experiment-2/adverse-drug-event-detector,f1_score,0.8971,2026-05-26T10:00:00Z,classification,"{""cohort"": ""all""}"
mlflow://experiment-2/adverse-drug-event-detector,auc_roc,0.89,2026-05-26T10:00:00Z,classification,"{""cohort"": ""all""}"
mlflow://experiment-2/adverse-drug-event-detector,accuracy,0.8809,2026-05-26T12:00:00Z,classification,"{""cohort"": ""all""}"
mlflow://experiment-2/adverse-drug-event-detector,precision,0.8884,2026-05-26T12:00:00Z,classification,"{""cohort"": ""all""}"
mlflow://experiment-2/adverse-drug-event-detector,recall,0.8871,2026-05-26T12:00:00Z,classification,"{""cohort"": ""all""}"
mlflow://experiment-2/adverse-drug-event-detector,f1_score,0.8995,2026-05-26T12:00:00Z,classification,"{""cohort"": ""all""}"
mlflow://experiment-2/adverse-drug-event-detector,auc_roc,0.9299,2026-05-26T12:00:00Z,classification,"{""cohort"": ""all""}"
mlflow://experiment-2/adverse-drug-event-detector,accuracy,0.9063,2026-05-28T03:00:00Z,classification,"{""cohort"": ""all""}"
mlflow://experiment-2/adverse-drug-event-detector,precision,0.8992,2026-05-28T03:00:00Z,classification,"{""cohort"": ""all""}"
mlflow://experiment-2/adverse-drug-event-detector,recall,0.8986,2026-05-28T03:00:00Z,classification,"{""cohort"": ""all""}"
mlflow://experiment-2/adverse-drug-event-detector,f1_score,0.8753,2026-05-28T03:00:00Z,classification,"{""cohort"": ""all""}"
mlflow://experiment-2/adverse-drug-event-detector,auc_roc,0.896,2026-05-28T03:00:00Z,classification,"{""cohort"": ""all""}"
mlflow://experiment-2/adverse-drug-event-detector,accuracy,0.902,2026-05-29T09:00:00Z,classification,"{""cohort"": ""all""}"
mlflow://experiment-2/adverse-drug-event-detector,precision,0.8968,2026-05-29T09:00:00Z,classification,"{""cohort"": ""all""}"
mlflow://experiment-2/adverse-drug-event-detector,recall,0.8822,2026-05-29T09:00:00Z,classification,"{""cohort"": ""all""}"
mlflow://experiment-2/adverse-drug-event-detector,f1_score,0.8891,2026-05-29T09:00:00Z,classification,"{""cohort"": ""all""}"
mlflow://experiment-2/adverse-drug-event-detector,auc_roc,0.9015,2026-05-29T09:00:00Z,classification,"{""cohort"": ""all""}"
mlflow://experiment-2/adverse-drug-event-detector,accuracy,0.8927,2026-05-30T01:00:00Z,classification,"{""cohort"": ""all""}"
mlflow://experiment-2/adverse-drug-event-detector,precision,0.8722,2026-05-30T01:00:00Z,classification,"{""cohort"": ""all""}"
mlflow://experiment-2/adverse-drug-event-detector,recall,0.8766,2026-05-30T01:00:00Z,classification,"{""cohort"": ""all""}"
mlflow://experiment-2/adverse-drug-event-detector,f1_score,0.8958,2026-05-30T01:00:00Z,classification,"{""cohort"": ""all""}"
mlflow://experiment-2/adverse-drug-event-detector,auc_roc,0.911,2026-05-30T01:00:00Z,classification,"{""cohort"": ""all""}"
mlflow://experiment-2/adverse-drug-event-detector,accuracy,0.9026,2026-05-31T02:00:00Z,classification,"{""cohort"": ""all""}"
mlflow://experiment-2/adverse-drug-event-detector,precision,0.8851,2026-05-31T02:00:00Z,classification,"{""cohort"": ""all""}"
mlflow://experiment-2/adverse-drug-event-detector,recall,0.8785,2026-05-31T02:00:00Z,classification,"{""cohort"": ""all""}"
mlflow://experiment-2/adverse-drug-event-detector,f1_score,0.8836,2026-05-31T02:00:00Z,classification,"{""cohort"": ""all""}"
mlflow://experiment-2/adverse-drug-event-detector,auc_roc,0.8872,2026-05-31T02:00:00Z,classification,"{""cohort"": ""all""}"
mlflow://experiment-2/adverse-drug-event-detector,accuracy,0.8888,2026-06-01T11:00:00Z,classification,"{""cohort"": ""all""}"
mlflow://experiment-2/adverse-drug-event-detector,precision,0.9117,2026-06-01T11:00:00Z,classification,"{""cohort"": ""all""}"
mlflow://experiment-2/adverse-drug-event-detector,recall,0.9059,2026-06-01T11:00:00Z,classification,"{""cohort"": ""all""}"
mlflow://experiment-2/adverse-drug-event-detector,f1_score,0.8827,2026-06-01T11:00:00Z,classification,"{""cohort"": ""all""}"
mlflow://experiment-2/adverse-drug-event-detector,auc_roc,0.8827,2026-06-01T11:00:00Z,classification,"{""cohort"": ""all""}"
mlflow://experiment-2/adverse-drug-event-detector,accuracy,0.8951,2026-06-01T14:00:00Z,classification,"{""cohort"": ""all""}"
mlflow://experiment-2/adverse-drug-event-detector,precision,0.8977,2026-06-01T14:00:00Z,classification,"{""cohort"": ""all""}"
mlflow://experiment-2/adverse-drug-event-detector,recall,0.891,2026-06-01T14:00:00Z,classification,"{""cohort"": ""all""}"
mlflow://experiment-2/adverse-drug-event-detector,f1_score,0.8905,2026-06-01T14:00:00Z,classification,"{""cohort"": ""all""}"
mlflow://experiment-2/adverse-drug-event-detector,auc_roc,0.8708,2026-06-01T14:00:00Z,classification,"{""cohort"": ""all""}"
mlflow://experiment-2/adverse-drug-event-detector,accuracy,0.8952,2026-06-02T21:00:00Z,classification,"{""cohort"": ""all""}"
mlflow://experiment-2/adverse-drug-event-detector,precision,0.9011,2026-06-02T21:00:00Z,classification,"{""cohort"": ""all""}"
mlflow://experiment-2/adverse-drug-event-detector,recall,0.8915,2026-06-02T21:00:00Z,classification,"{""cohort"": ""all""}"
mlflow://experiment-2/adverse-drug-event-detector,f1_score,0.8829,2026-06-02T21:00:00Z,classification,"{""cohort"": ""all""}"
mlflow://experiment-2/adverse-drug-event-detector,auc_roc,0.9181,2026-06-02T21:00:00Z,classification,"{""cohort"": ""all""}"
mlflow://experiment-2/adverse-drug-event-detector,accuracy,0.8749,2026-06-03T14:00:00Z,classification,"{""cohort"": ""all""}"
mlflow://experiment-2/adverse-drug-event-detector,precision,0.8566,2026-06-03T14:00:00Z,classification,"{""cohort"": ""all""}"
mlflow://experiment-2/adverse-drug-event-detector,recall,0.8929,2026-06-03T14:00:00Z,classification,"{""cohort"": ""all""}"
mlflow://experiment-2/adverse-drug-event-detector,auc_roc,0.8695,2026-06-03T14:00:00Z,classification,"{""cohort"": ""all""}"
mlflow://experiment-2/adverse-drug-event-detector,f1_score,0.8676,2026-06-03T14:00:00Z,classification,"{""cohort"": ""all""}"
mlflow://experiment-2/adverse-drug-event-detector,accuracy,0.8574,2026-06-05T01:00:00Z,classification,"{""cohort"": ""all""}"
mlflow://experiment-2/adverse-drug-event-detector,precision,0.895,2026-06-05T01:00:00Z,classification,"{""cohort"": ""all""}"
mlflow://experiment-2/adverse-drug-event-detector,recall,0.8941,2026-06-05T01:00:00Z,classification,"{""cohort"": ""all""}"
mlflow://experiment-2/adverse-drug-event-detector,f1_score,0.894,2026-06-05T01:00:00Z,classification,"{""cohort"": ""all""}"
mlflow://experiment-2/adverse-drug-event-detector,auc_roc,0.8965,2026-06-05T01:00:00Z,classification,"{""cohort"": ""all""}"
mlflow://experiment-2/adverse-drug-event-detector,accuracy,0.8941,2026-06-05T16:00:00Z,classification,"{""cohort"": ""all""}"
mlflow://experiment-2/adverse-drug-event-detector,precision,0.8899,2026-06-05T08:00:00Z,classification,"{""cohort"": ""all""}"
mlflow://experiment-2/adverse-drug-event-detector,recall,0.8772,2026-06-05T16:00:00Z,classification,"{""cohort"": ""all""}"
mlflow://experiment-2/adverse-drug-event-detector,auc_roc,0.8748,2026-06-05T16:00:00Z,classification,"{""cohort"": ""all""}"
mlflow://experiment-2/adverse-drug-event-detector,f1_score,0.9093,2026-06-05T16:00:00Z,classification,"{""cohort"": ""all""}"
mlflow://experiment-2/adverse-drug-event-detector,accuracy,0.8798,2026-06-06T15:00:00Z,classification,"{""cohort"": ""all""}"
mlflow://experiment-2/adverse-drug-event-detector,precision,0.8725,2026-06-06T15:00:00Z,classification,"{""cohort"": ""all""}"
mlflow://experiment-2/adverse-drug-event-detector,recall,0.8875,2026-06-06T15:00:00Z,classification,"{""cohort"": ""all""}"
mlflow://experiment-2/adverse-drug-event-detector,f1_score,0.8752,2026-06-06T15:00:00Z,classification,"{""cohort"": ""all""}"
mlflow://experiment-2/adverse-drug-event-detector,auc_roc,0.8919,2026-06-06T15:00:00Z,classification,"{""cohort"": ""all""}"
mlflow://experiment-2/adverse-drug-event-detector,accuracy,0.8779,2026-06-07T21:00:00Z,classification,"{""cohort"": ""all""}"
mlflow://experiment-2/adverse-drug-event-detector,precision,0.8842,2026-06-08T05:00:00Z,classification,"{""cohort"": ""all""}"
mlflow://experiment-2/adverse-drug-event-detector,recall,0.8995,2026-06-08T05:00:00Z,classification,"{""cohort"": ""all""}"
mlflow://experiment-2/adverse-drug-event-detector,f1_score,0.888,2026-06-08T05:00:00Z,classification,"{""cohort"": ""all""}"
mlflow://experiment-2/adverse-drug-event-detector,auc_roc,0.879,2026-06-08T05:00:00Z,classification,"{""cohort"": ""all""}"
mlflow://experiment-2/adverse-drug-event-detector,accuracy,0.8932,2026-06-08T14:00:00Z,classification,"{""cohort"": ""all""}"
mlflow://experiment-2/adverse-drug-event-detector,precision,0.886,2026-06-08T14:00:00Z,classification,"{""cohort"": ""all""}"
mlflow://experiment-2/adverse-drug-event-detector,recall,0.9053,2026-06-08T14:00:00Z,classification,"{""cohort"": ""all""}"
mlflow://experiment-2/adverse-drug-event-detector,auc_roc,0.8677,2026-06-08T14:00:00Z,classification,"{""cohort"": ""all""}"
mlflow://experiment-2/adverse-drug-event-detector,f1_score,0.8958,2026-06-08T14:00:00Z,classification,"{""cohort"": ""all""}"
mlflow://experiment-2/adverse-drug-event-detector,accuracy,0.9044,2026-06-09T12:00:00Z,classification,"{""cohort"": ""all""}"
mlflow://experiment-2/adverse-drug-event-detector,precision,0.8819,2026-06-09T12:00:00Z,classification,"{""cohort"": ""all""}"
mlflow://experiment-2/adverse-drug-event-detector,recall,0.8815,2026-06-09T12:00:00Z,classification,"{""cohort"": ""all""}"
mlflow://experiment-2/adverse-drug-event-detector,f1_score,0.8863,2026-06-09T12:00:00Z,classification,"{""cohort"": ""all""}"
mlflow://experiment-2/adverse-drug-event-detector,auc_roc,0.8827,2026-06-09T12:00:00Z,classification,"{""cohort"": ""all""}"
mlflow://experiment-2/adverse-drug-event-detector,accuracy,0.8641,2026-06-11T08:00:00Z,classification,"{""cohort"": ""all""}"
mlflow://experiment-2/adverse-drug-event-detector,precision,0.8697,2026-06-11T08:00:00Z,classification,"{""cohort"": ""all""}"
mlflow://experiment-2/adverse-drug-event-detector,recall,0.8853,2026-06-11T08:00:00Z,classification,"{""cohort"": ""all""}"
mlflow://experiment-2/adverse-drug-event-detector,f1_score,0.897,2026-06-11T08:00:00Z,classification,"{""cohort"": ""all""}"
mlflow://experiment-2/adverse-drug-event-detector,auc_roc,0.8807,2026-06-11T08:00:00Z,classification,"{""cohort"": ""all""}"
mlflow://experiment-2/adverse-drug-event-detector,accuracy,0.8966,2026-06-12T03:00:00Z,classification,"{""cohort"": ""all""}"
mlflow://experiment-2/adverse-drug-event-detector,precision,0.8767,2026-06-12T03:00:00Z,classification,"{""cohort"": ""all""}"
mlflow://experiment-2/adverse-drug-event-detector,recall,0.8689,2026-06-12T03:00:00Z,classification,"{""cohort"": ""all""}"
mlflow://experiment-2/adverse-drug-event-detector,f1_score,0.8872,2026-06-12T03:00:00Z,classification,"{""cohort"": ""all""}"
mlflow://experiment-2/adverse-drug-event-detector,auc_roc,0.887,2026-06-12T03:00:00Z,classification,"{""cohort"": ""all""}"
mlflow://experiment-2/adverse-drug-event-detector,accuracy,0.8844,2026-06-13T01:00:00Z,classification,"{""cohort"": ""all""}"
mlflow://experiment-2/adverse-drug-event-detector,precision,0.8747,2026-06-13T01:00:00Z,classification,"{""cohort"": ""all""}"
mlflow://experiment-2/adverse-drug-event-detector,recall,0.8674,2026-06-13T01:00:00Z,classification,"{""cohort"": ""all""}"
mlflow://experiment-2/adverse-drug-event-detector,f1_score,0.9049,2026-06-13T01:00:00Z,classification,"{""cohort"": ""all""}"
mlflow://experiment-2/adverse-drug-event-detector,auc_roc,0.8697,2026-06-13T01:00:00Z,classification,"{""cohort"": ""all""}"
mlflow://experiment-2/adverse-drug-event-detector,accuracy,0.8843,2026-06-14T05:00:00Z,classification,"{""cohort"": ""all""}"
mlflow://experiment-2/adverse-drug-event-detector,precision,0.8795,2026-06-14T05:00:00Z,classification,"{""cohort"": ""all""}"
mlflow://experiment-2/adverse-drug-event-detector,recall,0.8779,2026-06-14T05:00:00Z,classification,"{""cohort"": ""all""}"
mlflow://experiment-2/adverse-drug-event-detector,f1_score,0.8854,2026-06-14T05:00:00Z,classification,"{""cohort"": ""all""}"
mlflow://experiment-2/adverse-drug-event-detector,auc_roc,0.8822,2026-06-14T05:00:00Z,classification,"{""cohort"": ""all""}"
mlflow://experiment-2/adverse-drug-event-detector,accuracy,0.8473,2026-06-14T12:00:00Z,classification,"{""cohort"": ""all""}"
mlflow://experiment-2/adverse-drug-event-detector,precision,0.8667,2026-06-14T12:00:00Z,classification,"{""cohort"": ""all""}"
mlflow://experiment-2/adverse-drug-event-detector,recall,0.8613,2026-06-14T12:00:00Z,classification,"{""cohort"": ""all""}"
mlflow://experiment-2/adverse-drug-event-detector,f1_score,0.8687,2026-06-14T12:00:00Z,classification,"{""cohort"": ""all""}"
mlflow://experiment-2/adverse-drug-event-detector,auc_roc,0.882,2026-06-14T12:00:00Z,classification,"{""cohort"": ""all""}"
mlflow://experiment-2/adverse-drug-event-detector,accuracy,0.8634,2026-06-15T23:00:00Z,classification,"{""cohort"": ""all""}"
mlflow://experiment-2/adverse-drug-event-detector,precision,0.8637,2026-06-15T23:00:00Z,classification,"{""cohort"": ""all""}"
mlflow://experiment-2/adverse-drug-event-detector,f1_score,0.8777,2026-06-15T23:00:00Z,classification,"{""cohort"": ""all""}"
mlflow://experiment-2/adverse-drug-event-detector,recall,0.8714,2026-06-15T23:00:00Z,classification,"{""cohort"": ""all""}"
mlflow://experiment-2/adverse-drug-event-detector,auc_roc,0.8751,2026-06-15T23:00:00Z,classification,"{""cohort"": ""all""}"
mlflow://experiment-2/adverse-drug-event-detector,accuracy,0.8829,2026-06-16T21:00:00Z,classification,"{""cohort"": ""all""}"
mlflow://experiment-2/adverse-drug-event-detector,precision,0.8535,2026-06-16T21:00:00Z,classification,"{""cohort"": ""all""}"
mlflow://experiment-2/adverse-drug-event-detector,recall,0.8838,2026-06-16T21:00:00Z,classification,"{""cohort"": ""all""}"
mlflow://experiment-2/adverse-drug-event-detector,f1_score,0.9042,2026-06-16T21:00:00Z,classification,"{""cohort"": ""all""}"
mlflow://experiment-2/adverse-drug-event-detector,auc_roc,0.9029,2026-06-16T21:00:00Z,classification,"{""cohort"": ""all""}"
mlflow://experiment-2/adverse-drug-event-detector,accuracy,0.8812,2026-06-18T07:00:00Z,classification,"{""cohort"": ""all""}"
mlflow://experiment-2/adverse-drug-event-detector,precision,0.8515,2026-06-18T07:00:00Z,classification,"{""cohort"": ""all""}"
mlflow://experiment-2/adverse-drug-event-detector,recall,0.8731,2026-06-18T07:00:00Z,classification,"{""cohort"": ""all""}"
mlflow://experiment-2/adverse-drug-event-detector,f1_score,0.8763,2026-06-18T07:00:00Z,classification,"{""cohort"": ""all""}"
mlflow://experiment-2/adverse-drug-event-detector,auc_roc,0.865,2026-06-18T07:00:00Z,classification,"{""cohort"": ""all""}"
mlflow://experiment-2/adverse-drug-event-detector,accuracy,0.8788,2026-06-18T15:00:00Z,classification,"{""cohort"": ""all""}"
mlflow://experiment-2/adverse-drug-event-detector,precision,0.8657,2026-06-18T15:00:00Z,classification,"{""cohort"": ""all""}"
mlflow://experiment-2/adverse-drug-event-detector,recall,0.8748,2026-06-18T15:00:00Z,classification,"{""cohort"": ""all""}"
mlflow://experiment-2/adverse-drug-event-detector,f1_score,0.8817,2026-06-18T15:00:00Z,classification,"{""cohort"": ""all""}"
mlflow://experiment-2/adverse-drug-event-detector,auc_roc,0.8577,2026-06-18T15:00:00Z,classification,"{""cohort"": ""all""}"
mlflow://experiment-2/adverse-drug-event-detector,accuracy,0.8659,2026-06-20T10:00:00Z,classification,"{""cohort"": ""all""}"
mlflow://experiment-2/adverse-drug-event-detector,precision,0.8946,2026-06-20T10:00:00Z,classification,"{""cohort"": ""all""}"
mlflow://experiment-2/adverse-drug-event-detector,recall,0.8572,2026-06-20T02:00:00Z,classification,"{""cohort"": ""all""}"
mlflow://experiment-2/adverse-drug-event-detector,f1_score,0.8807,2026-06-20T10:00:00Z,classification,"{""cohort"": ""all""}"
mlflow://experiment-2/adverse-drug-event-detector,auc_roc,0.8557,2026-06-20T10:00:00Z,classification,"{""cohort"": ""all""}"
mlflow://experiment-2/adverse-drug-event-detector,accuracy,0.8739,2026-06-20T16:00:00Z,classification,"{""cohort"": ""all""}"
mlflow://experiment-2/adverse-drug-event-detector,precision,0.8458,2026-06-20T16:00:00Z,classification,"{""cohort"": ""all""}"
mlflow://experiment-2/adverse-drug-event-detector,recall,0.8936,2026-06-20T16:00:00Z,classification,"{""cohort"": ""all""}"
mlflow://experiment-2/adverse-drug-event-detector,f1_score,0.8402,2026-06-20T16:00:00Z,classification,"{""cohort"": ""all""}"
mlflow://experiment-2/adverse-drug-event-detector,auc_roc,0.8694,2026-06-20T16:00:00Z,classification,"{""cohort"": ""all""}"
mlflow://experiment-2/adverse-drug-event-detector,accuracy,0.8656,2026-06-21T14:00:00Z,classification,"{""cohort"": ""all""}"
mlflow://experiment-2/adverse-drug-event-detector,precision,0.8961,2026-06-21T14:00:00Z,classification,"{""cohort"": ""all""}"
mlflow://experiment-2/adverse-drug-event-detector,recall,0.8399,2026-06-21T14:00:00Z,classification,"{""cohort"": ""all""}"
mlflow://experiment-2/adverse-drug-event-detector,f1_score,0.8878,2026-06-21T14:00:00Z,classification,"{""cohort"": ""all""}"
mlflow://experiment-2/adverse-drug-event-detector,auc_roc,0.8422,2026-06-21T14:00:00Z,classification,"{""cohort"": ""all""}"
mlflow://experiment-2/adverse-drug-event-detector,accuracy,0.8676,2026-06-22T21:00:00Z,classification,"{""cohort"": ""all""}"
mlflow://experiment-2/adverse-drug-event-detector,precision,0.8647,2026-06-22T21:00:00Z,classification,"{""cohort"": ""all""}"
mlflow://experiment-2/adverse-drug-event-detector,recall,0.8407,2026-06-22T21:00:00Z,classification,"{""cohort"": ""all""}"
mlflow://experiment-2/adverse-drug-event-detector,f1_score,0.8497,2026-06-22T21:00:00Z,classification,"{""cohort"": ""all""}"
mlflow://experiment-2/adverse-drug-event-detector,auc_roc,0.8584,2026-06-22T21:00:00Z,classification,"{""cohort"": ""all""}"
mlflow://experiment-2/adverse-drug-event-detector,accuracy,0.8517,2026-06-23T16:00:00Z,classification,"{""cohort"": ""all""}"
mlflow://experiment-2/adverse-drug-event-detector,precision,0.8737,2026-06-23T16:00:00Z,classification,"{""cohort"": ""all""}"
mlflow://experiment-2/adverse-drug-event-detector,recall,0.8554,2026-06-23T16:00:00Z,classification,"{""cohort"": ""all""}"
mlflow://experiment-2/adverse-drug-event-detector,f1_score,0.8901,2026-06-23T16:00:00Z,classification,"{""cohort"": ""all""}"
mlflow://experiment-2/adverse-drug-event-detector,auc_roc,0.843,2026-06-23T16:00:00Z,classification,"{""cohort"": ""all""}"
mlflow://experiment-2/adverse-drug-event-detector,accuracy,0.8913,2026-06-24T18:00:00Z,classification,"{""cohort"": ""all""}"
mlflow://experiment-2/adverse-drug-event-detector,precision,0.878,2026-06-24T18:00:00Z,classification,"{""cohort"": ""all""}"
mlflow://experiment-2/adverse-drug-event-detector,recall,0.8657,2026-06-24T18:00:00Z,classification,"{""cohort"": ""all""}"
mlflow://experiment-2/adverse-drug-event-detector,f1_score,0.8451,2026-06-24T18:00:00Z,classification,"{""cohort"": ""all""}"
mlflow://experiment-2/adverse-drug-event-detector,auc_roc,0.8868,2026-06-24T18:00:00Z,classification,"{""cohort"": ""all""}"
mlflow://experiment-2/adverse-drug-event-detector,accuracy,0.8899,2026-06-26T01:00:00Z,classification,"{""cohort"": ""all""}"
mlflow://experiment-2/adverse-drug-event-detector,precision,0.8727,2026-06-26T01:00:00Z,classification,"{""cohort"": ""all""}"
mlflow://experiment-2/adverse-drug-event-detector,recall,0.8584,2026-06-26T01:00:00Z,classification,"{""cohort"": ""all""}"
mlflow://experiment-2/adverse-drug-event-detector,f1_score,0.8397,2026-06-26T01:00:00Z,classification,"{""cohort"": ""all""}"
mlflow://experiment-2/adverse-drug-event-detector,auc_roc,0.8493,2026-06-26T01:00:00Z,classification,"{""cohort"": ""all""}"
mlflow://experiment-2/adverse-drug-event-detector,accuracy,0.8795,2026-06-27T08:00:00Z,classification,"{""cohort"": ""all""}"
mlflow://experiment-2/adverse-drug-event-detector,precision,0.8824,2026-06-27T08:00:00Z,classification,"{""cohort"": ""all""}"
mlflow://experiment-2/adverse-drug-event-detector,recall,0.8629,2026-06-27T08:00:00Z,classification,"{""cohort"": ""all""}"
mlflow://experiment-2/adverse-drug-event-detector,f1_score,0.8822,2026-06-27T08:00:00Z,classification,"{""cohort"": ""all""}"
mlflow://experiment-2/adverse-drug-event-detector,auc_roc,0.8691,2026-06-27T08:00:00Z,classification,"{""cohort"": ""all""}"
mlflow://experiment-2/adverse-drug-event-detector,accuracy,0.8606,2026-06-28T06:00:00Z,classification,"{""cohort"": ""all""}"
mlflow://experiment-2/adverse-drug-event-detector,precision,0.87,2026-06-28T06:00:00Z,classification,"{""cohort"": ""all""}"
mlflow://experiment-2/adverse-drug-event-detector,recall,0.8679,2026-06-28T06:00:00Z,classification,"{""cohort"": ""all""}"
mlflow://experiment-2/adverse-drug-event-detector,f1_score,0.8583,2026-06-28T06:00:00Z,classification,"{""cohort"": ""all""}"
mlflow://experiment-2/adverse-drug-event-detector,auc_roc,0.8662,2026-06-28T06:00:00Z,classification,"{""cohort"": ""all""}"
mlflow://experiment-2/adverse-drug-event-detector,precision,0.8445,2026-06-28T16:00:00Z,classification,"{""cohort"": ""all""}"
mlflow://experiment-2/adverse-drug-event-detector,accuracy,0.8616,2026-06-28T16:00:00Z,classification,"{""cohort"": ""all""}"
mlflow://experiment-2/adverse-drug-event-detector,recall,0.8747,2026-06-28T16:00:00Z,classification,"{""cohort"": ""all""}"
mlflow://experiment-2/adverse-drug-event-detector,f1_score,0.8725,2026-06-28T16:00:00Z,classification,"{""cohort"": ""all""}"
mlflow://experiment-2/adverse-drug-event-detector,auc_roc,0.8769,2026-06-28T16:00:00Z,classification,"{""cohort"": ""all""}"
mlflow://experiment-2/adverse-drug-event-detector,accuracy,0.8498,2026-06-29T20:00:00Z,classification,"{""cohort"": ""all""}"
mlflow://experiment-2/adverse-drug-event-detector,precision,0.8816,2026-06-29T20:00:00Z,classification,"{""cohort"": ""all""}"
mlflow://experiment-2/adverse-drug-event-detector,recall,0.8447,2026-06-29T20:00:00Z,classification,"{""cohort"": ""all""}"
mlflow://experiment-2/adverse-drug-event-detector,f1_score,0.8383,2026-06-29T20:00:00Z,classification,"{""cohort"": ""all""}"
mlflow://experiment-2/adverse-drug-event-detector,auc_roc,0.8798,2026-06-29T20:00:00Z,classification,"{""cohort"": ""all""}"
mlflow://experiment-2/adverse-drug-event-detector,accuracy,0.8372,2026-07-01T00:00:00Z,classification,"{""cohort"": ""all""}"
mlflow://experiment-2/adverse-drug-event-detector,precision,0.8812,2026-07-01T00:00:00Z,classification,"{""cohort"": ""all""}"
mlflow://experiment-2/adverse-drug-event-detector,recall,0.855,2026-07-01T00:00:00Z,classification,"{""cohort"": ""all""}"
mlflow://experiment-2/adverse-drug-event-detector,f1_score,0.8742,2026-07-01T00:00:00Z,classification,"{""cohort"": ""all""}"
mlflow://experiment-2/adverse-drug-event-detector,auc_roc,0.8497,2026-07-01T00:00:00Z,classification,"{""cohort"": ""all""}"
mlflow://experiment-2/adverse-drug-event-detector,accuracy,0.8655,2026-07-02T05:00:00Z,classification,"{""cohort"": ""all""}"
mlflow://experiment-2/adverse-drug-event-detector,precision,0.8613,2026-07-01T21:00:00Z,classification,"{""cohort"": ""all""}"
mlflow://experiment-2/adverse-drug-event-detector,recall,0.837,2026-07-02T05:00:00Z,classification,"{""cohort"": ""all""}"
mlflow://experiment-2/adverse-drug-event-detector,f1_score,0.8352,2026-07-02T05:00:00Z,classification,"{""cohort"": ""all""}"
mlflow://experiment-2/adverse-drug-event-detector,auc_roc,0.8849,2026-07-02T05:00:00Z,classification,"{""cohort"": ""all""}"
mlflow://experiment-2/adverse-drug-event-detector,accuracy,0.8586,2026-07-03T01:00:00Z,classification,"{""cohort"": ""all""}"
mlflow://experiment-2/adverse-drug-event-detector,precision,0.8841,2026-07-03T01:00:00Z,classification,"{""cohort"": ""all""}"
mlflow://experiment-2/adverse-drug-event-detector,recall,0.8556,2026-07-03T01:00:00Z,classification,"{""cohort"": ""all""}"
mlflow://experiment-2/adverse-drug-event-detector,f1_score,0.857,2026-07-03T01:00:00Z,classification,"{""cohort"": ""all""}"
mlflow://experiment-2/adverse-drug-event-detector,auc_roc,0.8524,2026-07-03T01:00:00Z,classification,"{""cohort"": ""all""}"
mlflow://experiment-2/adverse-drug-event-detector,accuracy,0.8468,2026-07-03T17:00:00Z,classification,"{""cohort"": ""all""}"
mlflow://experiment-2/adverse-drug-event-detector,precision,0.8276,2026-07-03T17:00:00Z,classification,"{""cohort"": ""all""}"
mlflow://experiment-2/adverse-drug-event-detector,recall,0.8836,2026-07-03T17:00:00Z,classification,"{""cohort"": ""all""}"
mlflow://experiment-2/adverse-drug-event-detector,f1_score,0.8656,2026-07-03T17:00:00Z,classification,"{""cohort"": ""all""}"
mlflow://experiment-2/adverse-drug-event-detector,auc_roc,0.8541,2026-07-03T17:00:00Z,classification,"{""cohort"": ""all""}"
mlflow://experiment-2/adverse-drug-event-detector,accuracy,0.871,2026-07-04T16:00:00Z,classification,"{""cohort"": ""all""}"
mlflow://experiment-2/adverse-drug-event-detector,precision,0.8576,2026-07-04T16:00:00Z,classification,"{""cohort"": ""all""}"
mlflow://experiment-2/adverse-drug-event-detector,recall,0.8724,2026-07-04T16:00:00Z,classification,"{""cohort"": ""all""}"
mlflow://experiment-2/adverse-drug-event-detector,f1_score,0.8531,2026-07-04T16:00:00Z,classification,"{""cohort"": ""all""}"
mlflow://experiment-2/adverse-drug-event-detector,auc_roc,0.8484,2026-07-04T16:00:00Z,classification,"{""cohort"": ""all""}"
mlflow://experiment-2/adverse-drug-event-detector,accuracy,0.8827,2026-07-05T17:00:00Z,classification,"{""cohort"": ""all""}"
mlflow://experiment-2/adverse-drug-event-detector,precision,0.8704,2026-07-05T17:00:00Z,classification,"{""cohort"": ""all""}"
mlflow://experiment-2/adverse-drug-event-detector,recall,0.8479,2026-07-05T17:00:00Z,classification,"{""cohort"": ""all""}"
mlflow://experiment-2/adverse-drug-event-detector,f1_score,0.8484,2026-07-05T17:00:00Z,classification,"{""cohort"": ""all""}"
mlflow://experiment-2/adverse-drug-event-detector,auc_roc,0.8631,2026-07-05T17:00:00Z,classification,"{""cohort"": ""all""}"
mlflow://experiment-2/adverse-drug-event-detector,accuracy,0.8507,2026-07-07T02:00:00Z,classification,"{""cohort"": ""all""}"
mlflow://experiment-2/adverse-drug-event-detector,precision,0.8442,2026-07-07T02:00:00Z,classification,"{""cohort"": ""all""}"
mlflow://experiment-2/adverse-drug-event-detector,recall,0.8423,2026-07-07T02:00:00Z,classification,"{""cohort"": ""all""}"
mlflow://experiment-2/adverse-drug-event-detector,f1_score,0.839,2026-07-07T02:00:00Z,classification,"{""cohort"": ""all""}"
mlflow://experiment-2/adverse-drug-event-detector,auc_roc,0.8272,2026-07-07T02:00:00Z,classification,"{""cohort"": ""all""}"
mlflow://experiment-2/adverse-drug-event-detector,accuracy,0.8724,2026-07-08T02:00:00Z,classification,"{""cohort"": ""all""}"
mlflow://experiment-2/adverse-drug-event-detector,precision,0.8409,2026-07-08T02:00:00Z,classification,"{""cohort"": ""all""}"
mlflow://experiment-2/adverse-drug-event-detector,recall,0.8629,2026-07-08T02:00:00Z,classification,"{""cohort"": ""all""}"
mlflow://experiment-2/adverse-drug-event-detector,f1_score,0.8676,2026-07-08T02:00:00Z,classification,"{""cohort"": ""all""}"
mlflow://experiment-2/adverse-drug-event-detector,auc_roc,0.8427,2026-07-08T02:00:00Z,classification,"{""cohort"": ""all""}"
mlflow://experiment-2/adverse-drug-event-detector,accuracy,0.8695,2026-07-09T08:00:00Z,classification,"{""cohort"": ""all""}"
mlflow://experiment-2/adverse-drug-event-detector,precision,0.8753,2026-07-09T08:00:00Z,classification,"{""cohort"": ""all""}"
mlflow://experiment-2/adverse-drug-event-detector,recall,0.8476,2026-07-09T08:00:00Z,classification,"{""cohort"": ""all""}"
mlflow://experiment-2/adverse-drug-event-detector,f1_score,0.8407,2026-07-09T08:00:00Z,classification,"{""cohort"": ""all""}"
mlflow://experiment-2/adverse-drug-event-detector,auc_roc,0.8564,2026-07-09T08:00:00Z,classification,"{""cohort"": ""all""}"
mlflow://experiment-2/adverse-drug-event-detector,accuracy,0.8563,2026-07-10T00:00:00Z,classification,"{""cohort"": ""all""}"
mlflow://experiment-2/adverse-drug-event-detector,precision,0.8463,2026-07-10T00:00:00Z,classification,"{""cohort"": ""all""}"
mlflow://experiment-2/adverse-drug-event-detector,recall,0.8416,2026-07-10T00:00:00Z,classification,"{""cohort"": ""all""}"
mlflow://experiment-2/adverse-drug-event-detector,f1_score,0.8616,2026-07-10T00:00:00Z,classification,"{""cohort"": ""all""}"
mlflow://experiment-2/adverse-drug-event-detector,auc_roc,0.8454,2026-07-10T00:00:00Z,classification,"{""cohort"": ""all""}"
mlflow://experiment-2/adverse-drug-event-detector,accuracy,0.8733,2026-07-10T12:00:00Z,classification,"{""cohort"": ""all""}"
mlflow://experiment-2/adverse-drug-event-detector,precision,0.8728,2026-07-10T12:00:00Z,classification,"{""cohort"": ""all""}"
mlflow://experiment-2/adverse-drug-event-detector,recall,0.848,2026-07-10T12:00:00Z,classification,"{""cohort"": ""all""}"
mlflow://experiment-2/adverse-drug-event-detector,f1_score,0.848,2026-07-10T12:00:00Z,classification,"{""cohort"": ""all""}"
mlflow://experiment-2/adverse-drug-event-detector,auc_roc,0.8702,2026-07-10T12:00:00Z,classification,"{""cohort"": ""all""}"
mlflow://experiment-2/adverse-drug-event-detector,accuracy,0.8572,2026-07-12T09:00:00Z,classification,"{""cohort"": ""all""}"
mlflow://experiment-2/adverse-drug-event-detector,precision,0.8102,2026-07-12T09:00:00Z,classification,"{""cohort"": ""all""}"
mlflow://experiment-2/adverse-drug-event-detector,recall,0.871,2026-07-12T09:00:00Z,classification,"{""cohort"": ""all""}"
mlflow://experiment-2/adverse-drug-event-detector,f1_score,0.8368,2026-07-12T09:00:00Z,classification,"{""cohort"": ""all""}"
mlflow://experiment-2/adverse-drug-event-detector,auc_roc,0.8661,2026-07-12T09:00:00Z,classification,"{""cohort"": ""all""}"
mlflow://experiment-2/adverse-drug-event-detector,accuracy,0.8209,2026-07-12T19:00:00Z,classification,"{""cohort"": ""all""}"
mlflow://experiment-2/adverse-drug-event-detector,precision,0.8381,2026-07-12T19:00:00Z,classification,"{""cohort"": ""all""}"
mlflow://experiment-2/adverse-drug-event-detector,recall,0.8403,2026-07-12T19:00:00Z,classification,"{""cohort"": ""all""}"
mlflow://experiment-2/adverse-drug-event-detector,f1_score,0.8353,2026-07-12T19:00:00Z,classification,"{""cohort"": ""all""}"
mlflow://experiment-2/adverse-drug-event-detector,auc_roc,0.8332,2026-07-12T19:00:00Z,classification,"{""cohort"": ""all""}"
mlflow://experiment-2/adverse-drug-event-detector,accuracy,0.8489,2026-07-14T09:00:00Z,classification,"{""cohort"": ""all""}"
mlflow://experiment-2/adverse-drug-event-detector,precision,0.8224,2026-07-14T09:00:00Z,classification,"{""cohort"": ""all""}"
mlflow://experiment-2/adverse-drug-event-detector,recall,0.8446,2026-07-14T09:00:00Z,classification,"{""cohort"": ""all""}"
mlflow://experiment-2/adverse-drug-event-detector,f1_score,0.8406,2026-07-14T09:00:00Z,classification,"{""cohort"": ""all""}"
mlflow://experiment-2/adverse-drug-event-detector,auc_roc,0.8653,2026-07-14T09:00:00Z,classification,"{""cohort"": ""all""}"
mlflow://experiment-2/adverse-drug-event-detector,accuracy,0.8591,2026-07-14T13:00:00Z,classification,"{""cohort"": ""all""}"
mlflow://experiment-2/adverse-drug-event-detector,precision,0.8411,2026-07-14T13:00:00Z,classification,"{""cohort"": ""all""}"
mlflow://experiment-2/adverse-drug-event-detector,recall,0.8621,2026-07-14T13:00:00Z,classification,"{""cohort"": ""all""}"
mlflow://experiment-2/adverse-drug-event-detector,f1_score,0.8256,2026-07-14T13:00:00Z,classification,"{""cohort"": ""all""}"
mlflow://experiment-2/adverse-drug-event-detector,auc_roc,0.8353,2026-07-14T13:00:00Z,classification,"{""cohort"": ""all""}"
mlflow://experiment-2/adverse-drug-event-detector,accuracy,0.8572,2026-07-15T14:00:00Z,classification,"{""cohort"": ""all""}"
mlflow://experiment-2/adverse-drug-event-detector,precision,0.8388,2026-07-15T14:00:00Z,classification,"{""cohort"": ""all""}"
mlflow://experiment-2/adverse-drug-event-detector,recall,0.8373,2026-07-15T14:00:00Z,classification,"{""cohort"": ""all""}"
mlflow://experiment-2/adverse-drug-event-detector,f1_score,0.8511,2026-07-15T14:00:00Z,classification,"{""cohort"": ""all""}"
mlflow://experiment-2/adverse-drug-event-detector,auc_roc,0.853,2026-07-15T14:00:00Z,classification,"{""cohort"": ""all""}"
mlflow://experiment-2/adverse-drug-event-detector,accuracy,0.8151,2026-07-16T23:00:00Z,classification,"{""cohort"": ""all""}"
mlflow://experiment-2/adverse-drug-event-detector,precision,0.8124,2026-07-16T23:00:00Z,classification,"{""cohort"": ""all""}"
mlflow://experiment-2/adverse-drug-event-detector,recall,0.8386,2026-07-16T23:00:00Z,classification,"{""cohort"": ""all""}"
mlflow://experiment-2/adverse-drug-event-detector,f1_score,0.8506,2026-07-16T23:00:00Z,classification,"{""cohort"": ""all""}"
mlflow://experiment-2/adverse-drug-event-detector,auc_roc,0.8349,2026-07-16T23:00:00Z,classification,"{""cohort"": ""all""}"
mlflow://experiment-2/adverse-drug-event-detector,accuracy,0.8563,2026-07-18T03:00:00Z,classification,"{""cohort"": ""all""}"
mlflow://experiment-2/adverse-drug-event-detector,precision,0.8414,2026-07-18T03:00:00Z,classification,"{""cohort"": ""all""}"
mlflow://experiment-2/adverse-drug-event-detector,recall,0.8626,2026-07-18T03:00:00Z,classification,"{""cohort"": ""all""}"
mlflow://experiment-2/adverse-drug-event-detector,f1_score,0.8243,2026-07-18T03:00:00Z,classification,"{""cohort"": ""all""}"
mlflow://experiment-2/adverse-drug-event-detector,auc_roc,0.8382,2026-07-18T03:00:00Z,classification,"{""cohort"": ""all""}"
mlflow://experiment-2/adverse-drug-event-detector,accuracy,0.8442,2026-07-18T19:00:00Z,classification,"{""cohort"": ""all""}"
mlflow://experiment-2/adverse-drug-event-detector,precision,0.8584,2026-07-18T19:00:00Z,classification,"{""cohort"": ""all""}"
mlflow://experiment-2/adverse-drug-event-detector,recall,0.8245,2026-07-18T19:00:00Z,classification,"{""cohort"": ""all""}"
mlflow://experiment-2/adverse-drug-event-detector,f1_score,0.8819,2026-07-18T19:00:00Z,classification,"{""cohort"": ""all""}"
mlflow://experiment-2/adverse-drug-event-detector,auc_roc,0.8381,2026-07-18T19:00:00Z,classification,"{""cohort"": ""all""}"
mlflow://experiment-2/adverse-drug-event-detector,accuracy,0.8244,2026-07-20T05:00:00Z,classification,"{""cohort"": ""all""}"
mlflow://experiment-2/adverse-drug-event-detector,precision,0.8618,2026-07-20T05:00:00Z,classification,"{""cohort"": ""all""}"
mlflow://experiment-2/adverse-drug-event-detector,recall,0.8605,2026-07-20T05:00:00Z,classification,"{""cohort"": ""all""}"
mlflow://experiment-2/adverse-drug-event-detector,f1_score,0.8436,2026-07-20T05:00:00Z,classification,"{""cohort"": ""all""}"
mlflow://experiment-2/adverse-drug-event-detector,auc_roc,0.8205,2026-07-20T05:00:00Z,classification,"{""cohort"": ""all""}"
mlflow://experiment-2/adverse-drug-event-detector,accuracy,0.8473,2026-07-21T09:00:00Z,classification,"{""cohort"": ""all""}"
mlflow://experiment-2/adverse-drug-event-detector,precision,0.8399,2026-07-21T09:00:00Z,classification,"{""cohort"": ""all""}"
mlflow://experiment-2/adverse-drug-event-detector,recall,0.8556,2026-07-21T09:00:00Z,classification,"{""cohort"": ""all""}"
mlflow://experiment-2/adverse-drug-event-detector,f1_score,0.8317,2026-07-21T09:00:00Z,classification,"{""cohort"": ""all""}"
mlflow://experiment-2/adverse-drug-event-detector,auc_roc,0.8299,2026-07-21T09:00:00Z,classification,"{""cohort"": ""all""}"
mlflow://experiment-2/adverse-drug-event-detector,accuracy,0.8403,2026-07-22T09:00:00Z,classification,"{""cohort"": ""all""}"
mlflow://experiment-2/adverse-drug-event-detector,precision,0.8434,2026-07-22T09:00:00Z,classification,"{""cohort"": ""all""}"
mlflow://experiment-2/adverse-drug-event-detector,recall,0.8544,2026-07-22T09:00:00Z,classification,"{""cohort"": ""all""}"
mlflow://experiment-2/adverse-drug-event-detector,f1_score,0.8272,2026-07-22T09:00:00Z,classification,"{""cohort"": ""all""}"
mlflow://experiment-2/adverse-drug-event-detector,auc_roc,0.8491,2026-07-22T09:00:00Z,classification,"{""cohort"": ""all""}"
mlflow://experiment-2/adverse-drug-event-detector,accuracy,0.8336,2026-07-22T14:00:00Z,classification,"{""cohort"": ""all""}"
mlflow://experiment-2/adverse-drug-event-detector,precision,0.8279,2026-07-22T14:00:00Z,classification,"{""cohort"": ""all""}"
mlflow://experiment-2/adverse-drug-event-detector,recall,0.8264,2026-07-22T14:00:00Z,classification,"{""cohort"": ""all""}"
mlflow://experiment-2/adverse-drug-event-detector,f1_score,0.8324,2026-07-22T14:00:00Z,classification,"{""cohort"": ""all""}"
mlflow://experiment-2/adverse-drug-event-detector,auc_roc,0.8183,2026-07-22T14:00:00Z,classification,"{""cohort"": ""all""}"
mlflow://experiment-2/adverse-drug-event-detector,accuracy,0.8612,2026-07-23T15:00:00Z,classification,"{""cohort"": ""all""}"
mlflow://experiment-2/adverse-drug-event-detector,precision,0.8659,2026-07-23T15:00:00Z,classification,"{""cohort"": ""all""}"
mlflow://experiment-2/adverse-drug-event-detector,recall,0.8321,2026-07-23T15:00:00Z,classification,"{""cohort"": ""all""}"
mlflow://experiment-2/adverse-drug-event-detector,f1_score,0.8545,2026-07-23T15:00:00Z,classification,"{""cohort"": ""all""}"
mlflow://experiment-2/adverse-drug-event-detector,auc_roc,0.8637,2026-07-23T15:00:00Z,classification,"{""cohort"": ""all""}"
mlflow://experiment-2/adverse-drug-event-detector,accuracy,0.855,2026-07-24T16:00:00Z,classification,"{""cohort"": ""all""}"
mlflow://experiment-2/adverse-drug-event-detector,precision,0.8259,2026-07-24T16:00:00Z,classification,"{""cohort"": ""all""}"
mlflow://experiment-2/adverse-drug-event-detector,recall,0.8463,2026-07-24T16:00:00Z,classification,"{""cohort"": ""all""}"
mlflow://experiment-2/adverse-drug-event-detector,f1_score,0.859,2026-07-24T16:00:00Z,classification,"{""cohort"": ""all""}"
mlflow://experiment-2/adverse-drug-event-detector,auc_roc,0.8298,2026-07-24T16:00:00Z,classification,"{""cohort"": ""all""}"
mlflow://experiment-2/adverse-drug-event-detector,accuracy,0.8144,2026-07-26T05:00:00Z,classification,"{""cohort"": ""all""}"
mlflow://experiment-2/adverse-drug-event-detector,precision,0.848,2026-07-26T05:00:00Z,classification,"{""cohort"": ""all""}"
mlflow://experiment-2/adverse-drug-event-detector,recall,0.8448,2026-07-26T05:00:00Z,classification,"{""cohort"": ""all""}"
mlflow://experiment-2/adverse-drug-event-detector,f1_score,0.8488,2026-07-26T05:00:00Z,classification,"{""cohort"": ""all""}"
mlflow://experiment-2/adverse-drug-event-detector,auc_roc,0.8501,2026-07-26T05:00:00Z,classification,"{""cohort"": ""all""}"
mlflow://experiment-2/adverse-drug-event-detector,accuracy,0.8451,2026-07-27T01:00:00Z,classification,"{""cohort"": ""all""}"
mlflow://experiment-2/adverse-drug-event-detector,precision,0.8463,2026-07-27T01:00:00Z,classification,"{""cohort"": ""all""}"
mlflow://experiment-2/adverse-drug-event-detector,recall,0.8305,2026-07-27T01:00:00Z,classification,"{""cohort"": ""all""}"
mlflow://experiment-2/adverse-drug-event-detector,f1_score,0.8312,2026-07-27T01:00:00Z,classification,"{""cohort"": ""all""}"
mlflow://experiment-2/adverse-drug-event-detector,auc_roc,0.8252,2026-07-27T01:00:00Z,classification,"{""cohort"": ""all""}"
mlflow://experiment-2/adverse-drug-event-detector,accuracy,0.8621,2026-07-28T02:00:00Z,classification,"{""cohort"": ""all""}"
mlflow://experiment-2/adverse-drug-event-detector,precision,0.825,2026-07-28T02:00:00Z,classification,"{""cohort"": ""all""}"
mlflow://experiment-2/adverse-drug-event-detector,recall,0.8525,2026-07-28T02:00:00Z,classification,"{""cohort"": ""all""}"
mlflow://experiment-2/adverse-drug-event-detector,f1_score,0.8473,2026-07-28T02:00:00Z,classification,"{""cohort"": ""all""}"
mlflow://experiment-2/adverse-drug-event-detector,auc_roc,0.7942,2026-07-28T02:00:00Z,classification,"{""cohort"": ""all""}"
mlflow://experiment-2/adverse-drug-event-detector,accuracy,0.8216,2026-07-28T23:00:00Z,classification,"{""cohort"": ""all""}"
mlflow://experiment-2/adverse-drug-event-detector,precision,0.8442,2026-07-28T23:00:00Z,classification,"{""cohort"": ""all""}"
mlflow://experiment-2/adverse-drug-event-detector,recall,0.8375,2026-07-28T23:00:00Z,classification,"{""cohort"": ""all""}"
mlflow://experiment-2/adverse-drug-event-detector,f1_score,0.8689,2026-07-28T23:00:00Z,classification,"{""cohort"": ""all""}"
mlflow://experiment-2/adverse-drug-event-detector,auc_roc,0.8257,2026-07-28T23:00:00Z,classification,"{""cohort"": ""all""}"
mlflow://experiment-2/adverse-drug-event-detector,accuracy,0.8407,2026-07-30T02:00:00Z,classification,"{""cohort"": ""all""}"
mlflow://experiment-2/adverse-drug-event-detector,precision,0.8376,2026-07-30T02:00:00Z,classification,"{""cohort"": ""all""}"
mlflow://experiment-2/adverse-drug-event-detector,recall,0.8064,2026-07-30T02:00:00Z,classification,"{""cohort"": ""all""}"
mlflow://experiment-2/adverse-drug-event-detector,f1_score,0.8013,2026-07-30T02:00:00Z,classification,"{""cohort"": ""all""}"
mlflow://experiment-2/adverse-drug-event-detector,auc_roc,0.8448,2026-07-30T02:00:00Z,classification,"{""cohort"": ""all""}"
mlflow://experiment-2/adverse-drug-event-detector,precision,0.8333,2026-07-30T16:00:00Z,classification,"{""cohort"": ""all""}"
mlflow://experiment-2/adverse-drug-event-detector,accuracy,0.8352,2026-07-30T16:00:00Z,classification,"{""cohort"": ""all""}"
mlflow://experiment-2/adverse-drug-event-detector,recall,0.8211,2026-07-30T16:00:00Z,classification,"{""cohort"": ""all""}"
mlflow://experiment-2/adverse-drug-event-detector,f1_score,0.8402,2026-07-30T16:00:00Z,classification,"{""cohort"": ""all""}"
mlflow://experiment-2/adverse-drug-event-detector,auc_roc,0.8143,2026-07-30T16:00:00Z,classification,"{""cohort"": ""all""}"
mlflow://experiment-3/clinical-trial-enrollment-pred,accuracy,0.8886,2026-05-03T06:00:00Z,classification,"{""cohort"": ""all""}"
mlflow://experiment-3/clinical-trial-enrollment-pred,precision,0.9195,2026-05-03T06:00:00Z,classification,"{""cohort"": ""all""}"
mlflow://experiment-3/clinical-trial-enrollment-pred,recall,0.8746,2026-05-03T06:00:00Z,classification,"{""cohort"": ""all""}"
mlflow://experiment-3/clinical-trial-enrollment-pred,f1_score,0.89,2026-05-03T06:00:00Z,classification,"{""cohort"": ""all""}"
mlflow://experiment-3/clinical-trial-enrollment-pred,auc_roc,0.8812,2026-05-03T06:00:00Z,classification,"{""cohort"": ""all""}"
mlflow://experiment-3/clinical-trial-enrollment-pred,accuracy,0.8771,2026-05-03T16:00:00Z,classification,"{""cohort"": ""all""}"
mlflow://experiment-3/clinical-trial-enrollment-pred,precision,0.9029,2026-05-03T16:00:00Z,classification,"{""cohort"": ""all""}"
mlflow://experiment-3/clinical-trial-enrollment-pred,recall,0.876,2026-05-03T16:00:00Z,classification,"{""cohort"": ""all""}"
mlflow://experiment-3/clinical-trial-enrollment-pred,f1_score,0.8809,2026-05-03T16:00:00Z,classification,"{""cohort"": ""all""}"
mlflow://experiment-3/clinical-trial-enrollment-pred,auc_roc,0.8688,2026-05-03T16:00:00Z,classification,"{""cohort"": ""all""}"
mlflow://experiment-3/clinical-trial-enrollment-pred,accuracy,0.8887,2026-05-04T12:00:00Z,classification,"{""cohort"": ""all""}"
mlflow://experiment-3/clinical-trial-enrollment-pred,precision,0.8899,2026-05-04T12:00:00Z,classification,"{""cohort"": ""all""}"
mlflow://experiment-3/clinical-trial-enrollment-pred,f1_score,0.8501,2026-05-04T12:00:00Z,classification,"{""cohort"": ""all""}"
mlflow://experiment-3/clinical-trial-enrollment-pred,recall,0.8824,2026-05-04T12:00:00Z,classification,"{""cohort"": ""all""}"
mlflow://experiment-3/clinical-trial-enrollment-pred,auc_roc,0.8916,2026-05-04T12:00:00Z,classification,"{""cohort"": ""all""}"
mlflow://experiment-3/clinical-trial-enrollment-pred,accuracy,0.8756,2026-05-05T16:00:00Z,classification,"{""cohort"": ""all""}"
mlflow://experiment-3/clinical-trial-enrollment-pred,precision,0.8727,2026-05-05T16:00:00Z,classification,"{""cohort"": ""all""}"
mlflow://experiment-3/clinical-trial-enrollment-pred,recall,0.8496,2026-05-05T16:00:00Z,classification,"{""cohort"": ""all""}"
mlflow://experiment-3/clinical-trial-enrollment-pred,f1_score,0.8734,2026-05-05T16:00:00Z,classification,"{""cohort"": ""all""}"
mlflow://experiment-3/clinical-trial-enrollment-pred,auc_roc,0.8513,2026-05-05T16:00:00Z,classification,"{""cohort"": ""all""}"
mlflow://experiment-3/clinical-trial-enrollment-pred,accuracy,0.8624,2026-05-06T23:00:00Z,classification,"{""cohort"": ""all""}"
mlflow://experiment-3/clinical-trial-enrollment-pred,precision,0.8712,2026-05-06T23:00:00Z,classification,"{""cohort"": ""all""}"
mlflow://experiment-3/clinical-trial-enrollment-pred,recall,0.8238,2026-05-06T23:00:00Z,classification,"{""cohort"": ""all""}"
mlflow://experiment-3/clinical-trial-enrollment-pred,f1_score,0.8708,2026-05-06T23:00:00Z,classification,"{""cohort"": ""all""}"
mlflow://experiment-3/clinical-trial-enrollment-pred,auc_roc,0.9057,2026-05-06T23:00:00Z,classification,"{""cohort"": ""all""}"
mlflow://experiment-3/clinical-trial-enrollment-pred,accuracy,0.8794,2026-05-08T09:00:00Z,classification,"{""cohort"": ""all""}"
mlflow://experiment-3/clinical-trial-enrollment-pred,precision,0.8481,2026-05-08T09:00:00Z,classification,"{""cohort"": ""all""}"
mlflow://experiment-3/clinical-trial-enrollment-pred,recall,0.867,2026-05-08T09:00:00Z,classification,"{""cohort"": ""all""}"
mlflow://experiment-3/clinical-trial-enrollment-pred,f1_score,0.8769,2026-05-08T09:00:00Z,classification,"{""cohort"": ""all""}"
mlflow://experiment-3/clinical-trial-enrollment-pred,auc_roc,0.8684,2026-05-08T09:00:00Z,classification,"{""cohort"": ""all""}"
mlflow://experiment-3/clinical-trial-enrollment-pred,accuracy,0.8801,2026-05-09T03:00:00Z,classification,"{""cohort"": ""all""}"
mlflow://experiment-3/clinical-trial-enrollment-pred,precision,0.8507,2026-05-09T03:00:00Z,classification,"{""cohort"": ""all""}"
mlflow://experiment-3/clinical-trial-enrollment-pred,recall,0.8926,2026-05-09T03:00:00Z,classification,"{""cohort"": ""all""}"
mlflow://experiment-3/clinical-trial-enrollment-pred,f1_score,0.8878,2026-05-09T03:00:00Z,classification,"{""cohort"": ""all""}"
mlflow://experiment-3/clinical-trial-enrollment-pred,auc_roc,0.8278,2026-05-09T03:00:00Z,classification,"{""cohort"": ""all""}"
mlflow://experiment-3/clinical-trial-enrollment-pred,accuracy,0.8809,2026-05-09T22:00:00Z,classification,"{""cohort"": ""all""}"
mlflow://experiment-3/clinical-trial-enrollment-pred,precision,0.8603,2026-05-09T22:00:00Z,classification,"{""cohort"": ""all""}"
mlflow://experiment-3/clinical-trial-enrollment-pred,recall,0.8614,2026-05-09T22:00:00Z,classification,"{""cohort"": ""all""}"
mlflow://experiment-3/clinical-trial-enrollment-pred,f1_score,0.8616,2026-05-09T22:00:00Z,classification,"{""cohort"": ""all""}"
mlflow://experiment-3/clinical-trial-enrollment-pred,auc_roc,0.894,2026-05-09T22:00:00Z,classification,"{""cohort"": ""all""}"
mlflow://experiment-3/clinical-trial-enrollment-pred,accuracy,0.8594,2026-05-11T05:00:00Z,classification,"{""cohort"": ""all""}"
mlflow://experiment-3/clinical-trial-enrollment-pred,precision,0.845,2026-05-11T05:00:00Z,classification,"{""cohort"": ""all""}"
mlflow://experiment-3/clinical-trial-enrollment-pred,recall,0.8503,2026-05-10T21:00:00Z,classification,"{""cohort"": ""all""}"
mlflow://experiment-3/clinical-trial-enrollment-pred,f1_score,0.8544,2026-05-11T05:00:00Z,classification,"{""cohort"": ""all""}"
mlflow://experiment-3/clinical-trial-enrollment-pred,auc_roc,0.8428,2026-05-11T05:00:00Z,classification,"{""cohort"": ""all""}"
mlflow://experiment-3/clinical-trial-enrollment-pred,accuracy,0.8613,2026-05-12T02:00:00Z,classification,"{""cohort"": ""all""}"
mlflow://experiment-3/clinical-trial-enrollment-pred,precision,0.8839,2026-05-12T10:00:00Z,classification,"{""cohort"": ""all""}"
mlflow://experiment-3/clinical-trial-enrollment-pred,recall,0.8812,2026-05-12T10:00:00Z,classification,"{""cohort"": ""all""}"
mlflow://experiment-3/clinical-trial-enrollment-pred,f1_score,0.8802,2026-05-12T10:00:00Z,classification,"{""cohort"": ""all""}"
mlflow://experiment-3/clinical-trial-enrollment-pred,auc_roc,0.8444,2026-05-12T10:00:00Z,classification,"{""cohort"": ""all""}"
mlflow://experiment-3/clinical-trial-enrollment-pred,accuracy,0.8221,2026-05-12T18:00:00Z,classification,"{""cohort"": ""all""}"
mlflow://experiment-3/clinical-trial-enrollment-pred,precision,0.8778,2026-05-12T18:00:00Z,classification,"{""cohort"": ""all""}"
mlflow://experiment-3/clinical-trial-enrollment-pred,recall,0.8279,2026-05-12T18:00:00Z,classification,"{""cohort"": ""all""}"
mlflow://experiment-3/clinical-trial-enrollment-pred,f1_score,0.8793,2026-05-12T18:00:00Z,classification,"{""cohort"": ""all""}"
mlflow://experiment-3/clinical-trial-enrollment-pred,auc_roc,0.834,2026-05-12T18:00:00Z,classification,"{""cohort"": ""all""}"
mlflow://experiment-3/clinical-trial-enrollment-pred,accuracy,0.8772,2026-05-13T22:00:00Z,classification,"{""cohort"": ""all""}"
mlflow://experiment-3/clinical-trial-enrollment-pred,precision,0.8315,2026-05-13T22:00:00Z,classification,"{""cohort"": ""all""}"
mlflow://experiment-3/clinical-trial-enrollment-pred,recall,0.8711,2026-05-13T22:00:00Z,classification,"{""cohort"": ""all""}"
mlflow://experiment-3/clinical-trial-enrollment-pred,f1_score,0.8499,2026-05-13T22:00:00Z,classification,"{""cohort"": ""all""}"
mlflow://experiment-3/clinical-trial-enrollment-pred,auc_roc,0.8662,2026-05-13T22:00:00Z,classification,"{""cohort"": ""all""}"
mlflow://experiment-3/clinical-trial-enrollment-pred,accuracy,0.8905,2026-05-15T03:00:00Z,classification,"{""cohort"": ""all""}"
mlflow://experiment-3/clinical-trial-enrollment-pred,precision,0.8715,2026-05-15T03:00:00Z,classification,"{""cohort"": ""all""}"
mlflow://experiment-3/clinical-trial-enrollment-pred,recall,0.8635,2026-05-15T03:00:00Z,classification,"{""cohort"": ""all""}"
mlflow://experiment-3/clinical-trial-enrollment-pred,f1_score,0.861,2026-05-15T03:00:00Z,classification,"{""cohort"": ""all""}"
mlflow://experiment-3/clinical-trial-enrollment-pred,auc_roc,0.8534,2026-05-15T03:00:00Z,classification,"{""cohort"": ""all""}"
mlflow://experiment-3/clinical-trial-enrollment-pred,accuracy,0.8175,2026-05-16T05:00:00Z,classification,"{""cohort"": ""all""}"
mlflow://experiment-3/clinical-trial-enrollment-pred,precision,0.9006,2026-05-16T05:00:00Z,classification,"{""cohort"": ""all""}"
mlflow://experiment-3/clinical-trial-enrollment-pred,recall,0.8724,2026-05-16T05:00:00Z,classification,"{""cohort"": ""all""}"
mlflow://experiment-3/clinical-trial-enrollment-pred,f1_score,0.8264,2026-05-16T05:00:00Z,classification,"{""cohort"": ""all""}"
mlflow://experiment-3/clinical-trial-enrollment-pred,auc_roc,0.8427,2026-05-16T05:00:00Z,classification,"{""cohort"": ""all""}"
mlflow://experiment-3/clinical-trial-enrollment-pred,accuracy,0.8341,2026-05-17T01:00:00Z,classification,"{""cohort"": ""all""}"
mlflow://experiment-3/clinical-trial-enrollment-pred,precision,0.8755,2026-05-17T01:00:00Z,classification,"{""cohort"": ""all""}"
mlflow://experiment-3/clinical-trial-enrollment-pred,recall,0.8521,2026-05-17T01:00:00Z,classification,"{""cohort"": ""all""}"
mlflow://experiment-3/clinical-trial-enrollment-pred,f1_score,0.8117,2026-05-17T01:00:00Z,classification,"{""cohort"": ""all""}"
mlflow://experiment-3/clinical-trial-enrollment-pred,auc_roc,0.8425,2026-05-17T01:00:00Z,classification,"{""cohort"": ""all""}"
mlflow://experiment-3/clinical-trial-enrollment-pred,accuracy,0.7983,2026-05-18T07:00:00Z,classification,"{""cohort"": ""all""}"
mlflow://experiment-3/clinical-trial-enrollment-pred,precision,0.8464,2026-05-18T07:00:00Z,classification,"{""cohort"": ""all""}"
mlflow://experiment-3/clinical-trial-enrollment-pred,f1_score,0.8384,2026-05-18T07:00:00Z,classification,"{""cohort"": ""all""}"
mlflow://experiment-3/clinical-trial-enrollment-pred,recall,0.8586,2026-05-18T07:00:00Z,classification,"{""cohort"": ""all""}"
mlflow://experiment-3/clinical-trial-enrollment-pred,auc_roc,0.8495,2026-05-18T07:00:00Z,classification,"{""cohort"": ""all""}"
mlflow://experiment-3/clinical-trial-enrollment-pred,accuracy,0.8495,2026-05-19T03:00:00Z,classification,"{""cohort"": ""all""}"
mlflow://experiment-3/clinical-trial-enrollment-pred,precision,0.8574,2026-05-19T03:00:00Z,classification,"{""cohort"": ""all""}"
mlflow://experiment-3/clinical-trial-enrollment-pred,recall,0.8588,2026-05-19T03:00:00Z,classification,"{""cohort"": ""all""}"
mlflow://experiment-3/clinical-trial-enrollment-pred,f1_score,0.8322,2026-05-19T03:00:00Z,classification,"{""cohort"": ""all""}"
mlflow://experiment-3/clinical-trial-enrollment-pred,auc_roc,0.8501,2026-05-19T03:00:00Z,classification,"{""cohort"": ""all""}"
mlflow://experiment-3/clinical-trial-enrollment-pred,accuracy,0.82,2026-05-20T01:00:00Z,classification,"{""cohort"": ""all""}"
mlflow://experiment-3/clinical-trial-enrollment-pred,precision,0.8765,2026-05-20T01:00:00Z,classification,"{""cohort"": ""all""}"
mlflow://experiment-3/clinical-trial-enrollment-pred,recall,0.8012,2026-05-20T01:00:00Z,classification,"{""cohort"": ""all""}"
mlflow://experiment-3/clinical-trial-enrollment-pred,f1_score,0.8575,2026-05-20T01:00:00Z,classification,"{""cohort"": ""all""}"
mlflow://experiment-3/clinical-trial-enrollment-pred,auc_roc,0.8209,2026-05-20T01:00:00Z,classification,"{""cohort"": ""all""}"
mlflow://experiment-3/clinical-trial-enrollment-pred,accuracy,0.8183,2026-05-21T08:00:00Z,classification,"{""cohort"": ""all""}"
mlflow://experiment-3/clinical-trial-enrollment-pred,precision,0.8344,2026-05-21T08:00:00Z,classification,"{""cohort"": ""all""}"
mlflow://experiment-3/clinical-trial-enrollment-pred,recall,0.8272,2026-05-21T08:00:00Z,classification,"{""cohort"": ""all""}"
mlflow://experiment-3/clinical-trial-enrollment-pred,f1_score,0.8183,2026-05-21T08:00:00Z,classification,"{""cohort"": ""all""}"
mlflow://experiment-3/clinical-trial-enrollment-pred,auc_roc,0.8597,2026-05-21T08:00:00Z,classification,"{""cohort"": ""all""}"
mlflow://experiment-3/clinical-trial-enrollment-pred,precision,0.8584,2026-05-21T21:00:00Z,classification,"{""cohort"": ""all""}"
mlflow://experiment-3/clinical-trial-enrollment-pred,accuracy,0.8449,2026-05-21T21:00:00Z,classification,"{""cohort"": ""all""}"
mlflow://experiment-3/clinical-trial-enrollment-pred,recall,0.8332,2026-05-21T21:00:00Z,classification,"{""cohort"": ""all""}"
mlflow://experiment-3/clinical-trial-enrollment-pred,f1_score,0.8466,2026-05-21T21:00:00Z,classification,"{""cohort"": ""all""}"
mlflow://experiment-3/clinical-trial-enrollment-pred,auc_roc,0.8521,2026-05-21T21:00:00Z,classification,"{""cohort"": ""all""}"
mlflow://experiment-3/clinical-trial-enrollment-pred,accuracy,0.831,2026-05-23T09:00:00Z,classification,"{""cohort"": ""all""}"
mlflow://experiment-3/clinical-trial-enrollment-pred,precision,0.8465,2026-05-23T09:00:00Z,classification,"{""cohort"": ""all""}"
mlflow://experiment-3/clinical-trial-enrollment-pred,f1_score,0.8363,2026-05-23T09:00:00Z,classification,"{""cohort"": ""all""}"
mlflow://experiment-3/clinical-trial-enrollment-pred,recall,0.8367,2026-05-23T09:00:00Z,classification,"{""cohort"": ""all""}"
mlflow://experiment-3/clinical-trial-enrollment-pred,auc_roc,0.8397,2026-05-23T09:00:00Z,classification,"{""cohort"": ""all""}"
mlflow://experiment-3/clinical-trial-enrollment-pred,accuracy,0.8241,2026-05-24T01:00:00Z,classification,"{""cohort"": ""all""}"
mlflow://experiment-3/clinical-trial-enrollment-pred,precision,0.8268,2026-05-24T01:00:00Z,classification,"{""cohort"": ""all""}"
mlflow://experiment-3/clinical-trial-enrollment-pred,recall,0.8414,2026-05-24T01:00:00Z,classification,"{""cohort"": ""all""}"
mlflow://experiment-3/clinical-trial-enrollment-pred,f1_score,0.8313,2026-05-24T01:00:00Z,classification,"{""cohort"": ""all""}"
mlflow://experiment-3/clinical-trial-enrollment-pred,auc_roc,0.8544,2026-05-24T01:00:00Z,classification,"{""cohort"": ""all""}"
mlflow://experiment-3/clinical-trial-enrollment-pred,accuracy,0.8019,2026-05-25T06:00:00Z,classification,"{""cohort"": ""all""}"
mlflow://experiment-3/clinical-trial-enrollment-pred,precision,0.8124,2026-05-25T06:00:00Z,classification,"{""cohort"": ""all""}"
mlflow://experiment-3/clinical-trial-enrollment-pred,recall,0.8547,2026-05-25T06:00:00Z,classification,"{""cohort"": ""all""}"
mlflow://experiment-3/clinical-trial-enrollment-pred,f1_score,0.8638,2026-05-25T06:00:00Z,classification,"{""cohort"": ""all""}"
mlflow://experiment-3/clinical-trial-enrollment-pred,auc_roc,0.8439,2026-05-25T06:00:00Z,classification,"{""cohort"": ""all""}"
mlflow://experiment-3/clinical-trial-enrollment-pred,accuracy,0.8365,2026-05-26T02:00:00Z,classification,"{""cohort"": ""all""}"
mlflow://experiment-3/clinical-trial-enrollment-pred,precision,0.8219,2026-05-26T02:00:00Z,classification,"{""cohort"": ""all""}"
mlflow://experiment-3/clinical-trial-enrollment-pred,recall,0.8144,2026-05-26T02:00:00Z,classification,"{""cohort"": ""all""}"
mlflow://experiment-3/clinical-trial-enrollment-pred,f1_score,0.8191,2026-05-25T18:00:00Z,classification,"{""cohort"": ""all""}"
mlflow://experiment-3/clinical-trial-enrollment-pred,auc_roc,0.8397,2026-05-26T02:00:00Z,classification,"{""cohort"": ""all""}"
mlflow://experiment-3/clinical-trial-enrollment-pred,accuracy,0.848,2026-05-27T04:00:00Z,classification,"{""cohort"": ""all""}"
mlflow://experiment-3/clinical-trial-enrollment-pred,precision,0.8459,2026-05-27T04:00:00Z,classification,"{""cohort"": ""all""}"
mlflow://experiment-3/clinical-trial-enrollment-pred,recall,0.8258,2026-05-27T04:00:00Z,classification,"{""cohort"": ""all""}"
mlflow://experiment-3/clinical-trial-enrollment-pred,f1_score,0.8615,2026-05-27T04:00:00Z,classification,"{""cohort"": ""all""}"
mlflow://experiment-3/clinical-trial-enrollment-pred,auc_roc,0.8024,2026-05-27T04:00:00Z,classification,"{""cohort"": ""all""}"
mlflow://experiment-3/clinical-trial-enrollment-pred,accuracy,0.8325,2026-05-27T13:00:00Z,classification,"{""cohort"": ""all""}"
mlflow://experiment-3/clinical-trial-enrollment-pred,precision,0.8406,2026-05-27T13:00:00Z,classification,"{""cohort"": ""all""}"
mlflow://experiment-3/clinical-trial-enrollment-pred,recall,0.8867,2026-05-27T13:00:00Z,classification,"{""cohort"": ""all""}"
mlflow://experiment-3/clinical-trial-enrollment-pred,f1_score,0.8427,2026-05-27T13:00:00Z,classification,"{""cohort"": ""all""}"
mlflow://experiment-3/clinical-trial-enrollment-pred,auc_roc,0.8346,2026-05-27T13:00:00Z,classification,"{""cohort"": ""all""}"
mlflow://experiment-3/clinical-trial-enrollment-pred,accuracy,0.8317,2026-05-28T18:00:00Z,classification,"{""cohort"": ""all""}"
mlflow://experiment-3/clinical-trial-enrollment-pred,precision,0.7942,2026-05-28T18:00:00Z,classification,"{""cohort"": ""all""}"
mlflow://experiment-3/clinical-trial-enrollment-pred,recall,0.8255,2026-05-28T18:00:00Z,classification,"{""cohort"": ""all""}"
mlflow://experiment-3/clinical-trial-enrollment-pred,f1_score,0.8378,2026-05-28T18:00:00Z,classification,"{""cohort"": ""all""}"
mlflow://experiment-3/clinical-trial-enrollment-pred,auc_roc,0.8068,2026-05-28T18:00:00Z,classification,"{""cohort"": ""all""}"
mlflow://experiment-3/clinical-trial-enrollment-pred,accuracy,0.8263,2026-05-29T16:00:00Z,classification,"{""cohort"": ""all""}"
mlflow://experiment-3/clinical-trial-enrollment-pred,precision,0.8032,2026-05-29T16:00:00Z,classification,"{""cohort"": ""all""}"
mlflow://experiment-3/clinical-trial-enrollment-pred,recall,0.8473,2026-05-29T16:00:00Z,classification,"{""cohort"": ""all""}"
mlflow://experiment-3/clinical-trial-enrollment-pred,f1_score,0.7881,2026-05-29T16:00:00Z,classification,"{""cohort"": ""all""}"
mlflow://experiment-3/clinical-trial-enrollment-pred,auc_roc,0.8259,2026-05-29T16:00:00Z,classification,"{""cohort"": ""all""}"
mlflow://experiment-3/clinical-trial-enrollment-pred,accuracy,0.8598,2026-05-30T23:00:00Z,classification,"{""cohort"": ""all""}"
mlflow://experiment-3/clinical-trial-enrollment-pred,precision,0.8414,2026-05-30T23:00:00Z,classification,"{""cohort"": ""all""}"
mlflow://experiment-3/clinical-trial-enrollment-pred,recall,0.8278,2026-05-30T23:00:00Z,classification,"{""cohort"": ""all""}"
mlflow://experiment-3/clinical-trial-enrollment-pred,f1_score,0.825,2026-05-30T23:00:00Z,classification,"{""cohort"": ""all""}"
mlflow://experiment-3/clinical-trial-enrollment-pred,auc_roc,0.859,2026-05-30T23:00:00Z,classification,"{""cohort"": ""all""}"
mlflow://experiment-3/clinical-trial-enrollment-pred,accuracy,0.8031,2026-06-01T06:00:00Z,classification,"{""cohort"": ""all""}"
mlflow://experiment-3/clinical-trial-enrollment-pred,precision,0.8036,2026-06-01T06:00:00Z,classification,"{""cohort"": ""all""}"
mlflow://experiment-3/clinical-trial-enrollment-pred,recall,0.8308,2026-06-01T06:00:00Z,classification,"{""cohort"": ""all""}"
mlflow://experiment-3/clinical-trial-enrollment-pred,f1_score,0.8115,2026-06-01T06:00:00Z,classification,"{""cohort"": ""all""}"
mlflow://experiment-3/clinical-trial-enrollment-pred,auc_roc,,2026-06-01T06:00:00Z,classification,"{""cohort"": ""all""}"
mlflow://experiment-3/clinical-trial-enrollment-pred,accuracy,0.8376,2026-06-02T00:00:00Z,classification,"{""cohort"": ""all""}"
mlflow://experiment-3/clinical-trial-enrollment-pred,precision,0.8223,2026-06-02T00:00:00Z,classification,"{""cohort"": ""all""}"
mlflow://experiment-3/clinical-trial-enrollment-pred,recall,0.8288,2026-06-02T00:00:00Z,classification,"{""cohort"": ""all""}"
mlflow://experiment-3/clinical-trial-enrollment-pred,f1_score,0.7937,2026-06-02T00:00:00Z,classification,"{""cohort"": ""all""}"
mlflow://experiment-3/clinical-trial-enrollment-pred,auc_roc,0.8421,2026-06-02T00:00:00Z,classification,"{""cohort"": ""all""}"
mlflow://experiment-3/clinical-trial-enrollment-pred,accuracy,0.7789,2026-06-02T14:00:00Z,classification,"{""cohort"": ""all""}"
mlflow://experiment-3/clinical-trial-enrollment-pred,precision,0.8093,2026-06-02T14:00:00Z,classification,"{""cohort"": ""all""}"
mlflow://experiment-3/clinical-trial-enrollment-pred,recall,0.8217,2026-06-02T14:00:00Z,classification,"{""cohort"": ""all""}"
mlflow://experiment-3/clinical-trial-enrollment-pred,f1_score,0.7994,2026-06-02T14:00:00Z,classification,"{""cohort"": ""all""}"
mlflow://experiment-3/clinical-trial-enrollment-pred,auc_roc,0.826,2026-06-02T14:00:00Z,classification,"{""cohort"": ""all""}"
mlflow://experiment-3/clinical-trial-enrollment-pred,accuracy,0.8023,2026-06-03T14:00:00Z,classification,"{""cohort"": ""all""}"
mlflow://experiment-3/clinical-trial-enrollment-pred,precision,0.8265,2026-06-03T14:00:00Z,classification,"{""cohort"": ""all""}"
mlflow://experiment-3/clinical-trial-enrollment-pred,recall,0.8064,2026-06-03T14:00:00Z,classification,"{""cohort"": ""all""}"
mlflow://experiment-3/clinical-trial-enrollment-pred,f1_score,0.8312,2026-06-03T14:00:00Z,classification,"{""cohort"": ""all""}"
mlflow://experiment-3/clinical-trial-enrollment-pred,auc_roc,0.8278,2026-06-03T14:00:00Z,classification,"{""cohort"": ""all""}"
mlflow://experiment-3/clinical-trial-enrollment-pred,precision,0.8011,2026-06-04T15:00:00Z,classification,"{""cohort"": ""all""}"
mlflow://experiment-3/clinical-trial-enrollment-pred,accuracy,0.8348,2026-06-04T15:00:00Z,classification,"{""cohort"": ""all""}"
mlflow://experiment-3/clinical-trial-enrollment-pred,recall,0.8115,2026-06-04T15:00:00Z,classification,"{""cohort"": ""all""}"
mlflow://experiment-3/clinical-trial-enrollment-pred,f1_score,0.8171,2026-06-04T07:00:00Z,classification,"{""cohort"": ""all""}"
mlflow://experiment-3/clinical-trial-enrollment-pred,auc_roc,0.7957,2026-06-04T15:00:00Z,classification,"{""cohort"": ""all""}"
mlflow://experiment-3/clinical-trial-enrollment-pred,accuracy,0.8178,2026-06-06T08:00:00Z,classification,"{""cohort"": ""all""}"
mlflow://experiment-3/clinical-trial-enrollment-pred,precision,0.7985,2026-06-06T08:00:00Z,classification,"{""cohort"": ""all""}"
mlflow://experiment-3/clinical-trial-enrollment-pred,recall,0.82,2026-06-06T08:00:00Z,classification,"{""cohort"": ""all""}"
mlflow://experiment-3/clinical-trial-enrollment-pred,f1_score,0.8225,2026-06-06T08:00:00Z,classification,"{""cohort"": ""all""}"
mlflow://experiment-3/clinical-trial-enrollment-pred,auc_roc,0.785,2026-06-06T08:00:00Z,classification,"{""cohort"": ""all""}"
mlflow://experiment-3/clinical-trial-enrollment-pred,accuracy,0.7897,2026-06-07T08:00:00Z,classification,"{""cohort"": ""all""}"
mlflow://experiment-3/clinical-trial-enrollment-pred,precision,0.8538,2026-06-07T08:00:00Z,classification,"{""cohort"": ""all""}"
mlflow://experiment-3/clinical-trial-enrollment-pred,recall,0.8324,2026-06-07T08:00:00Z,classification,"{""cohort"": ""all""}"
mlflow://experiment-3/clinical-trial-enrollment-pred,f1_score,0.7945,2026-06-07T08:00:00Z,classification,"{""cohort"": ""all""}"
mlflow://experiment-3/clinical-trial-enrollment-pred,auc_roc,0.7939,2026-06-07T08:00:00Z,classification,"{""cohort"": ""all""}"
mlflow://experiment-3/clinical-trial-enrollment-pred,accuracy,0.8094,2026-06-08T06:00:00Z,classification,"{""cohort"": ""all""}"
mlflow://experiment-3/clinical-trial-enrollment-pred,precision,0.7862,2026-06-08T06:00:00Z,classification,"{""cohort"": ""all""}"
mlflow://experiment-3/clinical-trial-enrollment-pred,recall,0.8309,2026-06-08T06:00:00Z,classification,"{""cohort"": ""all""}"
mlflow://experiment-3/clinical-trial-enrollment-pred,f1_score,0.7962,2026-06-08T06:00:00Z,classification,"{""cohort"": ""all""}"
mlflow://experiment-3/clinical-trial-enrollment-pred,auc_roc,0.7895,2026-06-08T06:00:00Z,classification,"{""cohort"": ""all""}"
mlflow://experiment-3/clinical-trial-enrollment-pred,accuracy,0.785,2026-06-09T08:00:00Z,classification,"{""cohort"": ""all""}"
mlflow://experiment-3/clinical-trial-enrollment-pred,precision,0.7973,2026-06-09T08:00:00Z,classification,"{""cohort"": ""all""}"
mlflow://experiment-3/clinical-trial-enrollment-pred,recall,0.8257,2026-06-09T08:00:00Z,classification,"{""cohort"": ""all""}"
mlflow://experiment-3/clinical-trial-enrollment-pred,f1_score,0.7783,2026-06-09T08:00:00Z,classification,"{""cohort"": ""all""}"
mlflow://experiment-3/clinical-trial-enrollment-pred,auc_roc,0.8115,2026-06-09T08:00:00Z,classification,"{""cohort"": ""all""}"
mlflow://experiment-3/clinical-trial-enrollment-pred,accuracy,0.7884,2026-06-09T20:00:00Z,classification,"{""cohort"": ""all""}"
mlflow://experiment-3/clinical-trial-enrollment-pred,precision,0.7939,2026-06-09T20:00:00Z,classification,"{""cohort"": ""all""}"
mlflow://experiment-3/clinical-trial-enrollment-pred,recall,0.8239,2026-06-09T20:00:00Z,classification,"{""cohort"": ""all""}"
mlflow://experiment-3/clinical-trial-enrollment-pred,f1_score,0.814,2026-06-09T20:00:00Z,classification,"{""cohort"": ""all""}"
mlflow://experiment-3/clinical-trial-enrollment-pred,auc_roc,0.8227,2026-06-09T20:00:00Z,classification,"{""cohort"": ""all""}"
mlflow://experiment-3/clinical-trial-enrollment-pred,accuracy,0.8065,2026-06-10T21:00:00Z,classification,"{""cohort"": ""all""}"
mlflow://experiment-3/clinical-trial-enrollment-pred,precision,0.8374,2026-06-10T21:00:00Z,classification,"{""cohort"": ""all""}"
mlflow://experiment-3/clinical-trial-enrollment-pred,recall,0.8205,2026-06-10T21:00:00Z,classification,"{""cohort"": ""all""}"
mlflow://experiment-3/clinical-trial-enrollment-pred,f1_score,0.819,2026-06-10T21:00:00Z,classification,"{""cohort"": ""all""}"
mlflow://experiment-3/clinical-trial-enrollment-pred,auc_roc,0.7802,2026-06-10T21:00:00Z,classification,"{""cohort"": ""all""}"
mlflow://experiment-3/clinical-trial-enrollment-pred,accuracy,0.7803,2026-06-12T04:00:00Z,classification,"{""cohort"": ""all""}"
mlflow://experiment-3/clinical-trial-enrollment-pred,precision,0.8175,2026-06-12T04:00:00Z,classification,"{""cohort"": ""all""}"
mlflow://experiment-3/clinical-trial-enrollment-pred,recall,0.8314,2026-06-12T04:00:00Z,classification,"{""cohort"": ""all""}"
mlflow://experiment-3/clinical-trial-enrollment-pred,f1_score,0.7907,2026-06-12T04:00:00Z,classification,"{""cohort"": ""all""}"
mlflow://experiment-3/clinical-trial-enrollment-pred,auc_roc,0.8423,2026-06-12T04:00:00Z,classification,"{""cohort"": ""all""}"
mlflow://experiment-3/clinical-trial-enrollment-pred,accuracy,0.8092,2026-06-13T06:00:00Z,classification,"{""cohort"": ""all""}"
mlflow://experiment-3/clinical-trial-enrollment-pred,precision,0.7878,2026-06-13T06:00:00Z,classification,"{""cohort"": ""all""}"
mlflow://experiment-3/clinical-trial-enrollment-pred,recall,0.7836,2026-06-13T06:00:00Z,classification,"{""cohort"": ""all""}"
mlflow://experiment-3/clinical-trial-enrollment-pred,f1_score,0.7867,2026-06-13T06:00:00Z,classification,"{""cohort"": ""all""}"
mlflow://experiment-3/clinical-trial-enrollment-pred,auc_roc,0.7997,2026-06-13T06:00:00Z,classification,"{""cohort"": ""all""}"
mlflow://experiment-3/clinical-trial-enrollment-pred,accuracy,0.7612,2026-06-13T13:00:00Z,classification,"{""cohort"": ""all""}"
mlflow://experiment-3/clinical-trial-enrollment-pred,precision,0.8072,2026-06-13T13:00:00Z,classification,"{""cohort"": ""all""}"
mlflow://experiment-3/clinical-trial-enrollment-pred,recall,0.8257,2026-06-13T13:00:00Z,classification,"{""cohort"": ""all""}"
mlflow://experiment-3/clinical-trial-enrollment-pred,f1_score,0.7475,2026-06-13T13:00:00Z,classification,"{""cohort"": ""all""}"
mlflow://experiment-3/clinical-trial-enrollment-pred,auc_roc,0.8209,2026-06-13T13:00:00Z,classification,"{""cohort"": ""all""}"
mlflow://experiment-3/clinical-trial-enrollment-pred,accuracy,0.8086,2026-06-14T13:00:00Z,classification,"{""cohort"": ""all""}"
mlflow://experiment-3/clinical-trial-enrollment-pred,precision,0.7943,2026-06-14T13:00:00Z,classification,"{""cohort"": ""all""}"
mlflow://experiment-3/clinical-trial-enrollment-pred,recall,0.8155,2026-06-14T13:00:00Z,classification,"{""cohort"": ""all""}"
mlflow://experiment-3/clinical-trial-enrollment-pred,f1_score,0.7714,2026-06-14T13:00:00Z,classification,"{""cohort"": ""all""}"
mlflow://experiment-3/clinical-trial-enrollment-pred,auc_roc,0.803,2026-06-14T13:00:00Z,classification,"{""cohort"": ""all""}"
mlflow://experiment-3/clinical-trial-enrollment-pred,accuracy,0.7627,2026-06-15T17:00:00Z,classification,"{""cohort"": ""all""}"
mlflow://experiment-3/clinical-trial-enrollment-pred,precision,0.8258,2026-06-15T17:00:00Z,classification,"{""cohort"": ""all""}"
mlflow://experiment-3/clinical-trial-enrollment-pred,recall,0.7658,2026-06-15T17:00:00Z,classification,"{""cohort"": ""all""}"
mlflow://experiment-3/clinical-trial-enrollment-pred,f1_score,0.8144,2026-06-15T17:00:00Z,classification,"{""cohort"": ""all""}"
mlflow://experiment-3/clinical-trial-enrollment-pred,auc_roc,0.7892,2026-06-15T17:00:00Z,classification,"{""cohort"": ""all""}"
mlflow://experiment-3/clinical-trial-enrollment-pred,accuracy,0.7841,2026-06-17T08:00:00Z,classification,"{""cohort"": ""all""}"
mlflow://experiment-3/clinical-trial-enrollment-pred,precision,0.7856,2026-06-17T00:00:00Z,classification,"{""cohort"": ""all""}"
mlflow://experiment-3/clinical-trial-enrollment-pred,recall,0.7841,2026-06-17T08:00:00Z,classification,"{""cohort"": ""all""}"
mlflow://experiment-3/clinical-trial-enrollment-pred,f1_score,0.815,2026-06-17T08:00:00Z,classification,"{""cohort"": ""all""}"
mlflow://experiment-3/clinical-trial-enrollment-pred,auc_roc,0.8069,2026-06-17T08:00:00Z,classification,"{""cohort"": ""all""}"
mlflow://experiment-3/clinical-trial-enrollment-pred,accuracy,0.7875,2026-06-17T21:00:00Z,classification,"{""cohort"": ""all""}"
mlflow://experiment-3/clinical-trial-enrollment-pred,precision,0.8271,2026-06-17T21:00:00Z,classification,"{""cohort"": ""all""}"
mlflow://experiment-3/clinical-trial-enrollment-pred,recall,0.8145,2026-06-17T21:00:00Z,classification,"{""cohort"": ""all""}"
mlflow://experiment-3/clinical-trial-enrollment-pred,f1_score,0.782,2026-06-17T21:00:00Z,classification,"{""cohort"": ""all""}"
mlflow://experiment-3/clinical-trial-enrollment-pred,auc_roc,0.7928,2026-06-17T21:00:00Z,classification,"{""cohort"": ""all""}"
mlflow://experiment-3/clinical-trial-enrollment-pred,accuracy,0.7927,2026-06-19T01:00:00Z,classification,"{""cohort"": ""all""}"
mlflow://experiment-3/clinical-trial-enrollment-pred,precision,0.7977,2026-06-19T09:00:00Z,classification,"{""cohort"": ""all""}"
mlflow://experiment-3/clinical-trial-enrollment-pred,recall,0.8004,2026-06-19T09:00:00Z,classification,"{""cohort"": ""all""}"
mlflow://experiment-3/clinical-trial-enrollment-pred,f1_score,0.8163,2026-06-19T09:00:00Z,classification,"{""cohort"": ""all""}"
mlflow://experiment-3/clinical-trial-enrollment-pred,auc_roc,0.7798,2026-06-19T09:00:00Z,classification,"{""cohort"": ""all""}"
mlflow://experiment-3/clinical-trial-enrollment-pred,accuracy,0.8057,2026-06-20T00:00:00Z,classification,"{""cohort"": ""all""}"
mlflow://experiment-3/clinical-trial-enrollment-pred,precision,0.8068,2026-06-20T00:00:00Z,classification,"{""cohort"": ""all""}"
mlflow://experiment-3/clinical-trial-enrollment-pred,recall,0.806,2026-06-20T00:00:00Z,classification,"{""cohort"": ""all""}"
mlflow://experiment-3/clinical-trial-enrollment-pred,f1_score,0.797,2026-06-20T00:00:00Z,classification,"{""cohort"": ""all""}"
mlflow://experiment-3/clinical-trial-enrollment-pred,auc_roc,0.7729,2026-06-20T00:00:00Z,classification,"{""cohort"": ""all""}"
mlflow://experiment-3/clinical-trial-enrollment-pred,accuracy,0.768,2026-06-20T16:00:00Z,classification,"{""cohort"": ""all""}"
mlflow://experiment-3/clinical-trial-enrollment-pred,precision,0.7639,2026-06-20T16:00:00Z,classification,"{""cohort"": ""all""}"
mlflow://experiment-3/clinical-trial-enrollment-pred,recall,0.7491,2026-06-20T16:00:00Z,classification,"{""cohort"": ""all""}"
mlflow://experiment-3/clinical-trial-enrollment-pred,f1_score,0.7799,2026-06-20T16:00:00Z,classification,"{""cohort"": ""all""}"
mlflow://experiment-3/clinical-trial-enrollment-pred,auc_roc,0.7517,2026-06-20T16:00:00Z,classification,"{""cohort"": ""all""}"
mlflow://experiment-3/clinical-trial-enrollment-pred,accuracy,0.8048,2026-06-22T04:00:00Z,classification,"{""cohort"": ""all""}"
mlflow://experiment-3/clinical-trial-enrollment-pred,precision,0.7965,2026-06-22T04:00:00Z,classification,"{""cohort"": ""all""}"
mlflow://experiment-3/clinical-trial-enrollment-pred,recall,0.7762,2026-06-22T04:00:00Z,classification,"{""cohort"": ""all""}"
mlflow://experiment-3/clinical-trial-enrollment-pred,auc_roc,0.7622,2026-06-22T04:00:00Z,classification,"{""cohort"": ""all""}"
mlflow://experiment-3/clinical-trial-enrollment-pred,f1_score,0.7798,2026-06-22T04:00:00Z,classification,"{""cohort"": ""all""}"
mlflow://experiment-3/clinical-trial-enrollment-pred,accuracy,0.8238,2026-06-22T22:00:00Z,classification,"{""cohort"": ""all""}"
mlflow://experiment-3/clinical-trial-enrollment-pred,precision,,2026-06-22T22:00:00Z,classification,"{""cohort"": ""all""}"
mlflow://experiment-3/clinical-trial-enrollment-pred,recall,0.7705,2026-06-22T22:00:00Z,classification,"{""cohort"": ""all""}"
mlflow://experiment-3/clinical-trial-enrollment-pred,f1_score,0.7796,2026-06-22T22:00:00Z,classification,"{""cohort"": ""all""}"
mlflow://experiment-3/clinical-trial-enrollment-pred,auc_roc,0.7888,2026-06-22T22:00:00Z,classification,"{""cohort"": ""all""}"
mlflow://experiment-3/clinical-trial-enrollment-pred,accuracy,0.766,2026-06-23T14:00:00Z,classification,"{""cohort"": ""all""}"
mlflow://experiment-3/clinical-trial-enrollment-pred,precision,0.8098,2026-06-23T14:00:00Z,classification,"{""cohort"": ""all""}"
mlflow://experiment-3/clinical-trial-enrollment-pred,recall,0.7511,2026-06-23T14:00:00Z,classification,"{""cohort"": ""all""}"
mlflow://experiment-3/clinical-trial-enrollment-pred,f1_score,0.7748,2026-06-23T14:00:00Z,classification,"{""cohort"": ""all""}"
mlflow://experiment-3/clinical-trial-enrollment-pred,auc_roc,0.7743,2026-06-23T14:00:00Z,classification,"{""cohort"": ""all""}"
mlflow://experiment-3/clinical-trial-enrollment-pred,accuracy,0.7496,2026-06-25T09:00:00Z,classification,"{""cohort"": ""all""}"
mlflow://experiment-3/clinical-trial-enrollment-pred,precision,0.7563,2026-06-25T09:00:00Z,classification,"{""cohort"": ""all""}"
mlflow://experiment-3/clinical-trial-enrollment-pred,recall,0.8032,2026-06-25T09:00:00Z,classification,"{""cohort"": ""all""}"
mlflow://experiment-3/clinical-trial-enrollment-pred,f1_score,0.7872,2026-06-25T09:00:00Z,classification,"{""cohort"": ""all""}"
mlflow://experiment-3/clinical-trial-enrollment-pred,auc_roc,0.7883,2026-06-25T09:00:00Z,classification,"{""cohort"": ""all""}"
mlflow://experiment-3/clinical-trial-enrollment-pred,accuracy,0.7849,2026-06-25T17:00:00Z,classification,"{""cohort"": ""all""}"
mlflow://experiment-3/clinical-trial-enrollment-pred,precision,0.7999,2026-06-25T17:00:00Z,classification,"{""cohort"": ""all""}"
mlflow://experiment-3/clinical-trial-enrollment-pred,recall,0.7414,2026-06-25T17:00:00Z,classification,"{""cohort"": ""all""}"
mlflow://experiment-3/clinical-trial-enrollment-pred,f1_score,0.7415,2026-06-25T17:00:00Z,classification,"{""cohort"": ""all""}"
mlflow://experiment-3/clinical-trial-enrollment-pred,auc_roc,0.7709,2026-06-25T17:00:00Z,classification,"{""cohort"": ""all""}"
mlflow://experiment-3/clinical-trial-enrollment-pred,accuracy,0.7641,2026-06-26T23:00:00Z,classification,"{""cohort"": ""all""}"
mlflow://experiment-3/clinical-trial-enrollment-pred,precision,0.7634,2026-06-26T23:00:00Z,classification,"{""cohort"": ""all""}"
mlflow://experiment-3/clinical-trial-enrollment-pred,recall,0.7568,2026-06-26T23:00:00Z,classification,"{""cohort"": ""all""}"
mlflow://experiment-3/clinical-trial-enrollment-pred,f1_score,0.7546,2026-06-26T23:00:00Z,classification,"{""cohort"": ""all""}"
mlflow://experiment-3/clinical-trial-enrollment-pred,auc_roc,0.7756,2026-06-26T23:00:00Z,classification,"{""cohort"": ""all""}"
mlflow://experiment-3/clinical-trial-enrollment-pred,accuracy,0.7711,2026-06-28T11:00:00Z,classification,"{""cohort"": ""all""}"
mlflow://experiment-3/clinical-trial-enrollment-pred,precision,0.7537,2026-06-28T11:00:00Z,classification,"{""cohort"": ""all""}"
mlflow://experiment-3/clinical-trial-enrollment-pred,recall,0.7715,2026-06-28T11:00:00Z,classification,"{""cohort"": ""all""}"
mlflow://experiment-3/clinical-trial-enrollment-pred,f1_score,0.8198,2026-06-28T11:00:00Z,classification,"{""cohort"": ""all""}"
mlflow://experiment-3/clinical-trial-enrollment-pred,auc_roc,0.7773,2026-06-28T11:00:00Z,classification,"{""cohort"": ""all""}"
mlflow://experiment-3/clinical-trial-enrollment-pred,accuracy,0.7237,2026-06-28T18:00:00Z,classification,"{""cohort"": ""all""}"
mlflow://experiment-3/clinical-trial-enrollment-pred,precision,0.7333,2026-06-28T18:00:00Z,classification,"{""cohort"": ""all""}"
mlflow://experiment-3/clinical-trial-enrollment-pred,recall,0.8018,2026-06-28T18:00:00Z,classification,"{""cohort"": ""all""}"
mlflow://experiment-3/clinical-trial-enrollment-pred,f1_score,0.7882,2026-06-28T18:00:00Z,classification,"{""cohort"": ""all""}"
mlflow://experiment-3/clinical-trial-enrollment-pred,auc_roc,0.7638,2026-06-28T18:00:00Z,classification,"{""cohort"": ""all""}"
mlflow://experiment-3/clinical-trial-enrollment-pred,accuracy,0.7682,2026-06-29T21:00:00Z,classification,"{""cohort"": ""all""}"
mlflow://experiment-3/clinical-trial-enrollment-pred,precision,0.7407,2026-06-29T21:00:00Z,classification,"{""cohort"": ""all""}"
mlflow://experiment-3/clinical-trial-enrollment-pred,recall,0.7536,2026-06-29T21:00:00Z,classification,"{""cohort"": ""all""}"
mlflow://experiment-3/clinical-trial-enrollment-pred,f1_score,0.7698,2026-06-29T21:00:00Z,classification,"{""cohort"": ""all""}"
mlflow://experiment-3/clinical-trial-enrollment-pred,auc_roc,0.7725,2026-06-29T21:00:00Z,classification,"{""cohort"": ""all""}"
mlflow://experiment-3/clinical-trial-enrollment-pred,accuracy,0.7879,2026-06-30T20:00:00Z,classification,"{""cohort"": ""all""}"
mlflow://experiment-3/clinical-trial-enrollment-pred,precision,0.7837,2026-06-30T20:00:00Z,classification,"{""cohort"": ""all""}"
mlflow://experiment-3/clinical-trial-enrollment-pred,recall,0.7694,2026-06-30T20:00:00Z,classification,"{""cohort"": ""all""}"
mlflow://experiment-3/clinical-trial-enrollment-pred,f1_score,0.7298,2026-06-30T20:00:00Z,classification,"{""cohort"": ""all""}"
mlflow://experiment-3/clinical-trial-enrollment-pred,auc_roc,0.7958,2026-06-30T20:00:00Z,classification,"{""cohort"": ""all""}"
mlflow://experiment-3/clinical-trial-enrollment-pred,accuracy,0.7821,2026-07-02T10:00:00Z,classification,"{""cohort"": ""all""}"
mlflow://experiment-3/clinical-trial-enrollment-pred,precision,0.7278,2026-07-02T10:00:00Z,classification,"{""cohort"": ""all""}"
mlflow://experiment-3/clinical-trial-enrollment-pred,recall,0.7526,2026-07-02T10:00:00Z,classification,"{""cohort"": ""all""}"
mlflow://experiment-3/clinical-trial-enrollment-pred,f1_score,0.7931,2026-07-02T10:00:00Z,classification,"{""cohort"": ""all""}"
mlflow://experiment-3/clinical-trial-enrollment-pred,auc_roc,0.7538,2026-07-02T10:00:00Z,classification,"{""cohort"": ""all""}"
mlflow://experiment-3/clinical-trial-enrollment-pred,accuracy,0.801,2026-07-02T16:00:00Z,classification,"{""cohort"": ""all""}"
mlflow://experiment-3/clinical-trial-enrollment-pred,precision,0.7623,2026-07-02T16:00:00Z,classification,"{""cohort"": ""all""}"
mlflow://experiment-3/clinical-trial-enrollment-pred,recall,0.7503,2026-07-02T16:00:00Z,classification,"{""cohort"": ""all""}"
mlflow://experiment-3/clinical-trial-enrollment-pred,f1_score,0.7892,2026-07-02T16:00:00Z,classification,"{""cohort"": ""all""}"
mlflow://experiment-3/clinical-trial-enrollment-pred,auc_roc,0.7384,2026-07-02T16:00:00Z,classification,"{""cohort"": ""all""}"
mlflow://experiment-3/clinical-trial-enrollment-pred,accuracy,0.7748,2026-07-03T23:00:00Z,classification,"{""cohort"": ""all""}"
mlflow://experiment-3/clinical-trial-enrollment-pred,precision,0.7472,2026-07-03T23:00:00Z,classification,"{""cohort"": ""all""}"
mlflow://experiment-3/clinical-trial-enrollment-pred,recall,0.7406,2026-07-03T23:00:00Z,classification,"{""cohort"": ""all""}"
mlflow://experiment-3/clinical-trial-enrollment-pred,f1_score,0.7677,2026-07-03T23:00:00Z,classification,"{""cohort"": ""all""}"
mlflow://experiment-3/clinical-trial-enrollment-pred,auc_roc,0.7498,2026-07-03T23:00:00Z,classification,"{""cohort"": ""all""}"
mlflow://experiment-3/clinical-trial-enrollment-pred,accuracy,0.7594,2026-07-04T19:00:00Z,classification,"{""cohort"": ""all""}"
mlflow://experiment-3/clinical-trial-enrollment-pred,precision,0.7995,2026-07-04T19:00:00Z,classification,"{""cohort"": ""all""}"
mlflow://experiment-3/clinical-trial-enrollment-pred,recall,0.7621,2026-07-04T19:00:00Z,classification,"{""cohort"": ""all""}"
mlflow://experiment-3/clinical-trial-enrollment-pred,f1_score,0.7694,2026-07-04T19:00:00Z,classification,"{""cohort"": ""all""}"
mlflow://experiment-3/clinical-trial-enrollment-pred,auc_roc,0.7295,2026-07-04T19:00:00Z,classification,"{""cohort"": ""all""}"
mlflow://experiment-3/clinical-trial-enrollment-pred,accuracy,0.7627,2026-07-05T16:00:00Z,classification,"{""cohort"": ""all""}"
mlflow://experiment-3/clinical-trial-enrollment-pred,precision,0.7645,2026-07-05T16:00:00Z,classification,"{""cohort"": ""all""}"
mlflow://experiment-3/clinical-trial-enrollment-pred,recall,0.7668,2026-07-05T16:00:00Z,classification,"{""cohort"": ""all""}"
mlflow://experiment-3/clinical-trial-enrollment-pred,f1_score,0.7249,2026-07-05T16:00:00Z,classification,"{""cohort"": ""all""}"
mlflow://experiment-3/clinical-trial-enrollment-pred,auc_roc,0.7721,2026-07-05T16:00:00Z,classification,"{""cohort"": ""all""}"
mlflow://experiment-3/clinical-trial-enrollment-pred,accuracy,0.7739,2026-07-07T02:00:00Z,classification,"{""cohort"": ""all""}"
mlflow://experiment-3/clinical-trial-enrollment-pred,precision,0.7174,2026-07-07T02:00:00Z,classification,"{""cohort"": ""all""}"
mlflow://experiment-3/clinical-trial-enrollment-pred,recall,0.7212,2026-07-07T02:00:00Z,classification,"{""cohort"": ""all""}"
mlflow://experiment-3/clinical-trial-enrollment-pred,f1_score,0.7638,2026-07-07T02:00:00Z,classification,"{""cohort"": ""all""}"
mlflow://experiment-3/clinical-trial-enrollment-pred,auc_roc,0.7517,2026-07-07T02:00:00Z,classification,"{""cohort"": ""all""}"
mlflow://experiment-3/clinical-trial-enrollment-pred,accuracy,0.7173,2026-07-07T16:00:00Z,classification,"{""cohort"": ""all""}"
mlflow://experiment-3/clinical-trial-enrollment-pred,precision,0.7383,2026-07-07T16:00:00Z,classification,"{""cohort"": ""all""}"
mlflow://experiment-3/clinical-trial-enrollment-pred,recall,0.7384,2026-07-07T16:00:00Z,classification,"{""cohort"": ""all""}"
mlflow://experiment-3/clinical-trial-enrollment-pred,f1_score,0.7463,2026-07-07T16:00:00Z,classification,"{""cohort"": ""all""}"
mlflow://experiment-3/clinical-trial-enrollment-pred,auc_roc,0.744,2026-07-07T16:00:00Z,classification,"{""cohort"": ""all""}"
mlflow://experiment-3/clinical-trial-enrollment-pred,accuracy,0.7624,2026-07-08T13:00:00Z,classification,"{""cohort"": ""all""}"
mlflow://experiment-3/clinical-trial-enrollment-pred,precision,0.7481,2026-07-08T13:00:00Z,classification,"{""cohort"": ""all""}"
mlflow://experiment-3/clinical-trial-enrollment-pred,f1_score,0.7408,2026-07-08T13:00:00Z,classification,"{""cohort"": ""all""}"
mlflow://experiment-3/clinical-trial-enrollment-pred,recall,0.7745,2026-07-08T13:00:00Z,classification,"{""cohort"": ""all""}"
mlflow://experiment-3/clinical-trial-enrollment-pred,auc_roc,0.741,2026-07-08T13:00:00Z,classification,"{""cohort"": ""all""}"
mlflow://experiment-3/clinical-trial-enrollment-pred,accuracy,0.741,2026-07-10T03:00:00Z,classification,"{""cohort"": ""all""}"
mlflow://experiment-3/clinical-trial-enrollment-pred,precision,0.7419,2026-07-10T03:00:00Z,classification,"{""cohort"": ""all""}"
mlflow://experiment-3/clinical-trial-enrollment-pred,recall,0.7292,2026-07-10T03:00:00Z,classification,"{""cohort"": ""all""}"
mlflow://experiment-3/clinical-trial-enrollment-pred,f1_score,0.7426,2026-07-10T03:00:00Z,classification,"{""cohort"": ""all""}"
mlflow://experiment-3/clinical-trial-enrollment-pred,auc_roc,0.7571,2026-07-10T03:00:00Z,classification,"{""cohort"": ""all""}"
mlflow://experiment-3/clinical-trial-enrollment-pred,accuracy,0.7586,2026-07-11T07:00:00Z,classification,"{""cohort"": ""all""}"
mlflow://experiment-3/clinical-trial-enrollment-pred,precision,0.7263,2026-07-11T07:00:00Z,classification,"{""cohort"": ""all""}"
mlflow://experiment-3/clinical-trial-enrollment-pred,recall,0.7628,2026-07-11T07:00:00Z,classification,"{""cohort"": ""all""}"
mlflow://experiment-3/clinical-trial-enrollment-pred,f1_score,0.7534,2026-07-11T07:00:00Z,classification,"{""cohort"": ""all""}"
mlflow://experiment-3/clinical-trial-enrollment-pred,auc_roc,0.7694,2026-07-11T07:00:00Z,classification,"{""cohort"": ""all""}"
mlflow://experiment-3/clinical-trial-enrollment-pred,accuracy,0.7474,2026-07-12T04:00:00Z,classification,"{""cohort"": ""all""}"
mlflow://experiment-3/clinical-trial-enrollment-pred,precision,0.7388,2026-07-12T04:00:00Z,classification,"{""cohort"": ""all""}"
mlflow://experiment-3/clinical-trial-enrollment-pred,recall,0.7165,2026-07-12T04:00:00Z,classification,"{""cohort"": ""all""}"
mlflow://experiment-3/clinical-trial-enrollment-pred,f1_score,0.7361,2026-07-12T04:00:00Z,classification,"{""cohort"": ""all""}"
mlflow://experiment-3/clinical-trial-enrollment-pred,auc_roc,0.7654,2026-07-12T04:00:00Z,classification,"{""cohort"": ""all""}"
mlflow://experiment-3/clinical-trial-enrollment-pred,accuracy,0.7361,2026-07-13T00:00:00Z,classification,"{""cohort"": ""all""}"
mlflow://experiment-3/clinical-trial-enrollment-pred,precision,0.7422,2026-07-13T00:00:00Z,classification,"{""cohort"": ""all""}"
mlflow://experiment-3/clinical-trial-enrollment-pred,recall,0.7337,2026-07-13T00:00:00Z,classification,"{""cohort"": ""all""}"
mlflow://experiment-3/clinical-trial-enrollment-pred,f1_score,0.7233,2026-07-13T00:00:00Z,classification,"{""cohort"": ""all""}"
mlflow://experiment-3/clinical-trial-enrollment-pred,auc_roc,0.7506,2026-07-13T00:00:00Z,classification,"{""cohort"": ""all""}"
mlflow://experiment-3/clinical-trial-enrollment-pred,accuracy,0.7711,2026-07-14T11:00:00Z,classification,"{""cohort"": ""all""}"
mlflow://experiment-3/clinical-trial-enrollment-pred,precision,0.7396,2026-07-14T11:00:00Z,classification,"{""cohort"": ""all""}"
mlflow://experiment-3/clinical-trial-enrollment-pred,recall,0.7178,2026-07-14T11:00:00Z,classification,"{""cohort"": ""all""}"
mlflow://experiment-3/clinical-trial-enrollment-pred,f1_score,0.7629,2026-07-14T11:00:00Z,classification,"{""cohort"": ""all""}"
mlflow://experiment-3/clinical-trial-enrollment-pred,auc_roc,0.7122,2026-07-14T11:00:00Z,classification,"{""cohort"": ""all""}"
mlflow://experiment-3/clinical-trial-enrollment-pred,accuracy,0.7092,2026-07-15T11:00:00Z,classification,"{""cohort"": ""all""}"
mlflow://experiment-3/clinical-trial-enrollment-pred,precision,0.7344,2026-07-15T11:00:00Z,classification,"{""cohort"": ""all""}"
mlflow://experiment-3/clinical-trial-enrollment-pred,recall,0.7233,2026-07-15T11:00:00Z,classification,"{""cohort"": ""all""}"
mlflow://experiment-3/clinical-trial-enrollment-pred,f1_score,0.7231,2026-07-15T11:00:00Z,classification,"{""cohort"": ""all""}"
mlflow://experiment-3/clinical-trial-enrollment-pred,auc_roc,0.7486,2026-07-15T11:00:00Z,classification,"{""cohort"": ""all""}"
mlflow://experiment-3/clinical-trial-enrollment-pred,accuracy,0.7478,2026-07-16T08:00:00Z,classification,"{""cohort"": ""all""}"
mlflow://experiment-3/clinical-trial-enrollment-pred,precision,0.763,2026-07-16T08:00:00Z,classification,"{""cohort"": ""all""}"
mlflow://experiment-3/clinical-trial-enrollment-pred,recall,0.7019,2026-07-16T08:00:00Z,classification,"{""cohort"": ""all""}"
mlflow://experiment-3/clinical-trial-enrollment-pred,f1_score,0.7388,2026-07-16T08:00:00Z,classification,"{""cohort"": ""all""}"
mlflow://experiment-3/clinical-trial-enrollment-pred,auc_roc,0.7073,2026-07-16T08:00:00Z,classification,"{""cohort"": ""all""}"
mlflow://experiment-3/clinical-trial-enrollment-pred,accuracy,0.7031,2026-07-16T14:00:00Z,classification,"{""cohort"": ""all""}"
mlflow://experiment-3/clinical-trial-enrollment-pred,precision,0.7198,2026-07-16T14:00:00Z,classification,"{""cohort"": ""all""}"
mlflow://experiment-3/clinical-trial-enrollment-pred,recall,0.6831,2026-07-16T14:00:00Z,classification,"{""cohort"": ""all""}"
mlflow://experiment-3/clinical-trial-enrollment-pred,f1_score,0.7431,2026-07-16T14:00:00Z,classification,"{""cohort"": ""all""}"
mlflow://experiment-3/clinical-trial-enrollment-pred,auc_roc,0.7331,2026-07-16T14:00:00Z,classification,"{""cohort"": ""all""}"
mlflow://experiment-3/clinical-trial-enrollment-pred,accuracy,0.7411,2026-07-17T18:00:00Z,classification,"{""cohort"": ""all""}"
mlflow://experiment-3/clinical-trial-enrollment-pred,precision,0.7165,2026-07-17T18:00:00Z,classification,"{""cohort"": ""all""}"
mlflow://experiment-3/clinical-trial-enrollment-pred,recall,0.7206,2026-07-17T18:00:00Z,classification,"{""cohort"": ""all""}"
mlflow://experiment-3/clinical-trial-enrollment-pred,f1_score,0.7467,2026-07-17T18:00:00Z,classification,"{""cohort"": ""all""}"
mlflow://experiment-3/clinical-trial-enrollment-pred,auc_roc,0.737,2026-07-17T18:00:00Z,classification,"{""cohort"": ""all""}"
mlflow://experiment-3/clinical-trial-enrollment-pred,accuracy,0.7052,2026-07-18T13:00:00Z,classification,"{""cohort"": ""all""}"
mlflow://experiment-3/clinical-trial-enrollment-pred,precision,0.7263,2026-07-18T13:00:00Z,classification,"{""cohort"": ""all""}"
mlflow://experiment-3/clinical-trial-enrollment-pred,recall,0.713,2026-07-18T13:00:00Z,classification,"{""cohort"": ""all""}"
mlflow://experiment-3/clinical-trial-enrollment-pred,f1_score,0.7043,2026-07-18T13:00:00Z,classification,"{""cohort"": ""all""}"
mlflow://experiment-3/clinical-trial-enrollment-pred,auc_roc,0.7533,2026-07-18T13:00:00Z,classification,"{""cohort"": ""all""}"
mlflow://experiment-3/clinical-trial-enrollment-pred,accuracy,0.7189,2026-07-20T08:00:00Z,classification,"{""cohort"": ""all""}"
mlflow://experiment-3/clinical-trial-enrollment-pred,precision,0.733,2026-07-20T08:00:00Z,classification,"{""cohort"": ""all""}"
mlflow://experiment-3/clinical-trial-enrollment-pred,recall,0.6956,2026-07-20T08:00:00Z,classification,"{""cohort"": ""all""}"
mlflow://experiment-3/clinical-trial-enrollment-pred,f1_score,0.755,2026-07-20T08:00:00Z,classification,"{""cohort"": ""all""}"
mlflow://experiment-3/clinical-trial-enrollment-pred,auc_roc,0.7222,2026-07-20T08:00:00Z,classification,"{""cohort"": ""all""}"
mlflow://experiment-3/clinical-trial-enrollment-pred,accuracy,0.6796,2026-07-21T00:00:00Z,classification,"{""cohort"": ""all""}"
mlflow://experiment-3/clinical-trial-enrollment-pred,precision,0.7152,2026-07-21T00:00:00Z,classification,"{""cohort"": ""all""}"
mlflow://experiment-3/clinical-trial-enrollment-pred,recall,0.7329,2026-07-21T00:00:00Z,classification,"{""cohort"": ""all""}"
mlflow://experiment-3/clinical-trial-enrollment-pred,f1_score,0.7152,2026-07-21T00:00:00Z,classification,"{""cohort"": ""all""}"
mlflow://experiment-3/clinical-trial-enrollment-pred,auc_roc,0.7041,2026-07-21T00:00:00Z,classification,"{""cohort"": ""all""}"
mlflow://experiment-3/clinical-trial-enrollment-pred,accuracy,0.7191,2026-07-22T04:00:00Z,classification,"{""cohort"": ""all""}"
mlflow://experiment-3/clinical-trial-enrollment-pred,precision,0.7283,2026-07-22T04:00:00Z,classification,"{""cohort"": ""all""}"
mlflow://experiment-3/clinical-trial-enrollment-pred,recall,0.7011,2026-07-22T04:00:00Z,classification,"{""cohort"": ""all""}"
mlflow://experiment-3/clinical-trial-enrollment-pred,f1_score,0.7297,2026-07-22T04:00:00Z,classification,"{""cohort"": ""all""}"
mlflow://experiment-3/clinical-trial-enrollment-pred,auc_roc,0.7326,2026-07-22T04:00:00Z,classification,"{""cohort"": ""all""}"
mlflow://experiment-3/clinical-trial-enrollment-pred,accuracy,0.7176,2026-07-22T21:00:00Z,classification,"{""cohort"": ""all""}"
mlflow://experiment-3/clinical-trial-enrollment-pred,precision,0.7145,2026-07-22T21:00:00Z,classification,"{""cohort"": ""all""}"
mlflow://experiment-3/clinical-trial-enrollment-pred,recall,0.7254,2026-07-22T21:00:00Z,classification,"{""cohort"": ""all""}"
mlflow://experiment-3/clinical-trial-enrollment-pred,f1_score,0.7089,2026-07-22T21:00:00Z,classification,"{""cohort"": ""all""}"
mlflow://experiment-3/clinical-trial-enrollment-pred,auc_roc,0.7035,2026-07-22T21:00:00Z,classification,"{""cohort"": ""all""}"
mlflow://experiment-3/clinical-trial-enrollment-pred,accuracy,0.7136,2026-07-24T07:00:00Z,classification,"{""cohort"": ""all""}"
mlflow://experiment-3/clinical-trial-enrollment-pred,precision,0.7042,2026-07-24T07:00:00Z,classification,"{""cohort"": ""all""}"
mlflow://experiment-3/clinical-trial-enrollment-pred,recall,0.6956,2026-07-24T07:00:00Z,classification,"{""cohort"": ""all""}"
mlflow://experiment-3/clinical-trial-enrollment-pred,f1_score,0.7235,2026-07-24T07:00:00Z,classification,"{""cohort"": ""all""}"
mlflow://experiment-3/clinical-trial-enrollment-pred,auc_roc,0.7096,2026-07-24T07:00:00Z,classification,"{""cohort"": ""all""}"
mlflow://experiment-3/clinical-trial-enrollment-pred,accuracy,0.6704,2026-07-25T07:00:00Z,classification,"{""cohort"": ""all""}"
mlflow://experiment-3/clinical-trial-enrollment-pred,precision,0.73,2026-07-25T07:00:00Z,classification,"{""cohort"": ""all""}"
mlflow://experiment-3/clinical-trial-enrollment-pred,recall,0.7138,2026-07-25T07:00:00Z,classification,"{""cohort"": ""all""}"
mlflow://experiment-3/clinical-trial-enrollment-pred,f1_score,0.7622,2026-07-25T07:00:00Z,classification,"{""cohort"": ""all""}"
mlflow://experiment-3/clinical-trial-enrollment-pred,auc_roc,0.7079,2026-07-25T07:00:00Z,classification,"{""cohort"": ""all""}"
mlflow://experiment-3/clinical-trial-enrollment-pred,accuracy,0.7023,2026-07-25T14:00:00Z,classification,"{""cohort"": ""all""}"
mlflow://experiment-3/clinical-trial-enrollment-pred,precision,0.694,2026-07-25T14:00:00Z,classification,"{""cohort"": ""all""}"
mlflow://experiment-3/clinical-trial-enrollment-pred,recall,0.6788,2026-07-25T14:00:00Z,classification,"{""cohort"": ""all""}"
mlflow://experiment-3/clinical-trial-enrollment-pred,f1_score,0.7093,2026-07-25T14:00:00Z,classification,"{""cohort"": ""all""}"
mlflow://experiment-3/clinical-trial-enrollment-pred,auc_roc,0.7147,2026-07-25T14:00:00Z,classification,"{""cohort"": ""all""}"
mlflow://experiment-3/clinical-trial-enrollment-pred,accuracy,0.7142,2026-07-27T07:00:00Z,classification,"{""cohort"": ""all""}"
mlflow://experiment-3/clinical-trial-enrollment-pred,precision,0.7006,2026-07-27T07:00:00Z,classification,"{""cohort"": ""all""}"
mlflow://experiment-3/clinical-trial-enrollment-pred,recall,0.6907,2026-07-27T07:00:00Z,classification,"{""cohort"": ""all""}"
mlflow://experiment-3/clinical-trial-enrollment-pred,f1_score,0.7203,2026-07-27T07:00:00Z,classification,"{""cohort"": ""all""}"
mlflow://experiment-3/clinical-trial-enrollment-pred,auc_roc,0.7205,2026-07-27T07:00:00Z,classification,"{""cohort"": ""all""}"
mlflow://experiment-3/clinical-trial-enrollment-pred,accuracy,0.6949,2026-07-28T08:00:00Z,classification,"{""cohort"": ""all""}"
mlflow://experiment-3/clinical-trial-enrollment-pred,precision,0.7226,2026-07-28T08:00:00Z,classification,"{""cohort"": ""all""}"
mlflow://experiment-3/clinical-trial-enrollment-pred,recall,0.6831,2026-07-28T08:00:00Z,classification,"{""cohort"": ""all""}"
mlflow://experiment-3/clinical-trial-enrollment-pred,f1_score,0.6968,2026-07-28T08:00:00Z,classification,"{""cohort"": ""all""}"
mlflow://experiment-3/clinical-trial-enrollment-pred,auc_roc,0.687,2026-07-28T00:00:00Z,classification,"{""cohort"": ""all""}"
mlflow://experiment-3/clinical-trial-enrollment-pred,accuracy,0.662,2026-07-28T23:00:00Z,classification,"{""cohort"": ""all""}"
mlflow://experiment-3/clinical-trial-enrollment-pred,precision,0.6985,2026-07-28T23:00:00Z,classification,"{""cohort"": ""all""}"
mlflow://experiment-3/clinical-trial-enrollment-pred,recall,0.7088,2026-07-28T23:00:00Z,classification,"{""cohort"": ""all""}"
mlflow://experiment-3/clinical-trial-enrollment-pred,f1_score,0.7184,2026-07-28T23:00:00Z,classification,"{""cohort"": ""all""}"
mlflow://experiment-3/clinical-trial-enrollment-pred,auc_roc,0.7206,2026-07-28T23:00:00Z,classification,"{""cohort"": ""all""}"
mlflow://experiment-3/clinical-trial-enrollment-pred,accuracy,0.6951,2026-07-29T22:00:00Z,classification,"{""cohort"": ""all""}"
mlflow://experiment-3/clinical-trial-enrollment-pred,precision,0.6918,2026-07-29T22:00:00Z,classification,"{""cohort"": ""all""}"
mlflow://experiment-3/clinical-trial-enrollment-pred,f1_score,0.7253,2026-07-29T22:00:00Z,classification,"{""cohort"": ""all""}"
mlflow://experiment-3/clinical-trial-enrollment-pred,recall,0.7287,2026-07-29T22:00:00Z,classification,"{""cohort"": ""all""}"
mlflow://experiment-3/clinical-trial-enrollment-pred,auc_roc,0.6842,2026-07-29T22:00:00Z,classification,"{""cohort"": ""all""}"
mlflow://experiment-3/clinical-trial-enrollment-pred,accuracy,0.7021,2026-07-31T05:00:00Z,classification,"{""cohort"": ""all""}"
mlflow://experiment-3/clinical-trial-enrollment-pred,precision,0.7275,2026-07-31T05:00:00Z,classification,"{""cohort"": ""all""}"
mlflow://experiment-3/clinical-trial-enrollment-pred,recall,0.7253,2026-07-31T05:00:00Z,classification,"{""cohort"": ""all""}"
mlflow://experiment-3/clinical-trial-enrollment-pred,f1_score,0.698,2026-07-31T05:00:00Z,classification,"{""cohort"": ""all""}"
mlflow://experiment-3/clinical-trial-enrollment-pred,auc_roc,0.6887,2026-07-31T05:00:00Z,classification,"{""cohort"": ""all""}"
mlflow://experiment-4/disease-progression-forecaster,r2_score,0.8426,2026-05-03T07:00:00Z,regression,"{""cohort"": ""all""}"
mlflow://experiment-4/disease-progression-forecaster,mae,8.1519,2026-05-03T07:00:00Z,regression,"{""cohort"": ""all""}"
mlflow://experiment-4/disease-progression-forecaster,rmse,7.3468,2026-05-03T07:00:00Z,regression,"{""cohort"": ""all""}"
mlflow://experiment-4/disease-progression-forecaster,mape,15.0042,2026-05-03T07:00:00Z,regression,"{""cohort"": ""all""}"
mlflow://experiment-4/disease-progression-forecaster,r2_score,0.8208,2026-05-03T14:00:00Z,regression,"{""cohort"": ""all""}"
mlflow://experiment-4/disease-progression-forecaster,mae,7.6155,2026-05-03T14:00:00Z,regression,"{""cohort"": ""all""}"
mlflow://experiment-4/disease-progression-forecaster,rmse,7.304,2026-05-03T14:00:00Z,regression,"{""cohort"": ""all""}"
mlflow://experiment-4/disease-progression-forecaster,mape,14.8717,2026-05-03T14:00:00Z,regression,"{""cohort"": ""all""}"
mlflow://experiment-4/disease-progression-forecaster,r2_score,0.8961,2026-05-05T09:00:00Z,regression,"{""cohort"": ""all""}"
mlflow://experiment-4/disease-progression-forecaster,mae,7.1717,2026-05-05T09:00:00Z,regression,"{""cohort"": ""all""}"
mlflow://experiment-4/disease-progression-forecaster,rmse,7.1172,2026-05-05T09:00:00Z,regression,"{""cohort"": ""all""}"
mlflow://experiment-4/disease-progression-forecaster,mape,14.4949,2026-05-05T09:00:00Z,regression,"{""cohort"": ""all""}"
mlflow://experiment-4/disease-progression-forecaster,r2_score,0.824,2026-05-06T05:00:00Z,regression,"{""cohort"": ""all""}"
mlflow://experiment-4/disease-progression-forecaster,mae,7.1095,2026-05-06T05:00:00Z,regression,"{""cohort"": ""all""}"
mlflow://experiment-4/disease-progression-forecaster,rmse,7.5564,2026-05-06T05:00:00Z,regression,"{""cohort"": ""all""}"
mlflow://experiment-4/disease-progression-forecaster,mape,14.3598,2026-05-06T05:00:00Z,regression,"{""cohort"": ""all""}"
mlflow://experiment-4/disease-progression-forecaster,r2_score,0.8387,2026-05-07T10:00:00Z,regression,"{""cohort"": ""all""}"
mlflow://experiment-4/disease-progression-forecaster,mae,6.7943,2026-05-07T10:00:00Z,regression,"{""cohort"": ""all""}"
mlflow://experiment-4/disease-progression-forecaster,rmse,7.0476,2026-05-07T10:00:00Z,regression,"{""cohort"": ""all""}"
mlflow://experiment-4/disease-progression-forecaster,mape,14.3958,2026-05-07T10:00:00Z,regression,"{""cohort"": ""all""}"
mlflow://experiment-4/disease-progression-forecaster,r2_score,0.8604,2026-05-07T18:00:00Z,regression,"{""cohort"": ""all""}"
mlflow://experiment-4/disease-progression-forecaster,mae,6.9121,2026-05-07T18:00:00Z,regression,"{""cohort"": ""all""}"
mlflow://experiment-4/disease-progression-forecaster,rmse,6.8413,2026-05-07T18:00:00Z,regression,"{""cohort"": ""all""}"
mlflow://experiment-4/disease-progression-forecaster,mape,14.2553,2026-05-07T18:00:00Z,regression,"{""cohort"": ""all""}"
mlflow://experiment-4/disease-progression-forecaster,r2_score,0.8406,2026-05-09T06:00:00Z,regression,"{""cohort"": ""all""}"
mlflow://experiment-4/disease-progression-forecaster,mae,7.4471,2026-05-09T06:00:00Z,regression,"{""cohort"": ""all""}"
mlflow://experiment-4/disease-progression-forecaster,rmse,6.6588,2026-05-09T06:00:00Z,regression,"{""cohort"": ""all""}"
mlflow://experiment-4/disease-progression-forecaster,mape,14.0342,2026-05-09T06:00:00Z,regression,"{""cohort"": ""all""}"
mlflow://experiment-4/disease-progression-forecaster,r2_score,0.8743,2026-05-09T14:00:00Z,regression,"{""cohort"": ""all""}"
mlflow://experiment-4/disease-progression-forecaster,mae,7.0964,2026-05-09T14:00:00Z,regression,"{""cohort"": ""all""}"
mlflow://experiment-4/disease-progression-forecaster,rmse,6.9044,2026-05-09T14:00:00Z,regression,"{""cohort"": ""all""}"
mlflow://experiment-4/disease-progression-forecaster,mape,13.7825,2026-05-09T14:00:00Z,regression,"{""cohort"": ""all""}"
mlflow://experiment-4/disease-progression-forecaster,r2_score,0.8654,2026-05-11T01:00:00Z,regression,"{""cohort"": ""all""}"
mlflow://experiment-4/disease-progression-forecaster,mae,6.3454,2026-05-11T01:00:00Z,regression,"{""cohort"": ""all""}"
mlflow://experiment-4/disease-progression-forecaster,rmse,7.619,2026-05-11T01:00:00Z,regression,"{""cohort"": ""all""}"
mlflow://experiment-4/disease-progression-forecaster,mape,13.9796,2026-05-11T01:00:00Z,regression,"{""cohort"": ""all""}"
mlflow://experiment-4/disease-progression-forecaster,r2_score,0.8785,2026-05-12T08:00:00Z,regression,"{""cohort"": ""all""}"
mlflow://experiment-4/disease-progression-forecaster,mae,6.9759,2026-05-12T08:00:00Z,regression,"{""cohort"": ""all""}"
mlflow://experiment-4/disease-progression-forecaster,rmse,6.6687,2026-05-12T08:00:00Z,regression,"{""cohort"": ""all""}"
mlflow://experiment-4/disease-progression-forecaster,mape,13.6414,2026-05-12T08:00:00Z,regression,"{""cohort"": ""all""}"
mlflow://experiment-4/disease-progression-forecaster,r2_score,0.8589,2026-05-13T05:00:00Z,regression,"{""cohort"": ""all""}"
mlflow://experiment-4/disease-progression-forecaster,mae,6.6037,2026-05-13T05:00:00Z,regression,"{""cohort"": ""all""}"
mlflow://experiment-4/disease-progression-forecaster,rmse,7.0622,2026-05-13T05:00:00Z,regression,"{""cohort"": ""all""}"
mlflow://experiment-4/disease-progression-forecaster,mape,13.4664,2026-05-13T05:00:00Z,regression,"{""cohort"": ""all""}"
mlflow://experiment-4/disease-progression-forecaster,r2_score,0.8754,2026-05-13T13:00:00Z,regression,"{""cohort"": ""all""}"
mlflow://experiment-4/disease-progression-forecaster,mae,6.3589,2026-05-13T13:00:00Z,regression,"{""cohort"": ""all""}"
mlflow://experiment-4/disease-progression-forecaster,rmse,6.6155,2026-05-13T13:00:00Z,regression,"{""cohort"": ""all""}"
mlflow://experiment-4/disease-progression-forecaster,mape,13.4341,2026-05-13T13:00:00Z,regression,"{""cohort"": ""all""}"
mlflow://experiment-4/disease-progression-forecaster,r2_score,0.8736,2026-05-15T10:00:00Z,regression,"{""cohort"": ""all""}"
mlflow://experiment-4/disease-progression-forecaster,mae,7.3196,2026-05-15T10:00:00Z,regression,"{""cohort"": ""all""}"
mlflow://experiment-4/disease-progression-forecaster,rmse,6.3565,2026-05-15T10:00:00Z,regression,"{""cohort"": ""all""}"
mlflow://experiment-4/disease-progression-forecaster,mape,13.1855,2026-05-15T10:00:00Z,regression,"{""cohort"": ""all""}"
mlflow://experiment-4/disease-progression-forecaster,r2_score,0.8694,2026-05-15T14:00:00Z,regression,"{""cohort"": ""all""}"
mlflow://experiment-4/disease-progression-forecaster,mae,6.951,2026-05-15T14:00:00Z,regression,"{""cohort"": ""all""}"
mlflow://experiment-4/disease-progression-forecaster,rmse,6.3777,2026-05-15T14:00:00Z,regression,"{""cohort"": ""all""}"
mlflow://experiment-4/disease-progression-forecaster,mape,13.0256,2026-05-15T14:00:00Z,regression,"{""cohort"": ""all""}"
mlflow://experiment-4/disease-progression-forecaster,r2_score,0.866,2026-05-16T21:00:00Z,regression,"{""cohort"": ""all""}"
mlflow://experiment-4/disease-progression-forecaster,mae,6.3625,2026-05-16T21:00:00Z,regression,"{""cohort"": ""all""}"
mlflow://experiment-4/disease-progression-forecaster,rmse,6.1959,2026-05-16T21:00:00Z,regression,"{""cohort"": ""all""}"
mlflow://experiment-4/disease-progression-forecaster,mape,12.7445,2026-05-16T21:00:00Z,regression,"{""cohort"": ""all""}"
mlflow://experiment-4/disease-progression-forecaster,r2_score,0.885,2026-05-18T06:00:00Z,regression,"{""cohort"": ""all""}"
mlflow://experiment-4/disease-progression-forecaster,mae,6.7376,2026-05-18T06:00:00Z,regression,"{""cohort"": ""all""}"
mlflow://experiment-4/disease-progression-forecaster,rmse,6.3,2026-05-18T06:00:00Z,regression,"{""cohort"": ""all""}"
mlflow://experiment-4/disease-progression-forecaster,mape,12.549,2026-05-18T06:00:00Z,regression,"{""cohort"": ""all""}"
mlflow://experiment-4/disease-progression-forecaster,r2_score,0.903,2026-05-19T06:00:00Z,regression,"{""cohort"": ""all""}"
mlflow://experiment-4/disease-progression-forecaster,mae,6.4533,2026-05-19T06:00:00Z,regression,"{""cohort"": ""all""}"
mlflow://experiment-4/disease-progression-forecaster,rmse,6.9377,2026-05-19T06:00:00Z,regression,"{""cohort"": ""all""}"
mlflow://experiment-4/disease-progression-forecaster,mape,12.7785,2026-05-19T06:00:00Z,regression,"{""cohort"": ""all""}"
mlflow://experiment-4/disease-progression-forecaster,r2_score,0.8746,2026-05-20T06:00:00Z,regression,"{""cohort"": ""all""}"
mlflow://experiment-4/disease-progression-forecaster,mae,6.4306,2026-05-20T06:00:00Z,regression,"{""cohort"": ""all""}"
mlflow://experiment-4/disease-progression-forecaster,rmse,5.8508,2026-05-20T06:00:00Z,regression,"{""cohort"": ""all""}"
mlflow://experiment-4/disease-progression-forecaster,mape,12.3589,2026-05-20T06:00:00Z,regression,"{""cohort"": ""all""}"
mlflow://experiment-4/disease-progression-forecaster,r2_score,0.8559,2026-05-20T12:00:00Z,regression,"{""cohort"": ""all""}"
mlflow://experiment-4/disease-progression-forecaster,mae,6.1552,2026-05-20T12:00:00Z,regression,"{""cohort"": ""all""}"
mlflow://experiment-4/disease-progression-forecaster,rmse,5.9646,2026-05-20T12:00:00Z,regression,"{""cohort"": ""all""}"
mlflow://experiment-4/disease-progression-forecaster,mape,12.6642,2026-05-20T12:00:00Z,regression,"{""cohort"": ""all""}"
mlflow://experiment-4/disease-progression-forecaster,r2_score,0.8794,2026-05-22T03:00:00Z,regression,"{""cohort"": ""all""}"
mlflow://experiment-4/disease-progression-forecaster,mae,6.6192,2026-05-22T03:00:00Z,regression,"{""cohort"": ""all""}"
mlflow://experiment-4/disease-progression-forecaster,rmse,5.801,2026-05-22T03:00:00Z,regression,"{""cohort"": ""all""}"
mlflow://experiment-4/disease-progression-forecaster,mape,12.2418,2026-05-22T03:00:00Z,regression,"{""cohort"": ""all""}"
mlflow://experiment-4/disease-progression-forecaster,r2_score,0.895,2026-05-23T10:00:00Z,regression,"{""cohort"": ""all""}"
mlflow://experiment-4/disease-progression-forecaster,mae,6.1187,2026-05-23T10:00:00Z,regression,"{""cohort"": ""all""}"
mlflow://experiment-4/disease-progression-forecaster,rmse,5.7983,2026-05-23T10:00:00Z,regression,"{""cohort"": ""all""}"
mlflow://experiment-4/disease-progression-forecaster,mape,12.01,2026-05-23T10:00:00Z,regression,"{""cohort"": ""all""}"
mlflow://experiment-4/disease-progression-forecaster,r2_score,0.9,2026-05-24T07:00:00Z,regression,"{""cohort"": ""all""}"
mlflow://experiment-4/disease-progression-forecaster,mae,6.3933,2026-05-24T07:00:00Z,regression,"{""cohort"": ""all""}"
mlflow://experiment-4/disease-progression-forecaster,rmse,5.5485,2026-05-24T07:00:00Z,regression,"{""cohort"": ""all""}"
mlflow://experiment-4/disease-progression-forecaster,mape,12.2546,2026-05-24T07:00:00Z,regression,"{""cohort"": ""all""}"
mlflow://experiment-4/disease-progression-forecaster,r2_score,0.8908,2026-05-24T23:00:00Z,regression,"{""cohort"": ""all""}"
mlflow://experiment-4/disease-progression-forecaster,mae,5.8255,2026-05-24T23:00:00Z,regression,"{""cohort"": ""all""}"
mlflow://experiment-4/disease-progression-forecaster,rmse,5.5853,2026-05-24T23:00:00Z,regression,"{""cohort"": ""all""}"
mlflow://experiment-4/disease-progression-forecaster,mape,11.84,2026-05-24T23:00:00Z,regression,"{""cohort"": ""all""}"
mlflow://experiment-4/disease-progression-forecaster,r2_score,0.8849,2026-05-25T22:00:00Z,regression,"{""cohort"": ""all""}"
mlflow://experiment-4/disease-progression-forecaster,mae,5.9282,2026-05-25T22:00:00Z,regression,"{""cohort"": ""all""}"
mlflow://experiment-4/disease-progression-forecaster,rmse,5.6179,2026-05-25T22:00:00Z,regression,"{""cohort"": ""all""}"
mlflow://experiment-4/disease-progression-forecaster,mape,11.5757,2026-05-25T22:00:00Z,regression,"{""cohort"": ""all""}"
mlflow://experiment-4/disease-progression-forecaster,r2_score,0.8823,2026-05-26T13:00:00Z,regression,"{""cohort"": ""all""}"
mlflow://experiment-4/disease-progression-forecaster,mae,5.986,2026-05-26T13:00:00Z,regression,"{""cohort"": ""all""}"
mlflow://experiment-4/disease-progression-forecaster,rmse,5.5303,2026-05-26T13:00:00Z,regression,"{""cohort"": ""all""}"
mlflow://experiment-4/disease-progression-forecaster,mape,11.3249,2026-05-26T13:00:00Z,regression,"{""cohort"": ""all""}"
mlflow://experiment-4/disease-progression-forecaster,r2_score,0.9011,2026-05-27T17:00:00Z,regression,"{""cohort"": ""all""}"
mlflow://experiment-4/disease-progression-forecaster,mae,4.9809,2026-05-27T17:00:00Z,regression,"{""cohort"": ""all""}"
mlflow://experiment-4/disease-progression-forecaster,rmse,5.5899,2026-05-27T17:00:00Z,regression,"{""cohort"": ""all""}"
mlflow://experiment-4/disease-progression-forecaster,mape,11.1543,2026-05-27T17:00:00Z,regression,"{""cohort"": ""all""}"
mlflow://experiment-4/disease-progression-forecaster,r2_score,0.871,2026-05-28T17:00:00Z,regression,"{""cohort"": ""all""}"
mlflow://experiment-4/disease-progression-forecaster,mae,5.5539,2026-05-28T17:00:00Z,regression,"{""cohort"": ""all""}"
mlflow://experiment-4/disease-progression-forecaster,rmse,5.2923,2026-05-28T17:00:00Z,regression,"{""cohort"": ""all""}"
mlflow://experiment-4/disease-progression-forecaster,mape,11.101,2026-05-28T17:00:00Z,regression,"{""cohort"": ""all""}"
mlflow://experiment-4/disease-progression-forecaster,r2_score,0.9032,2026-05-29T12:00:00Z,regression,"{""cohort"": ""all""}"
mlflow://experiment-4/disease-progression-forecaster,mae,5.6358,2026-05-29T12:00:00Z,regression,"{""cohort"": ""all""}"
mlflow://experiment-4/disease-progression-forecaster,rmse,5.2603,2026-05-29T12:00:00Z,regression,"{""cohort"": ""all""}"
mlflow://experiment-4/disease-progression-forecaster,r2_score,0.8891,2026-05-31T06:00:00Z,regression,"{""cohort"": ""all""}"
mlflow://experiment-4/disease-progression-forecaster,mape,10.9796,2026-05-29T12:00:00Z,regression,"{""cohort"": ""all""}"
mlflow://experiment-4/disease-progression-forecaster,mae,5.4771,2026-05-31T06:00:00Z,regression,"{""cohort"": ""all""}"
mlflow://experiment-4/disease-progression-forecaster,rmse,4.7797,2026-05-31T06:00:00Z,regression,"{""cohort"": ""all""}"
mlflow://experiment-4/disease-progression-forecaster,mape,10.81,2026-05-31T06:00:00Z,regression,"{""cohort"": ""all""}"
mlflow://experiment-4/disease-progression-forecaster,r2_score,0.8877,2026-06-01T08:00:00Z,regression,"{""cohort"": ""all""}"
mlflow://experiment-4/disease-progression-forecaster,mae,5.1075,2026-06-01T08:00:00Z,regression,"{""cohort"": ""all""}"
mlflow://experiment-4/disease-progression-forecaster,rmse,5.4679,2026-06-01T08:00:00Z,regression,"{""cohort"": ""all""}"
mlflow://experiment-4/disease-progression-forecaster,mape,10.6537,2026-06-01T08:00:00Z,regression,"{""cohort"": ""all""}"
mlflow://experiment-4/disease-progression-forecaster,r2_score,0.9129,2026-06-01T16:00:00Z,regression,"{""cohort"": ""all""}"
mlflow://experiment-4/disease-progression-forecaster,mae,4.9243,2026-06-01T16:00:00Z,regression,"{""cohort"": ""all""}"
mlflow://experiment-4/disease-progression-forecaster,rmse,5.2749,2026-06-01T16:00:00Z,regression,"{""cohort"": ""all""}"
mlflow://experiment-4/disease-progression-forecaster,mape,10.3574,2026-06-01T16:00:00Z,regression,"{""cohort"": ""all""}"
mlflow://experiment-4/disease-progression-forecaster,r2_score,0.9148,2026-06-03T00:00:00Z,regression,"{""cohort"": ""all""}"
mlflow://experiment-4/disease-progression-forecaster,mae,5.2968,2026-06-03T00:00:00Z,regression,"{""cohort"": ""all""}"
mlflow://experiment-4/disease-progression-forecaster,rmse,5.0142,2026-06-03T00:00:00Z,regression,"{""cohort"": ""all""}"
mlflow://experiment-4/disease-progression-forecaster,mape,10.4441,2026-06-03T00:00:00Z,regression,"{""cohort"": ""all""}"
mlflow://experiment-4/disease-progression-forecaster,r2_score,0.8725,2026-06-04T00:00:00Z,regression,"{""cohort"": ""all""}"
mlflow://experiment-4/disease-progression-forecaster,mae,5.0864,2026-06-04T00:00:00Z,regression,"{""cohort"": ""all""}"
mlflow://experiment-4/disease-progression-forecaster,rmse,4.9326,2026-06-04T00:00:00Z,regression,"{""cohort"": ""all""}"
mlflow://experiment-4/disease-progression-forecaster,mape,10.6431,2026-06-04T00:00:00Z,regression,"{""cohort"": ""all""}"
mlflow://experiment-4/disease-progression-forecaster,r2_score,0.8935,2026-06-05T09:00:00Z,regression,"{""cohort"": ""all""}"
mlflow://experiment-4/disease-progression-forecaster,mae,4.9238,2026-06-05T09:00:00Z,regression,"{""cohort"": ""all""}"
mlflow://experiment-4/disease-progression-forecaster,rmse,5.2631,2026-06-05T09:00:00Z,regression,"{""cohort"": ""all""}"
mlflow://experiment-4/disease-progression-forecaster,mape,10.1328,2026-06-05T09:00:00Z,regression,"{""cohort"": ""all""}"
mlflow://experiment-4/disease-progression-forecaster,r2_score,0.8876,2026-06-05T22:00:00Z,regression,"{""cohort"": ""all""}"
mlflow://experiment-4/disease-progression-forecaster,mae,4.8483,2026-06-05T22:00:00Z,regression,"{""cohort"": ""all""}"
mlflow://experiment-4/disease-progression-forecaster,rmse,5.2012,2026-06-05T22:00:00Z,regression,"{""cohort"": ""all""}"
mlflow://experiment-4/disease-progression-forecaster,mape,10.0604,2026-06-05T22:00:00Z,regression,"{""cohort"": ""all""}"
mlflow://experiment-4/disease-progression-forecaster,r2_score,0.8979,2026-06-07T00:00:00Z,regression,"{""cohort"": ""all""}"
mlflow://experiment-4/disease-progression-forecaster,mae,4.875,2026-06-07T00:00:00Z,regression,"{""cohort"": ""all""}"
mlflow://experiment-4/disease-progression-forecaster,rmse,5.051,2026-06-07T00:00:00Z,regression,"{""cohort"": ""all""}"
mlflow://experiment-4/disease-progression-forecaster,mape,9.8524,2026-06-07T00:00:00Z,regression,"{""cohort"": ""all""}"
mlflow://experiment-4/disease-progression-forecaster,r2_score,0.8955,2026-06-08T03:00:00Z,regression,"{""cohort"": ""all""}"
mlflow://experiment-4/disease-progression-forecaster,mae,4.7794,2026-06-08T03:00:00Z,regression,"{""cohort"": ""all""}"
mlflow://experiment-4/disease-progression-forecaster,rmse,,2026-06-08T03:00:00Z,regression,"{""cohort"": ""all""}"
mlflow://experiment-4/disease-progression-forecaster,mape,9.5488,2026-06-08T03:00:00Z,regression,"{""cohort"": ""all""}"
mlflow://experiment-4/disease-progression-forecaster,r2_score,0.8992,2026-06-09T07:00:00Z,regression,"{""cohort"": ""all""}"
mlflow://experiment-4/disease-progression-forecaster,mae,4.9974,2026-06-09T07:00:00Z,regression,"{""cohort"": ""all""}"
mlflow://experiment-4/disease-progression-forecaster,rmse,4.2959,2026-06-09T07:00:00Z,regression,"{""cohort"": ""all""}"
mlflow://experiment-4/disease-progression-forecaster,mape,9.2572,2026-06-09T07:00:00Z,regression,"{""cohort"": ""all""}"
mlflow://experiment-4/disease-progression-forecaster,r2_score,0.8925,2026-06-10T06:00:00Z,regression,"{""cohort"": ""all""}"
mlflow://experiment-4/disease-progression-forecaster,mae,5.1322,2026-06-10T06:00:00Z,regression,"{""cohort"": ""all""}"
mlflow://experiment-4/disease-progression-forecaster,rmse,4.1885,2026-06-10T06:00:00Z,regression,"{""cohort"": ""all""}"
mlflow://experiment-4/disease-progression-forecaster,mape,9.2525,2026-06-10T06:00:00Z,regression,"{""cohort"": ""all""}"
mlflow://experiment-4/disease-progression-forecaster,r2_score,0.9058,2026-06-10T21:00:00Z,regression,"{""cohort"": ""all""}"
mlflow://experiment-4/disease-progression-forecaster,mae,4.5836,2026-06-10T21:00:00Z,regression,"{""cohort"": ""all""}"
mlflow://experiment-4/disease-progression-forecaster,rmse,4.5044,2026-06-10T21:00:00Z,regression,"{""cohort"": ""all""}"
mlflow://experiment-4/disease-progression-forecaster,mape,9.2131,2026-06-10T21:00:00Z,regression,"{""cohort"": ""all""}"
mlflow://experiment-4/disease-progression-forecaster,r2_score,0.8868,2026-06-12T01:00:00Z,regression,"{""cohort"": ""all""}"
mlflow://experiment-4/disease-progression-forecaster,mae,4.2312,2026-06-12T01:00:00Z,regression,"{""cohort"": ""all""}"
mlflow://experiment-4/disease-progression-forecaster,rmse,4.4293,2026-06-12T01:00:00Z,regression,"{""cohort"": ""all""}"
mlflow://experiment-4/disease-progression-forecaster,mape,8.7738,2026-06-12T01:00:00Z,regression,"{""cohort"": ""all""}"
mlflow://experiment-4/disease-progression-forecaster,r2_score,0.9018,2026-06-12T12:00:00Z,regression,"{""cohort"": ""all""}"
mlflow://experiment-4/disease-progression-forecaster,mae,4.2902,2026-06-12T12:00:00Z,regression,"{""cohort"": ""all""}"
mlflow://experiment-4/disease-progression-forecaster,rmse,3.9764,2026-06-12T12:00:00Z,regression,"{""cohort"": ""all""}"
mlflow://experiment-4/disease-progression-forecaster,mape,8.5173,2026-06-12T12:00:00Z,regression,"{""cohort"": ""all""}"
mlflow://experiment-4/disease-progression-forecaster,r2_score,0.8918,2026-06-14T06:00:00Z,regression,"{""cohort"": ""all""}"
mlflow://experiment-4/disease-progression-forecaster,mae,4.1252,2026-06-14T06:00:00Z,regression,"{""cohort"": ""all""}"
mlflow://experiment-4/disease-progression-forecaster,rmse,4.1912,2026-06-14T06:00:00Z,regression,"{""cohort"": ""all""}"
mlflow://experiment-4/disease-progression-forecaster,mape,8.654,2026-06-14T06:00:00Z,regression,"{""cohort"": ""all""}"
mlflow://experiment-4/disease-progression-forecaster,r2_score,0.9098,2026-06-15T08:00:00Z,regression,"{""cohort"": ""all""}"
mlflow://experiment-4/disease-progression-forecaster,mae,3.7656,2026-06-15T08:00:00Z,regression,"{""cohort"": ""all""}"
mlflow://experiment-4/disease-progression-forecaster,rmse,3.8685,2026-06-15T08:00:00Z,regression,"{""cohort"": ""all""}"
mlflow://experiment-4/disease-progression-forecaster,mape,8.7404,2026-06-15T08:00:00Z,regression,"{""cohort"": ""all""}"
mlflow://experiment-4/disease-progression-forecaster,r2_score,0.9518,2026-06-15T19:00:00Z,regression,"{""cohort"": ""all""}"
mlflow://experiment-4/disease-progression-forecaster,mae,4.3439,2026-06-15T19:00:00Z,regression,"{""cohort"": ""all""}"
mlflow://experiment-4/disease-progression-forecaster,mape,8.4187,2026-06-15T19:00:00Z,regression,"{""cohort"": ""all""}"
mlflow://experiment-4/disease-progression-forecaster,rmse,4.2452,2026-06-15T19:00:00Z,regression,"{""cohort"": ""all""}"
mlflow://experiment-4/disease-progression-forecaster,r2_score,0.904,2026-06-16T22:00:00Z,regression,"{""cohort"": ""all""}"
mlflow://experiment-4/disease-progression-forecaster,mae,4.2762,2026-06-16T22:00:00Z,regression,"{""cohort"": ""all""}"
mlflow://experiment-4/disease-progression-forecaster,rmse,4.2262,2026-06-16T22:00:00Z,regression,"{""cohort"": ""all""}"
mlflow://experiment-4/disease-progression-forecaster,mape,8.4197,2026-06-16T22:00:00Z,regression,"{""cohort"": ""all""}"
mlflow://experiment-4/disease-progression-forecaster,r2_score,0.9457,2026-06-18T07:00:00Z,regression,"{""cohort"": ""all""}"
mlflow://experiment-4/disease-progression-forecaster,mae,3.7582,2026-06-18T07:00:00Z,regression,"{""cohort"": ""all""}"
mlflow://experiment-4/disease-progression-forecaster,rmse,4.0404,2026-06-18T07:00:00Z,regression,"{""cohort"": ""all""}"
mlflow://experiment-4/disease-progression-forecaster,mape,8.0464,2026-06-18T07:00:00Z,regression,"{""cohort"": ""all""}"
mlflow://experiment-4/disease-progression-forecaster,r2_score,0.9014,2026-06-18T16:00:00Z,regression,"{""cohort"": ""all""}"
mlflow://experiment-4/disease-progression-forecaster,mae,3.9299,2026-06-18T16:00:00Z,regression,"{""cohort"": ""all""}"
mlflow://experiment-4/disease-progression-forecaster,rmse,4.3172,2026-06-18T16:00:00Z,regression,"{""cohort"": ""all""}"
mlflow://experiment-4/disease-progression-forecaster,mape,7.948,2026-06-18T16:00:00Z,regression,"{""cohort"": ""all""}"
mlflow://experiment-4/disease-progression-forecaster,r2_score,0.9184,2026-06-20T00:00:00Z,regression,"{""cohort"": ""all""}"
mlflow://experiment-4/disease-progression-forecaster,mae,4.0704,2026-06-20T00:00:00Z,regression,"{""cohort"": ""all""}"
mlflow://experiment-4/disease-progression-forecaster,rmse,4.1338,2026-06-20T00:00:00Z,regression,"{""cohort"": ""all""}"
mlflow://experiment-4/disease-progression-forecaster,mape,7.728,2026-06-20T00:00:00Z,regression,"{""cohort"": ""all""}"
mlflow://experiment-4/disease-progression-forecaster,r2_score,0.91,2026-06-20T23:00:00Z,regression,"{""cohort"": ""all""}"
mlflow://experiment-4/disease-progression-forecaster,mae,3.2859,2026-06-20T23:00:00Z,regression,"{""cohort"": ""all""}"
mlflow://experiment-4/disease-progression-forecaster,rmse,3.5968,2026-06-20T23:00:00Z,regression,"{""cohort"": ""all""}"
mlflow://experiment-4/disease-progression-forecaster,mape,7.4046,2026-06-20T23:00:00Z,regression,"{""cohort"": ""all""}"
mlflow://experiment-4/disease-progression-forecaster,r2_score,0.9175,2026-06-21T20:00:00Z,regression,"{""cohort"": ""all""}"
mlflow://experiment-4/disease-progression-forecaster,mae,3.625,2026-06-21T20:00:00Z,regression,"{""cohort"": ""all""}"
mlflow://experiment-4/disease-progression-forecaster,rmse,3.7584,2026-06-21T20:00:00Z,regression,"{""cohort"": ""all""}"
mlflow://experiment-4/disease-progression-forecaster,mape,7.6917,2026-06-21T20:00:00Z,regression,"{""cohort"": ""all""}"
mlflow://experiment-4/disease-progression-forecaster,r2_score,0.9662,2026-06-22T19:00:00Z,regression,"{""cohort"": ""all""}"
mlflow://experiment-4/disease-progression-forecaster,mae,3.3688,2026-06-22T19:00:00Z,regression,"{""cohort"": ""all""}"
mlflow://experiment-4/disease-progression-forecaster,rmse,3.7372,2026-06-22T19:00:00Z,regression,"{""cohort"": ""all""}"
mlflow://experiment-4/disease-progression-forecaster,mape,7.1177,2026-06-22T19:00:00Z,regression,"{""cohort"": ""all""}"
mlflow://experiment-4/disease-progression-forecaster,r2_score,0.9243,2026-06-24T10:00:00Z,regression,"{""cohort"": ""all""}"
mlflow://experiment-4/disease-progression-forecaster,mae,3.3484,2026-06-24T10:00:00Z,regression,"{""cohort"": ""all""}"
mlflow://experiment-4/disease-progression-forecaster,rmse,3.1935,2026-06-24T10:00:00Z,regression,"{""cohort"": ""all""}"
mlflow://experiment-4/disease-progression-forecaster,mape,7.4842,2026-06-24T10:00:00Z,regression,"{""cohort"": ""all""}"
mlflow://experiment-4/disease-progression-forecaster,r2_score,0.9284,2026-06-25T11:00:00Z,regression,"{""cohort"": ""all""}"
mlflow://experiment-4/disease-progression-forecaster,mae,3.6763,2026-06-25T11:00:00Z,regression,"{""cohort"": ""all""}"
mlflow://experiment-4/disease-progression-forecaster,rmse,3.3946,2026-06-25T11:00:00Z,regression,"{""cohort"": ""all""}"
mlflow://experiment-4/disease-progression-forecaster,mape,6.9187,2026-06-25T11:00:00Z,regression,"{""cohort"": ""all""}"
mlflow://experiment-4/disease-progression-forecaster,r2_score,0.9465,2026-06-26T00:00:00Z,regression,"{""cohort"": ""all""}"
mlflow://experiment-4/disease-progression-forecaster,mae,2.7717,2026-06-26T00:00:00Z,regression,"{""cohort"": ""all""}"
mlflow://experiment-4/disease-progression-forecaster,rmse,3.5336,2026-06-26T00:00:00Z,regression,"{""cohort"": ""all""}"
mlflow://experiment-4/disease-progression-forecaster,mape,6.783,2026-06-26T00:00:00Z,regression,"{""cohort"": ""all""}"
mlflow://experiment-4/disease-progression-forecaster,r2_score,0.9383,2026-06-26T21:00:00Z,regression,"{""cohort"": ""all""}"
mlflow://experiment-4/disease-progression-forecaster,mae,3.3413,2026-06-26T21:00:00Z,regression,"{""cohort"": ""all""}"
mlflow://experiment-4/disease-progression-forecaster,rmse,3.7642,2026-06-26T21:00:00Z,regression,"{""cohort"": ""all""}"
mlflow://experiment-4/disease-progression-forecaster,mape,6.6493,2026-06-26T21:00:00Z,regression,"{""cohort"": ""all""}"
mlflow://experiment-4/disease-progression-forecaster,r2_score,0.924,2026-06-28T11:00:00Z,regression,"{""cohort"": ""all""}"
mlflow://experiment-4/disease-progression-forecaster,mae,3.3264,2026-06-28T11:00:00Z,regression,"{""cohort"": ""all""}"
mlflow://experiment-4/disease-progression-forecaster,rmse,2.6228,2026-06-28T11:00:00Z,regression,"{""cohort"": ""all""}"
mlflow://experiment-4/disease-progression-forecaster,mape,6.5163,2026-06-28T11:00:00Z,regression,"{""cohort"": ""all""}"
mlflow://experiment-4/disease-progression-forecaster,r2_score,0.9345,2026-06-29T10:00:00Z,regression,"{""cohort"": ""all""}"
mlflow://experiment-4/disease-progression-forecaster,mae,3.368,2026-06-29T10:00:00Z,regression,"{""cohort"": ""all""}"
mlflow://experiment-4/disease-progression-forecaster,rmse,3.2123,2026-06-29T10:00:00Z,regression,"{""cohort"": ""all""}"
mlflow://experiment-4/disease-progression-forecaster,mape,6.3392,2026-06-29T10:00:00Z,regression,"{""cohort"": ""all""}"
mlflow://experiment-4/disease-progression-forecaster,r2_score,0.9281,2026-06-29T13:00:00Z,regression,"{""cohort"": ""all""}"
mlflow://experiment-4/disease-progression-forecaster,mae,2.8267,2026-06-29T13:00:00Z,regression,"{""cohort"": ""all""}"
mlflow://experiment-4/disease-progression-forecaster,rmse,3.0862,2026-06-29T13:00:00Z,regression,"{""cohort"": ""all""}"
mlflow://experiment-4/disease-progression-forecaster,mape,6.2625,2026-06-29T13:00:00Z,regression,"{""cohort"": ""all""}"
mlflow://experiment-4/disease-progression-forecaster,r2_score,0.9303,2026-07-01T01:00:00Z,regression,"{""cohort"": ""all""}"
mlflow://experiment-4/disease-progression-forecaster,mae,3.372,2026-07-01T01:00:00Z,regression,"{""cohort"": ""all""}"
mlflow://experiment-4/disease-progression-forecaster,rmse,3.0066,2026-07-01T01:00:00Z,regression,"{""cohort"": ""all""}"
mlflow://experiment-4/disease-progression-forecaster,r2_score,0.9487,2026-07-02T05:00:00Z,regression,"{""cohort"": ""all""}"
mlflow://experiment-4/disease-progression-forecaster,mape,6.0759,2026-07-01T01:00:00Z,regression,"{""cohort"": ""all""}"
mlflow://experiment-4/disease-progression-forecaster,mae,2.9757,2026-07-02T05:00:00Z,regression,"{""cohort"": ""all""}"
mlflow://experiment-4/disease-progression-forecaster,rmse,2.6456,2026-07-02T05:00:00Z,regression,"{""cohort"": ""all""}"
mlflow://experiment-4/disease-progression-forecaster,mape,5.7465,2026-07-02T05:00:00Z,regression,"{""cohort"": ""all""}"
mlflow://experiment-4/disease-progression-forecaster,r2_score,0.9316,2026-07-03T03:00:00Z,regression,"{""cohort"": ""all""}"
mlflow://experiment-4/disease-progression-forecaster,mae,2.9533,2026-07-03T03:00:00Z,regression,"{""cohort"": ""all""}"
mlflow://experiment-4/disease-progression-forecaster,rmse,3.1823,2026-07-03T03:00:00Z,regression,"{""cohort"": ""all""}"
mlflow://experiment-4/disease-progression-forecaster,mape,5.8203,2026-07-03T03:00:00Z,regression,"{""cohort"": ""all""}"
mlflow://experiment-4/disease-progression-forecaster,r2_score,0.9669,2026-07-04T08:00:00Z,regression,"{""cohort"": ""all""}"
mlflow://experiment-4/disease-progression-forecaster,mae,3.0365,2026-07-04T08:00:00Z,regression,"{""cohort"": ""all""}"
mlflow://experiment-4/disease-progression-forecaster,rmse,2.7244,2026-07-04T08:00:00Z,regression,"{""cohort"": ""all""}"
mlflow://experiment-4/disease-progression-forecaster,mape,5.6109,2026-07-04T08:00:00Z,regression,"{""cohort"": ""all""}"
mlflow://experiment-4/disease-progression-forecaster,r2_score,0.9386,2026-07-05T11:00:00Z,regression,"{""cohort"": ""all""}"
mlflow://experiment-4/disease-progression-forecaster,mae,2.0803,2026-07-05T11:00:00Z,regression,"{""cohort"": ""all""}"
mlflow://experiment-4/disease-progression-forecaster,rmse,2.9341,2026-07-05T11:00:00Z,regression,"{""cohort"": ""all""}"
mlflow://experiment-4/disease-progression-forecaster,mape,5.5017,2026-07-05T11:00:00Z,regression,"{""cohort"": ""all""}"
mlflow://experiment-4/disease-progression-forecaster,r2_score,0.9497,2026-07-05T17:00:00Z,regression,"{""cohort"": ""all""}"
mlflow://experiment-4/disease-progression-forecaster,mae,2.6671,2026-07-05T17:00:00Z,regression,"{""cohort"": ""all""}"
mlflow://experiment-4/disease-progression-forecaster,rmse,2.9724,2026-07-05T17:00:00Z,regression,"{""cohort"": ""all""}"
mlflow://experiment-4/disease-progression-forecaster,mape,5.1736,2026-07-05T17:00:00Z,regression,"{""cohort"": ""all""}"
mlflow://experiment-4/disease-progression-forecaster,r2_score,0.9829,2026-07-06T17:00:00Z,regression,"{""cohort"": ""all""}"
mlflow://experiment-4/disease-progression-forecaster,mae,2.3273,2026-07-06T17:00:00Z,regression,"{""cohort"": ""all""}"
mlflow://experiment-4/disease-progression-forecaster,rmse,3.1738,2026-07-06T17:00:00Z,regression,"{""cohort"": ""all""}"
mlflow://experiment-4/disease-progression-forecaster,mape,5.1124,2026-07-06T17:00:00Z,regression,"{""cohort"": ""all""}"
mlflow://experiment-4/disease-progression-forecaster,r2_score,0.9429,2026-07-07T12:00:00Z,regression,"{""cohort"": ""all""}"
mlflow://experiment-4/disease-progression-forecaster,mae,2.939,2026-07-07T12:00:00Z,regression,"{""cohort"": ""all""}"
mlflow://experiment-4/disease-progression-forecaster,rmse,2.7941,2026-07-07T12:00:00Z,regression,"{""cohort"": ""all""}"
mlflow://experiment-4/disease-progression-forecaster,mape,5.0411,2026-07-07T12:00:00Z,regression,"{""cohort"": ""all""}"
mlflow://experiment-4/disease-progression-forecaster,r2_score,0.9692,2026-07-09T02:00:00Z,regression,"{""cohort"": ""all""}"
mlflow://experiment-4/disease-progression-forecaster,mae,2.4493,2026-07-09T02:00:00Z,regression,"{""cohort"": ""all""}"
mlflow://experiment-4/disease-progression-forecaster,rmse,1.7669,2026-07-09T02:00:00Z,regression,"{""cohort"": ""all""}"
mlflow://experiment-4/disease-progression-forecaster,mape,4.9635,2026-07-09T02:00:00Z,regression,"{""cohort"": ""all""}"
mlflow://experiment-4/disease-progression-forecaster,r2_score,0.9424,2026-07-10T04:00:00Z,regression,"{""cohort"": ""all""}"
mlflow://experiment-4/disease-progression-forecaster,mae,2.4392,2026-07-10T04:00:00Z,regression,"{""cohort"": ""all""}"
mlflow://experiment-4/disease-progression-forecaster,rmse,2.5357,2026-07-10T04:00:00Z,regression,"{""cohort"": ""all""}"
mlflow://experiment-4/disease-progression-forecaster,mape,4.8581,2026-07-10T04:00:00Z,regression,"{""cohort"": ""all""}"
mlflow://experiment-4/disease-progression-forecaster,r2_score,0.9393,2026-07-11T02:00:00Z,regression,"{""cohort"": ""all""}"
mlflow://experiment-4/disease-progression-forecaster,mae,1.9415,2026-07-11T02:00:00Z,regression,"{""cohort"": ""all""}"
mlflow://experiment-4/disease-progression-forecaster,rmse,2.596,2026-07-11T02:00:00Z,regression,"{""cohort"": ""all""}"
mlflow://experiment-4/disease-progression-forecaster,mape,4.662,2026-07-11T02:00:00Z,regression,"{""cohort"": ""all""}"
mlflow://experiment-4/disease-progression-forecaster,r2_score,0.932,2026-07-11T21:00:00Z,regression,"{""cohort"": ""all""}"
mlflow://experiment-4/disease-progression-forecaster,mae,2.0414,2026-07-11T21:00:00Z,regression,"{""cohort"": ""all""}"
mlflow://experiment-4/disease-progression-forecaster,rmse,2.5166,2026-07-11T21:00:00Z,regression,"{""cohort"": ""all""}"
mlflow://experiment-4/disease-progression-forecaster,mape,4.7636,2026-07-11T21:00:00Z,regression,"{""cohort"": ""all""}"
mlflow://experiment-4/disease-progression-forecaster,r2_score,0.9649,2026-07-13T00:00:00Z,regression,"{""cohort"": ""all""}"
mlflow://experiment-4/disease-progression-forecaster,mae,1.8554,2026-07-13T00:00:00Z,regression,"{""cohort"": ""all""}"
mlflow://experiment-4/disease-progression-forecaster,rmse,2.5566,2026-07-13T00:00:00Z,regression,"{""cohort"": ""all""}"
mlflow://experiment-4/disease-progression-forecaster,mape,4.4657,2026-07-13T00:00:00Z,regression,"{""cohort"": ""all""}"
mlflow://experiment-4/disease-progression-forecaster,r2_score,0.975,2026-07-13T17:00:00Z,regression,"{""cohort"": ""all""}"
mlflow://experiment-4/disease-progression-forecaster,mae,2.0608,2026-07-13T17:00:00Z,regression,"{""cohort"": ""all""}"
mlflow://experiment-4/disease-progression-forecaster,rmse,2.1323,2026-07-13T17:00:00Z,regression,"{""cohort"": ""all""}"
mlflow://experiment-4/disease-progression-forecaster,mape,4.1931,2026-07-13T17:00:00Z,regression,"{""cohort"": ""all""}"
mlflow://experiment-4/disease-progression-forecaster,r2_score,0.9618,2026-07-15T00:00:00Z,regression,"{""cohort"": ""all""}"
mlflow://experiment-4/disease-progression-forecaster,mae,2.5252,2026-07-15T00:00:00Z,regression,"{""cohort"": ""all""}"
mlflow://experiment-4/disease-progression-forecaster,rmse,2.2688,2026-07-15T00:00:00Z,regression,"{""cohort"": ""all""}"
mlflow://experiment-4/disease-progression-forecaster,mape,4.0138,2026-07-15T00:00:00Z,regression,"{""cohort"": ""all""}"
mlflow://experiment-4/disease-progression-forecaster,r2_score,0.9505,2026-07-16T11:00:00Z,regression,"{""cohort"": ""all""}"
mlflow://experiment-4/disease-progression-forecaster,mae,1.8467,2026-07-16T11:00:00Z,regression,"{""cohort"": ""all""}"
mlflow://experiment-4/disease-progression-forecaster,rmse,1.8101,2026-07-16T11:00:00Z,regression,"{""cohort"": ""all""}"
mlflow://experiment-4/disease-progression-forecaster,mape,3.9851,2026-07-16T11:00:00Z,regression,"{""cohort"": ""all""}"
mlflow://experiment-4/disease-progression-forecaster,r2_score,0.972,2026-07-17T09:00:00Z,regression,"{""cohort"": ""all""}"
mlflow://experiment-4/disease-progression-forecaster,mae,2.0487,2026-07-17T09:00:00Z,regression,"{""cohort"": ""all""}"
mlflow://experiment-4/disease-progression-forecaster,rmse,1.5813,2026-07-17T09:00:00Z,regression,"{""cohort"": ""all""}"
mlflow://experiment-4/disease-progression-forecaster,mape,3.8492,2026-07-17T09:00:00Z,regression,"{""cohort"": ""all""}"
mlflow://experiment-4/disease-progression-forecaster,r2_score,0.9669,2026-07-18T10:00:00Z,regression,"{""cohort"": ""all""}"
mlflow://experiment-4/disease-progression-forecaster,mae,1.3442,2026-07-18T10:00:00Z,regression,"{""cohort"": ""all""}"
mlflow://experiment-4/disease-progression-forecaster,rmse,1.3411,2026-07-18T10:00:00Z,regression,"{""cohort"": ""all""}"
mlflow://experiment-4/disease-progression-forecaster,mape,3.3272,2026-07-18T10:00:00Z,regression,"{""cohort"": ""all""}"
mlflow://experiment-4/disease-progression-forecaster,r2_score,0.9576,2026-07-18T23:00:00Z,regression,"{""cohort"": ""all""}"
mlflow://experiment-4/disease-progression-forecaster,mae,1.5858,2026-07-18T23:00:00Z,regression,"{""cohort"": ""all""}"
mlflow://experiment-4/disease-progression-forecaster,rmse,1.8406,2026-07-18T23:00:00Z,regression,"{""cohort"": ""all""}"
mlflow://experiment-4/disease-progression-forecaster,mape,3.5144,2026-07-18T23:00:00Z,regression,"{""cohort"": ""all""}"
mlflow://experiment-4/disease-progression-forecaster,r2_score,0.9815,2026-07-20T11:00:00Z,regression,"{""cohort"": ""all""}"
mlflow://experiment-4/disease-progression-forecaster,mae,1.6297,2026-07-20T11:00:00Z,regression,"{""cohort"": ""all""}"
mlflow://experiment-4/disease-progression-forecaster,rmse,1.4529,2026-07-20T11:00:00Z,regression,"{""cohort"": ""all""}"
mlflow://experiment-4/disease-progression-forecaster,mape,2.9837,2026-07-20T11:00:00Z,regression,"{""cohort"": ""all""}"
mlflow://experiment-4/disease-progression-forecaster,r2_score,0.9775,2026-07-21T05:00:00Z,regression,"{""cohort"": ""all""}"
mlflow://experiment-4/disease-progression-forecaster,mae,1.044,2026-07-21T05:00:00Z,regression,"{""cohort"": ""all""}"
mlflow://experiment-4/disease-progression-forecaster,rmse,1.6087,2026-07-21T05:00:00Z,regression,"{""cohort"": ""all""}"
mlflow://experiment-4/disease-progression-forecaster,mape,2.9241,2026-07-21T05:00:00Z,regression,"{""cohort"": ""all""}"
mlflow://experiment-4/disease-progression-forecaster,r2_score,0.9743,2026-07-22T07:00:00Z,regression,"{""cohort"": ""all""}"
mlflow://experiment-4/disease-progression-forecaster,mae,1.4113,2026-07-22T07:00:00Z,regression,"{""cohort"": ""all""}"
mlflow://experiment-4/disease-progression-forecaster,rmse,1.058,2026-07-22T07:00:00Z,regression,"{""cohort"": ""all""}"
mlflow://experiment-4/disease-progression-forecaster,mape,3.0768,2026-07-22T07:00:00Z,regression,"{""cohort"": ""all""}"
mlflow://experiment-4/disease-progression-forecaster,r2_score,0.9779,2026-07-22T14:00:00Z,regression,"{""cohort"": ""all""}"
mlflow://experiment-4/disease-progression-forecaster,mae,1.3523,2026-07-22T14:00:00Z,regression,"{""cohort"": ""all""}"
mlflow://experiment-4/disease-progression-forecaster,rmse,1.7327,2026-07-22T14:00:00Z,regression,"{""cohort"": ""all""}"
mlflow://experiment-4/disease-progression-forecaster,mape,2.5649,2026-07-22T14:00:00Z,regression,"{""cohort"": ""all""}"
mlflow://experiment-4/disease-progression-forecaster,r2_score,0.9653,2026-07-23T18:00:00Z,regression,"{""cohort"": ""all""}"
mlflow://experiment-4/disease-progression-forecaster,mae,1.2746,2026-07-23T18:00:00Z,regression,"{""cohort"": ""all""}"
mlflow://experiment-4/disease-progression-forecaster,rmse,1.1786,2026-07-23T18:00:00Z,regression,"{""cohort"": ""all""}"
mlflow://experiment-4/disease-progression-forecaster,mape,2.8604,2026-07-23T18:00:00Z,regression,"{""cohort"": ""all""}"
mlflow://experiment-4/disease-progression-forecaster,r2_score,0.9644,2026-07-24T15:00:00Z,regression,"{""cohort"": ""all""}"
mlflow://experiment-4/disease-progression-forecaster,mae,0.8434,2026-07-24T15:00:00Z,regression,"{""cohort"": ""all""}"
mlflow://experiment-4/disease-progression-forecaster,rmse,0.6343,2026-07-24T15:00:00Z,regression,"{""cohort"": ""all""}"
mlflow://experiment-4/disease-progression-forecaster,mape,2.5725,2026-07-24T15:00:00Z,regression,"{""cohort"": ""all""}"
mlflow://experiment-4/disease-progression-forecaster,r2_score,0.9819,2026-07-26T02:00:00Z,regression,"{""cohort"": ""all""}"
mlflow://experiment-4/disease-progression-forecaster,mae,0.8924,2026-07-26T02:00:00Z,regression,"{""cohort"": ""all""}"
mlflow://experiment-4/disease-progression-forecaster,rmse,0.8697,2026-07-26T02:00:00Z,regression,"{""cohort"": ""all""}"
mlflow://experiment-4/disease-progression-forecaster,mape,2.3862,2026-07-26T02:00:00Z,regression,"{""cohort"": ""all""}"
mlflow://experiment-4/disease-progression-forecaster,r2_score,0.9566,2026-07-26T13:00:00Z,regression,"{""cohort"": ""all""}"
mlflow://experiment-4/disease-progression-forecaster,mae,0.9631,2026-07-26T13:00:00Z,regression,"{""cohort"": ""all""}"
mlflow://experiment-4/disease-progression-forecaster,rmse,1.1025,2026-07-26T13:00:00Z,regression,"{""cohort"": ""all""}"
mlflow://experiment-4/disease-progression-forecaster,mape,2.2794,2026-07-26T13:00:00Z,regression,"{""cohort"": ""all""}"
mlflow://experiment-4/disease-progression-forecaster,r2_score,0.9891,2026-07-27T20:00:00Z,regression,"{""cohort"": ""all""}"
mlflow://experiment-4/disease-progression-forecaster,mae,0.5961,2026-07-27T20:00:00Z,regression,"{""cohort"": ""all""}"
mlflow://experiment-4/disease-progression-forecaster,rmse,0.9695,2026-07-27T20:00:00Z,regression,"{""cohort"": ""all""}"
mlflow://experiment-4/disease-progression-forecaster,mape,2.0784,2026-07-27T20:00:00Z,regression,"{""cohort"": ""all""}"
mlflow://experiment-4/disease-progression-forecaster,r2_score,0.9748,2026-07-28T23:00:00Z,regression,"{""cohort"": ""all""}"
mlflow://experiment-4/disease-progression-forecaster,mae,0.6186,2026-07-28T23:00:00Z,regression,"{""cohort"": ""all""}"
mlflow://experiment-4/disease-progression-forecaster,rmse,1.5659,2026-07-28T23:00:00Z,regression,"{""cohort"": ""all""}"
mlflow://experiment-4/disease-progression-forecaster,mape,2.0675,2026-07-28T23:00:00Z,regression,"{""cohort"": ""all""}"
mlflow://experiment-4/disease-progression-forecaster,r2_score,0.9971,2026-07-30T03:00:00Z,regression,"{""cohort"": ""all""}"
mlflow://experiment-4/disease-progression-forecaster,mae,0.9609,2026-07-30T03:00:00Z,regression,"{""cohort"": ""all""}"
mlflow://experiment-4/disease-progression-forecaster,rmse,0.9608,2026-07-30T03:00:00Z,regression,"{""cohort"": ""all""}"
mlflow://experiment-4/disease-progression-forecaster,mape,1.5462,2026-07-30T03:00:00Z,regression,"{""cohort"": ""all""}"
mlflow://experiment-4/disease-progression-forecaster,r2_score,0.974,2026-07-31T11:00:00Z,regression,"{""cohort"": ""all""}"
mlflow://experiment-4/disease-progression-forecaster,mae,0.5764,2026-07-31T11:00:00Z,regression,"{""cohort"": ""all""}"
mlflow://experiment-4/disease-progression-forecaster,rmse,1.1193,2026-07-31T11:00:00Z,regression,"{""cohort"": ""all""}"
mlflow://experiment-4/disease-progression-forecaster,mape,1.6434,2026-07-31T11:00:00Z,regression,"{""cohort"": ""all""}"
mlflow://experiment-5/medical-image-anomaly-detector,accuracy,0.9292,2026-05-03T00:00:00Z,classification,"{""cohort"": ""all""}"
mlflow://experiment-5/medical-image-anomaly-detector,precision,0.9507,2026-05-03T00:00:00Z,classification,"{""cohort"": ""all""}"
mlflow://experiment-5/medical-image-anomaly-detector,recall,0.9334,2026-05-03T00:00:00Z,classification,"{""cohort"": ""all""}"
mlflow://experiment-5/medical-image-anomaly-detector,f1_score,0.9294,2026-05-03T00:00:00Z,classification,"{""cohort"": ""all""}"
mlflow://experiment-5/medical-image-anomaly-detector,auc_roc,0.9347,2026-05-03T00:00:00Z,classification,"{""cohort"": ""all""}"
mlflow://experiment-5/medical-image-anomaly-detector,accuracy,0.9324,2026-05-03T17:00:00Z,classification,"{""cohort"": ""all""}"
mlflow://experiment-5/medical-image-anomaly-detector,recall,0.9396,2026-05-03T17:00:00Z,classification,"{""cohort"": ""all""}"
mlflow://experiment-5/medical-image-anomaly-detector,precision,0.95,2026-05-03T17:00:00Z,classification,"{""cohort"": ""all""}"
mlflow://experiment-5/medical-image-anomaly-detector,f1_score,0.9593,2026-05-03T17:00:00Z,classification,"{""cohort"": ""all""}"
mlflow://experiment-5/medical-image-anomaly-detector,auc_roc,0.9599,2026-05-03T17:00:00Z,classification,"{""cohort"": ""all""}"
mlflow://experiment-5/medical-image-anomaly-detector,accuracy,0.9411,2026-05-04T12:00:00Z,classification,"{""cohort"": ""all""}"
mlflow://experiment-5/medical-image-anomaly-detector,precision,0.9123,2026-05-04T12:00:00Z,classification,"{""cohort"": ""all""}"
mlflow://experiment-5/medical-image-anomaly-detector,recall,0.9245,2026-05-04T12:00:00Z,classification,"{""cohort"": ""all""}"
mlflow://experiment-5/medical-image-anomaly-detector,f1_score,0.9437,2026-05-04T12:00:00Z,classification,"{""cohort"": ""all""}"
mlflow://experiment-5/medical-image-anomaly-detector,auc_roc,0.9313,2026-05-04T12:00:00Z,classification,"{""cohort"": ""all""}"
mlflow://experiment-5/medical-image-anomaly-detector,accuracy,0.9445,2026-05-05T19:00:00Z,classification,"{""cohort"": ""all""}"
mlflow://experiment-5/medical-image-anomaly-detector,precision,0.9401,2026-05-05T19:00:00Z,classification,"{""cohort"": ""all""}"
mlflow://experiment-5/medical-image-anomaly-detector,recall,0.9492,2026-05-05T19:00:00Z,classification,"{""cohort"": ""all""}"
mlflow://experiment-5/medical-image-anomaly-detector,f1_score,0.9362,2026-05-05T19:00:00Z,classification,"{""cohort"": ""all""}"
mlflow://experiment-5/medical-image-anomaly-detector,auc_roc,0.9632,2026-05-05T19:00:00Z,classification,"{""cohort"": ""all""}"
mlflow://experiment-5/medical-image-anomaly-detector,accuracy,0.9402,2026-05-07T11:00:00Z,classification,"{""cohort"": ""all""}"
mlflow://experiment-5/medical-image-anomaly-detector,precision,0.9375,2026-05-07T03:00:00Z,classification,"{""cohort"": ""all""}"
mlflow://experiment-5/medical-image-anomaly-detector,recall,0.9326,2026-05-07T11:00:00Z,classification,"{""cohort"": ""all""}"
mlflow://experiment-5/medical-image-anomaly-detector,f1_score,0.9283,2026-05-07T11:00:00Z,classification,"{""cohort"": ""all""}"
mlflow://experiment-5/medical-image-anomaly-detector,auc_roc,0.9593,2026-05-07T11:00:00Z,classification,"{""cohort"": ""all""}"
mlflow://experiment-5/medical-image-anomaly-detector,accuracy,0.9318,2026-05-07T19:00:00Z,classification,"{""cohort"": ""all""}"
mlflow://experiment-5/medical-image-anomaly-detector,precision,0.9413,2026-05-07T19:00:00Z,classification,"{""cohort"": ""all""}"
mlflow://experiment-5/medical-image-anomaly-detector,recall,0.9444,2026-05-07T19:00:00Z,classification,"{""cohort"": ""all""}"
mlflow://experiment-5/medical-image-anomaly-detector,f1_score,0.9532,2026-05-07T19:00:00Z,classification,"{""cohort"": ""all""}"
mlflow://experiment-5/medical-image-anomaly-detector,auc_roc,0.9428,2026-05-07T19:00:00Z,classification,"{""cohort"": ""all""}"
mlflow://experiment-5/medical-image-anomaly-detector,accuracy,0.9452,2026-05-09T10:00:00Z,classification,"{""cohort"": ""all""}"
mlflow://experiment-5/medical-image-anomaly-detector,precision,0.9346,2026-05-09T10:00:00Z,classification,"{""cohort"": ""all""}"
mlflow://experiment-5/medical-image-anomaly-detector,recall,0.9503,2026-05-09T10:00:00Z,classification,"{""cohort"": ""all""}"
mlflow://experiment-5/medical-image-anomaly-detector,f1_score,0.943,2026-05-09T10:00:00Z,classification,"{""cohort"": ""all""}"
mlflow://experiment-5/medical-image-anomaly-detector,auc_roc,0.9238,2026-05-09T10:00:00Z,classification,"{""cohort"": ""all""}"
mlflow://experiment-5/medical-image-anomaly-detector,accuracy,0.9359,2026-05-09T13:00:00Z,classification,"{""cohort"": ""all""}"
mlflow://experiment-5/medical-image-anomaly-detector,precision,0.9602,2026-05-09T13:00:00Z,classification,"{""cohort"": ""all""}"
mlflow://experiment-5/medical-image-anomaly-detector,recall,0.9645,2026-05-09T13:00:00Z,classification,"{""cohort"": ""all""}"
mlflow://experiment-5/medical-image-anomaly-detector,f1_score,0.9422,2026-05-09T13:00:00Z,classification,"{""cohort"": ""all""}"
mlflow://experiment-5/medical-image-anomaly-detector,auc_roc,0.9622,2026-05-09T13:00:00Z,classification,"{""cohort"": ""all""}"
mlflow://experiment-5/medical-image-anomaly-detector,accuracy,0.9343,2026-05-11T06:00:00Z,classification,"{""cohort"": ""all""}"
mlflow://experiment-5/medical-image-anomaly-detector,precision,0.9523,2026-05-11T06:00:00Z,classification,"{""cohort"": ""all""}"
mlflow://experiment-5/medical-image-anomaly-detector,recall,0.9359,2026-05-11T06:00:00Z,classification,"{""cohort"": ""all""}"
mlflow://experiment-5/medical-image-anomaly-detector,f1_score,0.9322,2026-05-11T06:00:00Z,classification,"{""cohort"": ""all""}"
mlflow://experiment-5/medical-image-anomaly-detector,auc_roc,0.9382,2026-05-11T06:00:00Z,classification,"{""cohort"": ""all""}"
mlflow://experiment-5/medical-image-anomaly-detector,accuracy,0.9453,2026-05-12T09:00:00Z,classification,"{""cohort"": ""all""}"
mlflow://experiment-5/medical-image-anomaly-detector,precision,0.9298,2026-05-12T01:00:00Z,classification,"{""cohort"": ""all""}"
mlflow://experiment-5/medical-image-anomaly-detector,recall,0.9386,2026-05-12T09:00:00Z,classification,"{""cohort"": ""all""}"
mlflow://experiment-5/medical-image-anomaly-detector,f1_score,0.938,2026-05-12T09:00:00Z,classification,"{""cohort"": ""all""}"
mlflow://experiment-5/medical-image-anomaly-detector,auc_roc,0.9526,2026-05-12T09:00:00Z,classification,"{""cohort"": ""all""}"
mlflow://experiment-5/medical-image-anomaly-detector,accuracy,0.956,2026-05-13T06:00:00Z,classification,"{""cohort"": ""all""}"
mlflow://experiment-5/medical-image-anomaly-detector,precision,0.9249,2026-05-13T06:00:00Z,classification,"{""cohort"": ""all""}"
mlflow://experiment-5/medical-image-anomaly-detector,recall,0.9326,2026-05-13T06:00:00Z,classification,"{""cohort"": ""all""}"
mlflow://experiment-5/medical-image-anomaly-detector,f1_score,0.9325,2026-05-13T06:00:00Z,classification,"{""cohort"": ""all""}"
mlflow://experiment-5/medical-image-anomaly-detector,auc_roc,0.9132,2026-05-13T06:00:00Z,classification,"{""cohort"": ""all""}"
mlflow://experiment-5/medical-image-anomaly-detector,accuracy,0.9407,2026-05-14T08:00:00Z,classification,"{""cohort"": ""all""}"
mlflow://experiment-5/medical-image-anomaly-detector,precision,0.9317,2026-05-14T08:00:00Z,classification,"{""cohort"": ""all""}"
mlflow://experiment-5/medical-image-anomaly-detector,recall,0.9245,2026-05-14T08:00:00Z,classification,"{""cohort"": ""all""}"
mlflow://experiment-5/medical-image-anomaly-detector,f1_score,0.9357,2026-05-14T08:00:00Z,classification,"{""cohort"": ""all""}"
mlflow://experiment-5/medical-image-anomaly-detector,auc_roc,0.9494,2026-05-14T08:00:00Z,classification,"{""cohort"": ""all""}"
mlflow://experiment-5/medical-image-anomaly-detector,accuracy,0.938,2026-05-14T16:00:00Z,classification,"{""cohort"": ""all""}"
mlflow://experiment-5/medical-image-anomaly-detector,precision,0.9461,2026-05-14T16:00:00Z,classification,"{""cohort"": ""all""}"
mlflow://experiment-5/medical-image-anomaly-detector,recall,0.9328,2026-05-14T16:00:00Z,classification,"{""cohort"": ""all""}"
mlflow://experiment-5/medical-image-anomaly-detector,f1_score,0.9382,2026-05-14T16:00:00Z,classification,"{""cohort"": ""all""}"
mlflow://experiment-5/medical-image-anomaly-detector,auc_roc,0.943,2026-05-14T16:00:00Z,classification,"{""cohort"": ""all""}"
mlflow://experiment-5/medical-image-anomaly-detector,accuracy,0.9595,2026-05-15T16:00:00Z,classification,"{""cohort"": ""all""}"
mlflow://experiment-5/medical-image-anomaly-detector,precision,0.9476,2026-05-15T16:00:00Z,classification,"{""cohort"": ""all""}"
mlflow://experiment-5/medical-image-anomaly-detector,recall,0.9192,2026-05-15T16:00:00Z,classification,"{""cohort"": ""all""}"
mlflow://experiment-5/medical-image-anomaly-detector,f1_score,0.9158,2026-05-15T16:00:00Z,classification,"{""cohort"": ""all""}"
mlflow://experiment-5/medical-image-anomaly-detector,auc_roc,0.93,2026-05-15T16:00:00Z,classification,"{""cohort"": ""all""}"
mlflow://experiment-5/medical-image-anomaly-detector,accuracy,0.9303,2026-05-17T05:00:00Z,classification,"{""cohort"": ""all""}"
mlflow://experiment-5/medical-image-anomaly-detector,precision,0.9381,2026-05-17T05:00:00Z,classification,"{""cohort"": ""all""}"
mlflow://experiment-5/medical-image-anomaly-detector,recall,0.9397,2026-05-17T05:00:00Z,classification,"{""cohort"": ""all""}"
mlflow://experiment-5/medical-image-anomaly-detector,f1_score,0.9489,2026-05-17T05:00:00Z,classification,"{""cohort"": ""all""}"
mlflow://experiment-5/medical-image-anomaly-detector,auc_roc,0.9496,2026-05-17T05:00:00Z,classification,"{""cohort"": ""all""}"
mlflow://experiment-5/medical-image-anomaly-detector,accuracy,0.9452,2026-05-17T23:00:00Z,classification,"{""cohort"": ""all""}"
mlflow://experiment-5/medical-image-anomaly-detector,precision,0.9534,2026-05-17T23:00:00Z,classification,"{""cohort"": ""all""}"
mlflow://experiment-5/medical-image-anomaly-detector,recall,0.9488,2026-05-17T23:00:00Z,classification,"{""cohort"": ""all""}"
mlflow://experiment-5/medical-image-anomaly-detector,f1_score,0.9429,2026-05-17T23:00:00Z,classification,"{""cohort"": ""all""}"
mlflow://experiment-5/medical-image-anomaly-detector,auc_roc,0.9474,2026-05-17T23:00:00Z,classification,"{""cohort"": ""all""}"
mlflow://experiment-5/medical-image-anomaly-detector,accuracy,0.9378,2026-05-19T09:00:00Z,classification,"{""cohort"": ""all""}"
mlflow://experiment-5/medical-image-anomaly-detector,precision,0.9383,2026-05-19T09:00:00Z,classification,"{""cohort"": ""all""}"
mlflow://experiment-5/medical-image-anomaly-detector,recall,0.9562,2026-05-19T01:00:00Z,classification,"{""cohort"": ""all""}"
mlflow://experiment-5/medical-image-anomaly-detector,f1_score,0.948,2026-05-19T09:00:00Z,classification,"{""cohort"": ""all""}"
mlflow://experiment-5/medical-image-anomaly-detector,auc_roc,0.9273,2026-05-19T09:00:00Z,classification,"{""cohort"": ""all""}"
mlflow://experiment-5/medical-image-anomaly-detector,accuracy,0.9322,2026-05-19T18:00:00Z,classification,"{""cohort"": ""all""}"
mlflow://experiment-5/medical-image-anomaly-detector,precision,0.92,2026-05-19T18:00:00Z,classification,"{""cohort"": ""all""}"
mlflow://experiment-5/medical-image-anomaly-detector,recall,0.9426,2026-05-19T18:00:00Z,classification,"{""cohort"": ""all""}"
mlflow://experiment-5/medical-image-anomaly-detector,f1_score,,2026-05-19T18:00:00Z,classification,"{""cohort"": ""all""}"
mlflow://experiment-5/medical-image-anomaly-detector,auc_roc,0.9618,2026-05-19T18:00:00Z,classification,"{""cohort"": ""all""}"
mlflow://experiment-5/medical-image-anomaly-detector,accuracy,0.9415,2026-05-20T12:00:00Z,classification,"{""cohort"": ""all""}"
mlflow://experiment-5/medical-image-anomaly-detector,precision,0.9463,2026-05-20T12:00:00Z,classification,"{""cohort"": ""all""}"
mlflow://experiment-5/medical-image-anomaly-detector,recall,0.9391,2026-05-20T12:00:00Z,classification,"{""cohort"": ""all""}"
mlflow://experiment-5/medical-image-anomaly-detector,f1_score,0.9234,2026-05-20T12:00:00Z,classification,"{""cohort"": ""all""}"
mlflow://experiment-5/medical-image-anomaly-detector,auc_roc,0.9406,2026-05-20T12:00:00Z,classification,"{""cohort"": ""all""}"
mlflow://experiment-5/medical-image-anomaly-detector,accuracy,0.9178,2026-05-22T10:00:00Z,classification,"{""cohort"": ""all""}"
mlflow://experiment-5/medical-image-anomaly-detector,precision,0.9346,2026-05-22T10:00:00Z,classification,"{""cohort"": ""all""}"
mlflow://experiment-5/medical-image-anomaly-detector,recall,0.9359,2026-05-22T10:00:00Z,classification,"{""cohort"": ""all""}"
mlflow://experiment-5/medical-image-anomaly-detector,f1_score,0.9509,2026-05-22T10:00:00Z,classification,"{""cohort"": ""all""}"
mlflow://experiment-5/medical-image-anomaly-detector,auc_roc,0.9336,2026-05-22T10:00:00Z,classification,"{""cohort"": ""all""}"
mlflow://experiment-5/medical-image-anomaly-detector,accuracy,0.931,2026-05-22T21:00:00Z,classification,"{""cohort"": ""all""}"
mlflow://experiment-5/medical-image-anomaly-detector,precision,0.9484,2026-05-22T21:00:00Z,classification,"{""cohort"": ""all""}"
mlflow://experiment-5/medical-image-anomaly-detector,recall,0.9351,2026-05-22T21:00:00Z,classification,"{""cohort"": ""all""}"
mlflow://experiment-5/medical-image-anomaly-detector,f1_score,0.946,2026-05-22T21:00:00Z,classification,"{""cohort"": ""all""}"
mlflow://experiment-5/medical-image-anomaly-detector,auc_roc,0.9283,2026-05-22T21:00:00Z,classification,"{""cohort"": ""all""}"
mlflow://experiment-5/medical-image-anomaly-detector,accuracy,0.9391,2026-05-23T15:00:00Z,classification,"{""cohort"": ""all""}"
mlflow://experiment-5/medical-image-anomaly-detector,precision,0.9452,2026-05-23T15:00:00Z,classification,"{""cohort"": ""all""}"
mlflow://experiment-5/medical-image-anomaly-detector,recall,0.9249,2026-05-23T15:00:00Z,classification,"{""cohort"": ""all""}"
mlflow://experiment-5/medical-image-anomaly-detector,f1_score,0.9406,2026-05-23T15:00:00Z,classification,"{""cohort"": ""all""}"
mlflow://experiment-5/medical-image-anomaly-detector,auc_roc,0.9312,2026-05-23T15:00:00Z,classification,"{""cohort"": ""all""}"
mlflow://experiment-5/medical-image-anomaly-detector,accuracy,0.9329,2026-05-24T18:00:00Z,classification,"{""cohort"": ""all""}"
mlflow://experiment-5/medical-image-anomaly-detector,precision,0.9475,2026-05-24T18:00:00Z,classification,"{""cohort"": ""all""}"
mlflow://experiment-5/medical-image-anomaly-detector,recall,0.9335,2026-05-24T18:00:00Z,classification,"{""cohort"": ""all""}"
mlflow://experiment-5/medical-image-anomaly-detector,f1_score,0.9373,2026-05-24T18:00:00Z,classification,"{""cohort"": ""all""}"
mlflow://experiment-5/medical-image-anomaly-detector,auc_roc,0.9447,2026-05-24T18:00:00Z,classification,"{""cohort"": ""all""}"
mlflow://experiment-5/medical-image-anomaly-detector,accuracy,0.9462,2026-05-26T06:00:00Z,classification,"{""cohort"": ""all""}"
mlflow://experiment-5/medical-image-anomaly-detector,precision,0.9309,2026-05-26T06:00:00Z,classification,"{""cohort"": ""all""}"
mlflow://experiment-5/medical-image-anomaly-detector,recall,0.935,2026-05-26T06:00:00Z,classification,"{""cohort"": ""all""}"
mlflow://experiment-5/medical-image-anomaly-detector,f1_score,0.9451,2026-05-26T06:00:00Z,classification,"{""cohort"": ""all""}"
mlflow://experiment-5/medical-image-anomaly-detector,auc_roc,0.9473,2026-05-26T06:00:00Z,classification,"{""cohort"": ""all""}"
mlflow://experiment-5/medical-image-anomaly-detector,accuracy,0.9332,2026-05-27T00:00:00Z,classification,"{""cohort"": ""all""}"
mlflow://experiment-5/medical-image-anomaly-detector,precision,0.9368,2026-05-27T00:00:00Z,classification,"{""cohort"": ""all""}"
mlflow://experiment-5/medical-image-anomaly-detector,recall,0.9172,2026-05-27T00:00:00Z,classification,"{""cohort"": ""all""}"
mlflow://experiment-5/medical-image-anomaly-detector,f1_score,0.9325,2026-05-27T00:00:00Z,classification,"{""cohort"": ""all""}"
mlflow://experiment-5/medical-image-anomaly-detector,auc_roc,0.9311,2026-05-27T00:00:00Z,classification,"{""cohort"": ""all""}"
mlflow://experiment-5/medical-image-anomaly-detector,accuracy,0.9545,2026-05-28T03:00:00Z,classification,"{""cohort"": ""all""}"
mlflow://experiment-5/medical-image-anomaly-detector,precision,0.954,2026-05-28T03:00:00Z,classification,"{""cohort"": ""all""}"
mlflow://experiment-5/medical-image-anomaly-detector,recall,0.937,2026-05-28T03:00:00Z,classification,"{""cohort"": ""all""}"
mlflow://experiment-5/medical-image-anomaly-detector,f1_score,0.9339,2026-05-28T03:00:00Z,classification,"{""cohort"": ""all""}"
mlflow://experiment-5/medical-image-anomaly-detector,auc_roc,0.9404,2026-05-28T03:00:00Z,classification,"{""cohort"": ""all""}"
mlflow://experiment-5/medical-image-anomaly-detector,accuracy,0.9478,2026-05-28T23:00:00Z,classification,"{""cohort"": ""all""}"
mlflow://experiment-5/medical-image-anomaly-detector,precision,0.954,2026-05-28T23:00:00Z,classification,"{""cohort"": ""all""}"
mlflow://experiment-5/medical-image-anomaly-detector,recall,0.9178,2026-05-28T23:00:00Z,classification,"{""cohort"": ""all""}"
mlflow://experiment-5/medical-image-anomaly-detector,f1_score,0.9416,2026-05-28T23:00:00Z,classification,"{""cohort"": ""all""}"
mlflow://experiment-5/medical-image-anomaly-detector,auc_roc,0.9262,2026-05-28T23:00:00Z,classification,"{""cohort"": ""all""}"
mlflow://experiment-5/medical-image-anomaly-detector,accuracy,0.9363,2026-05-29T13:00:00Z,classification,"{""cohort"": ""all""}"
mlflow://experiment-5/medical-image-anomaly-detector,precision,0.9211,2026-05-29T13:00:00Z,classification,"{""cohort"": ""all""}"
mlflow://experiment-5/medical-image-anomaly-detector,recall,0.9371,2026-05-29T13:00:00Z,classification,"{""cohort"": ""all""}"
mlflow://experiment-5/medical-image-anomaly-detector,f1_score,0.9565,2026-05-29T13:00:00Z,classification,"{""cohort"": ""all""}"
mlflow://experiment-5/medical-image-anomaly-detector,auc_roc,0.9483,2026-05-29T13:00:00Z,classification,"{""cohort"": ""all""}"
mlflow://experiment-5/medical-image-anomaly-detector,accuracy,0.9409,2026-05-30T13:00:00Z,classification,"{""cohort"": ""all""}"
mlflow://experiment-5/medical-image-anomaly-detector,precision,0.9297,2026-05-30T13:00:00Z,classification,"{""cohort"": ""all""}"
mlflow://experiment-5/medical-image-anomaly-detector,recall,0.944,2026-05-30T13:00:00Z,classification,"{""cohort"": ""all""}"
mlflow://experiment-5/medical-image-anomaly-detector,f1_score,0.9339,2026-05-30T13:00:00Z,classification,"{""cohort"": ""all""}"
mlflow://experiment-5/medical-image-anomaly-detector,auc_roc,0.9396,2026-05-30T13:00:00Z,classification,"{""cohort"": ""all""}"
mlflow://experiment-5/medical-image-anomaly-detector,accuracy,0.9387,2026-06-01T04:00:00Z,classification,"{""cohort"": ""all""}"
mlflow://experiment-5/medical-image-anomaly-detector,precision,0.9366,2026-06-01T04:00:00Z,classification,"{""cohort"": ""all""}"
mlflow://experiment-5/medical-image-anomaly-detector,recall,0.941,2026-06-01T04:00:00Z,classification,"{""cohort"": ""all""}"
mlflow://experiment-5/medical-image-anomaly-detector,f1_score,,2026-06-01T04:00:00Z,classification,"{""cohort"": ""all""}"
mlflow://experiment-5/medical-image-anomaly-detector,auc_roc,0.9223,2026-06-01T04:00:00Z,classification,"{""cohort"": ""all""}"
mlflow://experiment-5/medical-image-anomaly-detector,accuracy,0.939,2026-06-01T19:00:00Z,classification,"{""cohort"": ""all""}"
mlflow://experiment-5/medical-image-anomaly-detector,precision,0.9385,2026-06-02T03:00:00Z,classification,"{""cohort"": ""all""}"
mlflow://experiment-5/medical-image-anomaly-detector,recall,0.9299,2026-06-02T03:00:00Z,classification,"{""cohort"": ""all""}"
mlflow://experiment-5/medical-image-anomaly-detector,f1_score,0.9379,2026-06-02T03:00:00Z,classification,"{""cohort"": ""all""}"
mlflow://experiment-5/medical-image-anomaly-detector,auc_roc,0.9559,2026-06-02T03:00:00Z,classification,"{""cohort"": ""all""}"
mlflow://experiment-5/medical-image-anomaly-detector,accuracy,0.9417,2026-06-03T05:00:00Z,classification,"{""cohort"": ""all""}"
mlflow://experiment-5/medical-image-anomaly-detector,precision,0.9418,2026-06-03T05:00:00Z,classification,"{""cohort"": ""all""}"
mlflow://experiment-5/medical-image-anomaly-detector,recall,0.9397,2026-06-03T05:00:00Z,classification,"{""cohort"": ""all""}"
mlflow://experiment-5/medical-image-anomaly-detector,f1_score,0.9458,2026-06-03T05:00:00Z,classification,"{""cohort"": ""all""}"
mlflow://experiment-5/medical-image-anomaly-detector,auc_roc,0.9262,2026-06-03T05:00:00Z,classification,"{""cohort"": ""all""}"
mlflow://experiment-5/medical-image-anomaly-detector,accuracy,0.9435,2026-06-03T17:00:00Z,classification,"{""cohort"": ""all""}"
mlflow://experiment-5/medical-image-anomaly-detector,precision,0.9428,2026-06-03T17:00:00Z,classification,"{""cohort"": ""all""}"
mlflow://experiment-5/medical-image-anomaly-detector,recall,0.9439,2026-06-03T17:00:00Z,classification,"{""cohort"": ""all""}"
mlflow://experiment-5/medical-image-anomaly-detector,f1_score,0.9453,2026-06-03T17:00:00Z,classification,"{""cohort"": ""all""}"
mlflow://experiment-5/medical-image-anomaly-detector,auc_roc,0.9219,2026-06-03T17:00:00Z,classification,"{""cohort"": ""all""}"
mlflow://experiment-5/medical-image-anomaly-detector,accuracy,0.937,2026-06-04T20:00:00Z,classification,"{""cohort"": ""all""}"
mlflow://experiment-5/medical-image-anomaly-detector,precision,0.9411,2026-06-04T20:00:00Z,classification,"{""cohort"": ""all""}"
mlflow://experiment-5/medical-image-anomaly-detector,recall,0.9361,2026-06-04T20:00:00Z,classification,"{""cohort"": ""all""}"
mlflow://experiment-5/medical-image-anomaly-detector,f1_score,0.9507,2026-06-04T20:00:00Z,classification,"{""cohort"": ""all""}"
mlflow://experiment-5/medical-image-anomaly-detector,auc_roc,0.9372,2026-06-04T20:00:00Z,classification,"{""cohort"": ""all""}"
mlflow://experiment-5/medical-image-anomaly-detector,accuracy,0.9471,2026-06-05T19:00:00Z,classification,"{""cohort"": ""all""}"
mlflow://experiment-5/medical-image-anomaly-detector,precision,0.9396,2026-06-05T19:00:00Z,classification,"{""cohort"": ""all""}"
mlflow://experiment-5/medical-image-anomaly-detector,recall,0.9322,2026-06-05T19:00:00Z,classification,"{""cohort"": ""all""}"
mlflow://experiment-5/medical-image-anomaly-detector,f1_score,0.9222,2026-06-05T19:00:00Z,classification,"{""cohort"": ""all""}"
mlflow://experiment-5/medical-image-anomaly-detector,auc_roc,0.9288,2026-06-05T19:00:00Z,classification,"{""cohort"": ""all""}"
mlflow://experiment-5/medical-image-anomaly-detector,accuracy,0.9237,2026-06-06T13:00:00Z,classification,"{""cohort"": ""all""}"
mlflow://experiment-5/medical-image-anomaly-detector,precision,0.9481,2026-06-06T13:00:00Z,classification,"{""cohort"": ""all""}"
mlflow://experiment-5/medical-image-anomaly-detector,recall,0.9454,2026-06-06T13:00:00Z,classification,"{""cohort"": ""all""}"
mlflow://experiment-5/medical-image-anomaly-detector,f1_score,0.9368,2026-06-06T13:00:00Z,classification,"{""cohort"": ""all""}"
mlflow://experiment-5/medical-image-anomaly-detector,auc_roc,0.9389,2026-06-06T13:00:00Z,classification,"{""cohort"": ""all""}"
mlflow://experiment-5/medical-image-anomaly-detector,accuracy,0.9388,2026-06-07T12:00:00Z,classification,"{""cohort"": ""all""}"
mlflow://experiment-5/medical-image-anomaly-detector,precision,0.936,2026-06-07T12:00:00Z,classification,"{""cohort"": ""all""}"
mlflow://experiment-5/medical-image-anomaly-detector,recall,0.9481,2026-06-07T12:00:00Z,classification,"{""cohort"": ""all""}"
mlflow://experiment-5/medical-image-anomaly-detector,f1_score,0.9281,2026-06-07T12:00:00Z,classification,"{""cohort"": ""all""}"
mlflow://experiment-5/medical-image-anomaly-detector,auc_roc,0.9266,2026-06-07T12:00:00Z,classification,"{""cohort"": ""all""}"
mlflow://experiment-5/medical-image-anomaly-detector,accuracy,0.964,2026-06-08T15:00:00Z,classification,"{""cohort"": ""all""}"
mlflow://experiment-5/medical-image-anomaly-detector,precision,0.9577,2026-06-08T15:00:00Z,classification,"{""cohort"": ""all""}"
mlflow://experiment-5/medical-image-anomaly-detector,recall,0.9262,2026-06-08T15:00:00Z,classification,"{""cohort"": ""all""}"
mlflow://experiment-5/medical-image-anomaly-detector,f1_score,0.9427,2026-06-08T15:00:00Z,classification,"{""cohort"": ""all""}"
mlflow://experiment-5/medical-image-anomaly-detector,auc_roc,0.9613,2026-06-08T15:00:00Z,classification,"{""cohort"": ""all""}"
mlflow://experiment-5/medical-image-anomaly-detector,accuracy,0.9486,2026-06-10T10:00:00Z,classification,"{""cohort"": ""all""}"
mlflow://experiment-5/medical-image-anomaly-detector,precision,0.9326,2026-06-10T10:00:00Z,classification,"{""cohort"": ""all""}"
mlflow://experiment-5/medical-image-anomaly-detector,recall,0.9438,2026-06-10T10:00:00Z,classification,"{""cohort"": ""all""}"
mlflow://experiment-5/medical-image-anomaly-detector,f1_score,0.9411,2026-06-10T10:00:00Z,classification,"{""cohort"": ""all""}"
mlflow://experiment-5/medical-image-anomaly-detector,auc_roc,0.9591,2026-06-10T10:00:00Z,classification,"{""cohort"": ""all""}"
mlflow://experiment-5/medical-image-anomaly-detector,accuracy,0.9303,2026-06-11T06:00:00Z,classification,"{""cohort"": ""all""}"
mlflow://experiment-5/medical-image-anomaly-detector,precision,0.9366,2026-06-11T06:00:00Z,classification,"{""cohort"": ""all""}"
mlflow://experiment-5/medical-image-anomaly-detector,recall,0.9347,2026-06-11T06:00:00Z,classification,"{""cohort"": ""all""}"
mlflow://experiment-5/medical-image-anomaly-detector,f1_score,0.941,2026-06-11T06:00:00Z,classification,"{""cohort"": ""all""}"
mlflow://experiment-5/medical-image-anomaly-detector,auc_roc,0.9386,2026-06-11T06:00:00Z,classification,"{""cohort"": ""all""}"
mlflow://experiment-5/medical-image-anomaly-detector,accuracy,0.9257,2026-06-11T18:00:00Z,classification,"{""cohort"": ""all""}"
mlflow://experiment-5/medical-image-anomaly-detector,precision,0.9313,2026-06-11T18:00:00Z,classification,"{""cohort"": ""all""}"
mlflow://experiment-5/medical-image-anomaly-detector,recall,0.9377,2026-06-11T18:00:00Z,classification,"{""cohort"": ""all""}"
mlflow://experiment-5/medical-image-anomaly-detector,f1_score,0.9302,2026-06-11T18:00:00Z,classification,"{""cohort"": ""all""}"
mlflow://experiment-5/medical-image-anomaly-detector,auc_roc,0.9453,2026-06-11T18:00:00Z,classification,"{""cohort"": ""all""}"
mlflow://experiment-5/medical-image-anomaly-detector,accuracy,0.9428,2026-06-12T19:00:00Z,classification,"{""cohort"": ""all""}"
mlflow://experiment-5/medical-image-anomaly-detector,precision,0.9222,2026-06-12T19:00:00Z,classification,"{""cohort"": ""all""}"
mlflow://experiment-5/medical-image-anomaly-detector,recall,0.9321,2026-06-12T19:00:00Z,classification,"{""cohort"": ""all""}"
mlflow://experiment-5/medical-image-anomaly-detector,f1_score,0.9345,2026-06-12T19:00:00Z,classification,"{""cohort"": ""all""}"
mlflow://experiment-5/medical-image-anomaly-detector,auc_roc,0.9288,2026-06-12T19:00:00Z,classification,"{""cohort"": ""all""}"
mlflow://experiment-5/medical-image-anomaly-detector,accuracy,0.9402,2026-06-14T00:00:00Z,classification,"{""cohort"": ""all""}"
mlflow://experiment-5/medical-image-anomaly-detector,precision,0.9345,2026-06-14T00:00:00Z,classification,"{""cohort"": ""all""}"
mlflow://experiment-5/medical-image-anomaly-detector,recall,0.956,2026-06-14T00:00:00Z,classification,"{""cohort"": ""all""}"
mlflow://experiment-5/medical-image-anomaly-detector,f1_score,0.9388,2026-06-14T00:00:00Z,classification,"{""cohort"": ""all""}"
mlflow://experiment-5/medical-image-anomaly-detector,auc_roc,0.9129,2026-06-14T00:00:00Z,classification,"{""cohort"": ""all""}"
mlflow://experiment-5/medical-image-anomaly-detector,accuracy,0.9399,2026-06-14T13:00:00Z,classification,"{""cohort"": ""all""}"
mlflow://experiment-5/medical-image-anomaly-detector,precision,0.9459,2026-06-14T13:00:00Z,classification,"{""cohort"": ""all""}"
mlflow://experiment-5/medical-image-anomaly-detector,recall,0.9442,2026-06-14T13:00:00Z,classification,"{""cohort"": ""all""}"
mlflow://experiment-5/medical-image-anomaly-detector,f1_score,0.9521,2026-06-14T13:00:00Z,classification,"{""cohort"": ""all""}"
mlflow://experiment-5/medical-image-anomaly-detector,auc_roc,0.9463,2026-06-14T13:00:00Z,classification,"{""cohort"": ""all""}"
mlflow://experiment-5/medical-image-anomaly-detector,accuracy,0.9497,2026-06-16T07:00:00Z,classification,"{""cohort"": ""all""}"
mlflow://experiment-5/medical-image-anomaly-detector,precision,0.9372,2026-06-16T07:00:00Z,classification,"{""cohort"": ""all""}"
mlflow://experiment-5/medical-image-anomaly-detector,recall,0.9404,2026-06-16T07:00:00Z,classification,"{""cohort"": ""all""}"
mlflow://experiment-5/medical-image-anomaly-detector,f1_score,0.9376,2026-06-16T07:00:00Z,classification,"{""cohort"": ""all""}"
mlflow://experiment-5/medical-image-anomaly-detector,auc_roc,0.9354,2026-06-16T07:00:00Z,classification,"{""cohort"": ""all""}"
mlflow://experiment-5/medical-image-anomaly-detector,accuracy,0.971,2026-06-17T03:00:00Z,classification,"{""cohort"": ""all""}"
mlflow://experiment-5/medical-image-anomaly-detector,precision,0.9417,2026-06-17T03:00:00Z,classification,"{""cohort"": ""all""}"
mlflow://experiment-5/medical-image-anomaly-detector,recall,0.9526,2026-06-17T03:00:00Z,classification,"{""cohort"": ""all""}"
mlflow://experiment-5/medical-image-anomaly-detector,f1_score,0.9355,2026-06-17T03:00:00Z,classification,"{""cohort"": ""all""}"
mlflow://experiment-5/medical-image-anomaly-detector,auc_roc,0.9445,2026-06-17T03:00:00Z,classification,"{""cohort"": ""all""}"
mlflow://experiment-5/medical-image-anomaly-detector,accuracy,0.9377,2026-06-18T06:00:00Z,classification,"{""cohort"": ""all""}"
mlflow://experiment-5/medical-image-anomaly-detector,precision,0.9364,2026-06-18T06:00:00Z,classification,"{""cohort"": ""all""}"
mlflow://experiment-5/medical-image-anomaly-detector,recall,0.9269,2026-06-18T06:00:00Z,classification,"{""cohort"": ""all""}"
mlflow://experiment-5/medical-image-anomaly-detector,f1_score,0.9279,2026-06-18T06:00:00Z,classification,"{""cohort"": ""all""}"
mlflow://experiment-5/medical-image-anomaly-detector,auc_roc,0.939,2026-06-18T06:00:00Z,classification,"{""cohort"": ""all""}"
mlflow://experiment-5/medical-image-anomaly-detector,accuracy,0.936,2026-06-18T16:00:00Z,classification,"{""cohort"": ""all""}"
mlflow://experiment-5/medical-image-anomaly-detector,precision,0.9272,2026-06-18T16:00:00Z,classification,"{""cohort"": ""all""}"
mlflow://experiment-5/medical-image-anomaly-detector,recall,0.952,2026-06-18T16:00:00Z,classification,"{""cohort"": ""all""}"
mlflow://experiment-5/medical-image-anomaly-detector,f1_score,0.9456,2026-06-18T16:00:00Z,classification,"{""cohort"": ""all""}"
mlflow://experiment-5/medical-image-anomaly-detector,auc_roc,0.9482,2026-06-18T16:00:00Z,classification,"{""cohort"": ""all""}"
mlflow://experiment-5/medical-image-anomaly-detector,accuracy,0.9408,2026-06-19T23:00:00Z,classification,"{""cohort"": ""all""}"
mlflow://experiment-5/medical-image-anomaly-detector,precision,0.9406,2026-06-19T23:00:00Z,classification,"{""cohort"": ""all""}"
mlflow://experiment-5/medical-image-anomaly-detector,recall,0.9366,2026-06-19T23:00:00Z,classification,"{""cohort"": ""all""}"
mlflow://experiment-5/medical-image-anomaly-detector,f1_score,0.9488,2026-06-19T23:00:00Z,classification,"{""cohort"": ""all""}"
mlflow://experiment-5/medical-image-anomaly-detector,auc_roc,0.9393,2026-06-19T23:00:00Z,classification,"{""cohort"": ""all""}"
mlflow://experiment-5/medical-image-anomaly-detector,accuracy,0.9453,2026-06-20T17:00:00Z,classification,"{""cohort"": ""all""}"
mlflow://experiment-5/medical-image-anomaly-detector,precision,0.9284,2026-06-20T17:00:00Z,classification,"{""cohort"": ""all""}"
mlflow://experiment-5/medical-image-anomaly-detector,recall,0.9454,2026-06-20T17:00:00Z,classification,"{""cohort"": ""all""}"
mlflow://experiment-5/medical-image-anomaly-detector,f1_score,0.9353,2026-06-20T17:00:00Z,classification,"{""cohort"": ""all""}"
mlflow://experiment-5/medical-image-anomaly-detector,auc_roc,0.9396,2026-06-20T17:00:00Z,classification,"{""cohort"": ""all""}"
mlflow://experiment-5/medical-image-anomaly-detector,accuracy,0.9373,2026-06-21T14:00:00Z,classification,"{""cohort"": ""all""}"
mlflow://experiment-5/medical-image-anomaly-detector,precision,0.9435,2026-06-21T14:00:00Z,classification,"{""cohort"": ""all""}"
mlflow://experiment-5/medical-image-anomaly-detector,recall,0.9328,2026-06-21T14:00:00Z,classification,"{""cohort"": ""all""}"
mlflow://experiment-5/medical-image-anomaly-detector,f1_score,0.9349,2026-06-21T14:00:00Z,classification,"{""cohort"": ""all""}"
mlflow://experiment-5/medical-image-anomaly-detector,auc_roc,0.9338,2026-06-21T14:00:00Z,classification,"{""cohort"": ""all""}"
mlflow://experiment-5/medical-image-anomaly-detector,accuracy,0.9455,2026-06-23T00:00:00Z,classification,"{""cohort"": ""all""}"
mlflow://experiment-5/medical-image-anomaly-detector,precision,0.9429,2026-06-23T00:00:00Z,classification,"{""cohort"": ""all""}"
mlflow://experiment-5/medical-image-anomaly-detector,recall,0.9242,2026-06-23T00:00:00Z,classification,"{""cohort"": ""all""}"
mlflow://experiment-5/medical-image-anomaly-detector,f1_score,0.9108,2026-06-23T00:00:00Z,classification,"{""cohort"": ""all""}"
mlflow://experiment-5/medical-image-anomaly-detector,auc_roc,0.9285,2026-06-23T00:00:00Z,classification,"{""cohort"": ""all""}"
mlflow://experiment-5/medical-image-anomaly-detector,accuracy,0.9345,2026-06-23T19:00:00Z,classification,"{""cohort"": ""all""}"
mlflow://experiment-5/medical-image-anomaly-detector,precision,0.9373,2026-06-23T19:00:00Z,classification,"{""cohort"": ""all""}"
mlflow://experiment-5/medical-image-anomaly-detector,recall,0.936,2026-06-23T19:00:00Z,classification,"{""cohort"": ""all""}"
mlflow://experiment-5/medical-image-anomaly-detector,f1_score,0.9437,2026-06-23T19:00:00Z,classification,"{""cohort"": ""all""}"
mlflow://experiment-5/medical-image-anomaly-detector,auc_roc,0.9363,2026-06-23T19:00:00Z,classification,"{""cohort"": ""all""}"
mlflow://experiment-5/medical-image-anomaly-detector,accuracy,0.9511,2026-06-24T14:00:00Z,classification,"{""cohort"": ""all""}"
mlflow://experiment-5/medical-image-anomaly-detector,precision,0.944,2026-06-24T14:00:00Z,classification,"{""cohort"": ""all""}"
mlflow://experiment-5/medical-image-anomaly-detector,recall,0.947,2026-06-24T14:00:00Z,classification,"{""cohort"": ""all""}"
mlflow://experiment-5/medical-image-anomaly-detector,f1_score,0.9346,2026-06-24T14:00:00Z,classification,"{""cohort"": ""all""}"
mlflow://experiment-5/medical-image-anomaly-detector,auc_roc,0.9566,2026-06-24T14:00:00Z,classification,"{""cohort"": ""all""}"
mlflow://experiment-5/medical-image-anomaly-detector,accuracy,0.9399,2026-06-25T23:00:00Z,classification,"{""cohort"": ""all""}"
mlflow://experiment-5/medical-image-anomaly-detector,precision,0.9475,2026-06-25T23:00:00Z,classification,"{""cohort"": ""all""}"
mlflow://experiment-5/medical-image-anomaly-detector,recall,0.9305,2026-06-25T23:00:00Z,classification,"{""cohort"": ""all""}"
mlflow://experiment-5/medical-image-anomaly-detector,f1_score,0.9305,2026-06-25T23:00:00Z,classification,"{""cohort"": ""all""}"
mlflow://experiment-5/medical-image-anomaly-detector,auc_roc,0.9416,2026-06-25T23:00:00Z,classification,"{""cohort"": ""all""}"
mlflow://experiment-5/medical-image-anomaly-detector,accuracy,0.9445,2026-06-26T21:00:00Z,classification,"{""cohort"": ""all""}"
mlflow://experiment-5/medical-image-anomaly-detector,precision,0.95,2026-06-26T21:00:00Z,classification,"{""cohort"": ""all""}"
mlflow://experiment-5/medical-image-anomaly-detector,recall,0.9404,2026-06-26T21:00:00Z,classification,"{""cohort"": ""all""}"
mlflow://experiment-5/medical-image-anomaly-detector,f1_score,0.9453,2026-06-26T21:00:00Z,classification,"{""cohort"": ""all""}"
mlflow://experiment-5/medical-image-anomaly-detector,auc_roc,0.9318,2026-06-26T21:00:00Z,classification,"{""cohort"": ""all""}"
mlflow://experiment-5/medical-image-anomaly-detector,accuracy,0.9301,2026-06-27T22:00:00Z,classification,"{""cohort"": ""all""}"
mlflow://experiment-5/medical-image-anomaly-detector,precision,0.9439,2026-06-27T22:00:00Z,classification,"{""cohort"": ""all""}"
mlflow://experiment-5/medical-image-anomaly-detector,recall,0.9465,2026-06-27T22:00:00Z,classification,"{""cohort"": ""all""}"
mlflow://experiment-5/medical-image-anomaly-detector,f1_score,0.927,2026-06-27T22:00:00Z,classification,"{""cohort"": ""all""}"
mlflow://experiment-5/medical-image-anomaly-detector,auc_roc,0.933,2026-06-27T22:00:00Z,classification,"{""cohort"": ""all""}"
mlflow://experiment-5/medical-image-anomaly-detector,accuracy,0.9353,2026-06-29T07:00:00Z,classification,"{""cohort"": ""all""}"
mlflow://experiment-5/medical-image-anomaly-detector,precision,0.9463,2026-06-29T07:00:00Z,classification,"{""cohort"": ""all""}"
mlflow://experiment-5/medical-image-anomaly-detector,recall,0.9378,2026-06-29T07:00:00Z,classification,"{""cohort"": ""all""}"
mlflow://experiment-5/medical-image-anomaly-detector,f1_score,0.9299,2026-06-29T07:00:00Z,classification,"{""cohort"": ""all""}"
mlflow://experiment-5/medical-image-anomaly-detector,auc_roc,0.9638,2026-06-29T07:00:00Z,classification,"{""cohort"": ""all""}"
mlflow://experiment-5/medical-image-anomaly-detector,accuracy,0.936,2026-06-29T22:00:00Z,classification,"{""cohort"": ""all""}"
mlflow://experiment-5/medical-image-anomaly-detector,precision,0.9549,2026-06-29T22:00:00Z,classification,"{""cohort"": ""all""}"
mlflow://experiment-5/medical-image-anomaly-detector,recall,0.9269,2026-06-29T22:00:00Z,classification,"{""cohort"": ""all""}"
mlflow://experiment-5/medical-image-anomaly-detector,f1_score,0.9407,2026-06-29T22:00:00Z,classification,"{""cohort"": ""all""}"
mlflow://experiment-5/medical-image-anomaly-detector,auc_roc,NOT_A_NUMBER,2026-06-29T22:00:00Z,classification,"{""cohort"": ""all""}"
mlflow://experiment-5/medical-image-anomaly-detector,accuracy,0.9497,2026-07-01T00:00:00Z,classification,"{""cohort"": ""all""}"
mlflow://experiment-5/medical-image-anomaly-detector,precision,0.9247,2026-07-01T00:00:00Z,classification,"{""cohort"": ""all""}"
mlflow://experiment-5/medical-image-anomaly-detector,recall,0.9574,2026-07-01T00:00:00Z,classification,"{""cohort"": ""all""}"
mlflow://experiment-5/medical-image-anomaly-detector,f1_score,0.9507,2026-07-01T00:00:00Z,classification,"{""cohort"": ""all""}"
mlflow://experiment-5/medical-image-anomaly-detector,auc_roc,0.9727,2026-07-01T00:00:00Z,classification,"{""cohort"": ""all""}"
mlflow://experiment-5/medical-image-anomaly-detector,accuracy,0.9347,2026-07-01T17:00:00Z,classification,"{""cohort"": ""all""}"
mlflow://experiment-5/medical-image-anomaly-detector,precision,0.9285,2026-07-01T17:00:00Z,classification,"{""cohort"": ""all""}"
mlflow://experiment-5/medical-image-anomaly-detector,recall,0.9506,2026-07-01T17:00:00Z,classification,"{""cohort"": ""all""}"
mlflow://experiment-5/medical-image-anomaly-detector,f1_score,0.9368,2026-07-01T17:00:00Z,classification,"{""cohort"": ""all""}"
mlflow://experiment-5/medical-image-anomaly-detector,auc_roc,0.9372,2026-07-01T17:00:00Z,classification,"{""cohort"": ""all""}"
mlflow://experiment-5/medical-image-anomaly-detector,accuracy,0.9296,2026-07-02T21:00:00Z,classification,"{""cohort"": ""all""}"
mlflow://experiment-5/medical-image-anomaly-detector,precision,0.9419,2026-07-02T21:00:00Z,classification,"{""cohort"": ""all""}"
mlflow://experiment-5/medical-image-anomaly-detector,recall,0.9367,2026-07-02T21:00:00Z,classification,"{""cohort"": ""all""}"
mlflow://experiment-5/medical-image-anomaly-detector,f1_score,0.9503,2026-07-02T21:00:00Z,classification,"{""cohort"": ""all""}"
mlflow://experiment-5/medical-image-anomaly-detector,auc_roc,0.9255,2026-07-02T21:00:00Z,classification,"{""cohort"": ""all""}"
mlflow://experiment-5/medical-image-anomaly-detector,precision,0.9401,2026-07-04T09:00:00Z,classification,"{""cohort"": ""all""}"
mlflow://experiment-5/medical-image-anomaly-detector,accuracy,0.9258,2026-07-04T09:00:00Z,classification,"{""cohort"": ""all""}"
mlflow://experiment-5/medical-image-anomaly-detector,recall,0.9407,2026-07-04T09:00:00Z,classification,"{""cohort"": ""all""}"
mlflow://experiment-5/medical-image-anomaly-detector,f1_score,0.9546,2026-07-04T09:00:00Z,classification,"{""cohort"": ""all""}"
mlflow://experiment-5/medical-image-anomaly-detector,accuracy,0.9228,2026-07-04T14:00:00Z,classification,"{""cohort"": ""all""}"
mlflow://experiment-5/medical-image-anomaly-detector,auc_roc,0.9362,2026-07-04T09:00:00Z,classification,"{""cohort"": ""all""}"
mlflow://experiment-5/medical-image-anomaly-detector,precision,0.9272,2026-07-04T14:00:00Z,classification,"{""cohort"": ""all""}"
mlflow://experiment-5/medical-image-anomaly-detector,recall,0.9442,2026-07-04T14:00:00Z,classification,"{""cohort"": ""all""}"
mlflow://experiment-5/medical-image-anomaly-detector,f1_score,0.9293,2026-07-04T14:00:00Z,classification,"{""cohort"": ""all""}"
mlflow://experiment-5/medical-image-anomaly-detector,auc_roc,0.9339,2026-07-04T14:00:00Z,classification,"{""cohort"": ""all""}"
mlflow://experiment-5/medical-image-anomaly-detector,accuracy,0.9376,2026-07-06T10:00:00Z,classification,"{""cohort"": ""all""}"
mlflow://experiment-5/medical-image-anomaly-detector,precision,0.9413,2026-07-06T10:00:00Z,classification,"{""cohort"": ""all""}"
mlflow://experiment-5/medical-image-anomaly-detector,recall,0.9552,2026-07-06T10:00:00Z,classification,"{""cohort"": ""all""}"
mlflow://experiment-5/medical-image-anomaly-detector,f1_score,0.9369,2026-07-06T10:00:00Z,classification,"{""cohort"": ""all""}"
mlflow://experiment-5/medical-image-anomaly-detector,auc_roc,0.9451,2026-07-06T10:00:00Z,classification,"{""cohort"": ""all""}"
mlflow://experiment-5/medical-image-anomaly-detector,accuracy,0.9276,2026-07-06T14:00:00Z,classification,"{""cohort"": ""all""}"
mlflow://experiment-5/medical-image-anomaly-detector,precision,0.9458,2026-07-06T14:00:00Z,classification,"{""cohort"": ""all""}"
mlflow://experiment-5/medical-image-anomaly-detector,recall,0.9448,2026-07-06T14:00:00Z,classification,"{""cohort"": ""all""}"
mlflow://experiment-5/medical-image-anomaly-detector,auc_roc,0.9348,2026-07-06T14:00:00Z,classification,"{""cohort"": ""all""}"
mlflow://experiment-5/medical-image-anomaly-detector,f1_score,0.9369,2026-07-06T14:00:00Z,classification,"{""cohort"": ""all""}"
mlflow://experiment-5/medical-image-anomaly-detector,accuracy,0.9676,2026-07-08T07:00:00Z,classification,"{""cohort"": ""all""}"
mlflow://experiment-5/medical-image-anomaly-detector,precision,0.9479,2026-07-08T07:00:00Z,classification,"{""cohort"": ""all""}"
mlflow://experiment-5/medical-image-anomaly-detector,recall,0.9356,2026-07-08T07:00:00Z,classification,"{""cohort"": ""all""}"
mlflow://experiment-5/medical-image-anomaly-detector,f1_score,0.9309,2026-07-08T07:00:00Z,classification,"{""cohort"": ""all""}"
mlflow://experiment-5/medical-image-anomaly-detector,auc_roc,0.9404,2026-07-08T07:00:00Z,classification,"{""cohort"": ""all""}"
mlflow://experiment-5/medical-image-anomaly-detector,accuracy,0.914,2026-07-09T01:00:00Z,classification,"{""cohort"": ""all""}"
mlflow://experiment-5/medical-image-anomaly-detector,precision,0.9436,2026-07-09T01:00:00Z,classification,"{""cohort"": ""all""}"
mlflow://experiment-5/medical-image-anomaly-detector,recall,0.9428,2026-07-09T01:00:00Z,classification,"{""cohort"": ""all""}"
mlflow://experiment-5/medical-image-anomaly-detector,f1_score,0.9429,2026-07-09T01:00:00Z,classification,"{""cohort"": ""all""}"
mlflow://experiment-5/medical-image-anomaly-detector,auc_roc,0.9563,2026-07-09T01:00:00Z,classification,"{""cohort"": ""all""}"
mlflow://experiment-5/medical-image-anomaly-detector,accuracy,0.9286,2026-07-10T05:00:00Z,classification,"{""cohort"": ""all""}"
mlflow://experiment-5/medical-image-anomaly-detector,precision,0.9337,2026-07-10T05:00:00Z,classification,"{""cohort"": ""all""}"
mlflow://experiment-5/medical-image-anomaly-detector,recall,0.9306,2026-07-10T05:00:00Z,classification,"{""cohort"": ""all""}"
mlflow://experiment-5/medical-image-anomaly-detector,f1_score,0.9433,2026-07-10T05:00:00Z,classification,"{""cohort"": ""all""}"
mlflow://experiment-5/medical-image-anomaly-detector,auc_roc,0.9419,2026-07-10T05:00:00Z,classification,"{""cohort"": ""all""}"
mlflow://experiment-5/medical-image-anomaly-detector,accuracy,0.9268,2026-07-11T04:00:00Z,classification,"{""cohort"": ""all""}"
mlflow://experiment-5/medical-image-anomaly-detector,precision,0.9604,2026-07-11T04:00:00Z,classification,"{""cohort"": ""all""}"
mlflow://experiment-5/medical-image-anomaly-detector,recall,0.9683,2026-07-11T04:00:00Z,classification,"{""cohort"": ""all""}"
mlflow://experiment-5/medical-image-anomaly-detector,f1_score,0.9317,2026-07-11T04:00:00Z,classification,"{""cohort"": ""all""}"
mlflow://experiment-5/medical-image-anomaly-detector,auc_roc,0.9409,2026-07-10T20:00:00Z,classification,"{""cohort"": ""all""}"
mlflow://experiment-5/medical-image-anomaly-detector,accuracy,0.9577,2026-07-11T14:00:00Z,classification,"{""cohort"": ""all""}"
mlflow://experiment-5/medical-image-anomaly-detector,precision,0.9558,2026-07-11T14:00:00Z,classification,"{""cohort"": ""all""}"
mlflow://experiment-5/medical-image-anomaly-detector,recall,0.9454,2026-07-11T14:00:00Z,classification,"{""cohort"": ""all""}"
mlflow://experiment-5/medical-image-anomaly-detector,f1_score,0.9467,2026-07-11T14:00:00Z,classification,"{""cohort"": ""all""}"
mlflow://experiment-5/medical-image-anomaly-detector,auc_roc,0.9335,2026-07-11T14:00:00Z,classification,"{""cohort"": ""all""}"
mlflow://experiment-5/medical-image-anomaly-detector,accuracy,0.9419,2026-07-13T03:00:00Z,classification,"{""cohort"": ""all""}"
mlflow://experiment-5/medical-image-anomaly-detector,precision,0.9374,2026-07-13T03:00:00Z,classification,"{""cohort"": ""all""}"
mlflow://experiment-5/medical-image-anomaly-detector,recall,0.9437,2026-07-13T03:00:00Z,classification,"{""cohort"": ""all""}"
mlflow://experiment-5/medical-image-anomaly-detector,f1_score,0.9381,2026-07-13T03:00:00Z,classification,"{""cohort"": ""all""}"
mlflow://experiment-5/medical-image-anomaly-detector,auc_roc,0.9292,2026-07-13T03:00:00Z,classification,"{""cohort"": ""all""}"
mlflow://experiment-5/medical-image-anomaly-detector,accuracy,0.9343,2026-07-13T14:00:00Z,classification,"{""cohort"": ""all""}"
mlflow://experiment-5/medical-image-anomaly-detector,precision,0.9573,2026-07-13T14:00:00Z,classification,"{""cohort"": ""all""}"
mlflow://experiment-5/medical-image-anomaly-detector,recall,0.9546,2026-07-13T14:00:00Z,classification,"{""cohort"": ""all""}"
mlflow://experiment-5/medical-image-anomaly-detector,f1_score,0.9529,2026-07-13T14:00:00Z,classification,"{""cohort"": ""all""}"
mlflow://experiment-5/medical-image-anomaly-detector,auc_roc,0.931,2026-07-13T14:00:00Z,classification,"{""cohort"": ""all""}"
mlflow://experiment-5/medical-image-anomaly-detector,precision,0.9549,2026-07-14T17:00:00Z,classification,"{""cohort"": ""all""}"
mlflow://experiment-5/medical-image-anomaly-detector,accuracy,0.9279,2026-07-14T17:00:00Z,classification,"{""cohort"": ""all""}"
mlflow://experiment-5/medical-image-anomaly-detector,recall,0.933,2026-07-14T17:00:00Z,classification,"{""cohort"": ""all""}"
mlflow://experiment-5/medical-image-anomaly-detector,f1_score,0.9274,2026-07-14T17:00:00Z,classification,"{""cohort"": ""all""}"
mlflow://experiment-5/medical-image-anomaly-detector,auc_roc,0.9387,2026-07-14T17:00:00Z,classification,"{""cohort"": ""all""}"
mlflow://experiment-5/medical-image-anomaly-detector,accuracy,0.9165,2026-07-15T22:00:00Z,classification,"{""cohort"": ""all""}"
mlflow://experiment-5/medical-image-anomaly-detector,precision,0.9307,2026-07-15T22:00:00Z,classification,"{""cohort"": ""all""}"
mlflow://experiment-5/medical-image-anomaly-detector,recall,0.9412,2026-07-15T22:00:00Z,classification,"{""cohort"": ""all""}"
mlflow://experiment-5/medical-image-anomaly-detector,f1_score,0.9501,2026-07-15T22:00:00Z,classification,"{""cohort"": ""all""}"
mlflow://experiment-5/medical-image-anomaly-detector,auc_roc,0.9457,2026-07-15T22:00:00Z,classification,"{""cohort"": ""all""}"
mlflow://experiment-5/medical-image-anomaly-detector,accuracy,0.9531,2026-07-17T01:00:00Z,classification,"{""cohort"": ""all""}"
mlflow://experiment-5/medical-image-anomaly-detector,precision,0.927,2026-07-17T01:00:00Z,classification,"{""cohort"": ""all""}"
mlflow://experiment-5/medical-image-anomaly-detector,recall,0.95,2026-07-17T01:00:00Z,classification,"{""cohort"": ""all""}"
mlflow://experiment-5/medical-image-anomaly-detector,f1_score,0.9481,2026-07-17T01:00:00Z,classification,"{""cohort"": ""all""}"
mlflow://experiment-5/medical-image-anomaly-detector,auc_roc,0.9327,2026-07-17T01:00:00Z,classification,"{""cohort"": ""all""}"
mlflow://experiment-5/medical-image-anomaly-detector,accuracy,0.928,2026-07-18T01:00:00Z,classification,"{""cohort"": ""all""}"
mlflow://experiment-5/medical-image-anomaly-detector,precision,0.95,2026-07-18T01:00:00Z,classification,"{""cohort"": ""all""}"
mlflow://experiment-5/medical-image-anomaly-detector,recall,0.9446,2026-07-18T01:00:00Z,classification,"{""cohort"": ""all""}"
mlflow://experiment-5/medical-image-anomaly-detector,f1_score,0.9561,2026-07-18T01:00:00Z,classification,"{""cohort"": ""all""}"
mlflow://experiment-5/medical-image-anomaly-detector,auc_roc,0.9413,2026-07-18T01:00:00Z,classification,"{""cohort"": ""all""}"
mlflow://experiment-5/medical-image-anomaly-detector,accuracy,0.9366,2026-07-18T15:00:00Z,classification,"{""cohort"": ""all""}"
mlflow://experiment-5/medical-image-anomaly-detector,precision,0.9438,2026-07-18T15:00:00Z,classification,"{""cohort"": ""all""}"
mlflow://experiment-5/medical-image-anomaly-detector,recall,0.9282,2026-07-18T15:00:00Z,classification,"{""cohort"": ""all""}"
mlflow://experiment-5/medical-image-anomaly-detector,f1_score,0.9356,2026-07-18T15:00:00Z,classification,"{""cohort"": ""all""}"
mlflow://experiment-5/medical-image-anomaly-detector,auc_roc,0.9449,2026-07-18T15:00:00Z,classification,"{""cohort"": ""all""}"
mlflow://experiment-5/medical-image-anomaly-detector,accuracy,0.9385,2026-07-19T15:00:00Z,classification,"{""cohort"": ""all""}"
mlflow://experiment-5/medical-image-anomaly-detector,precision,0.9599,2026-07-19T15:00:00Z,classification,"{""cohort"": ""all""}"
mlflow://experiment-5/medical-image-anomaly-detector,recall,0.9259,2026-07-19T15:00:00Z,classification,"{""cohort"": ""all""}"
mlflow://experiment-5/medical-image-anomaly-detector,f1_score,0.9375,2026-07-19T15:00:00Z,classification,"{""cohort"": ""all""}"
mlflow://experiment-5/medical-image-anomaly-detector,auc_roc,0.9287,2026-07-19T15:00:00Z,classification,"{""cohort"": ""all""}"
mlflow://experiment-5/medical-image-anomaly-detector,accuracy,0.9321,2026-07-21T06:00:00Z,classification,"{""cohort"": ""all""}"
mlflow://experiment-5/medical-image-anomaly-detector,precision,0.947,2026-07-21T06:00:00Z,classification,"{""cohort"": ""all""}"
mlflow://experiment-5/medical-image-anomaly-detector,recall,0.9461,2026-07-21T06:00:00Z,classification,"{""cohort"": ""all""}"
mlflow://experiment-5/medical-image-anomaly-detector,f1_score,0.9341,2026-07-21T06:00:00Z,classification,"{""cohort"": ""all""}"
mlflow://experiment-5/medical-image-anomaly-detector,auc_roc,0.9416,2026-07-21T06:00:00Z,classification,"{""cohort"": ""all""}"
mlflow://experiment-5/medical-image-anomaly-detector,accuracy,0.9377,2026-07-22T09:00:00Z,classification,"{""cohort"": ""all""}"
mlflow://experiment-5/medical-image-anomaly-detector,recall,0.9368,2026-07-22T09:00:00Z,classification,"{""cohort"": ""all""}"
mlflow://experiment-5/medical-image-anomaly-detector,precision,0.9319,2026-07-22T09:00:00Z,classification,"{""cohort"": ""all""}"
mlflow://experiment-5/medical-image-anomaly-detector,f1_score,0.9372,2026-07-22T09:00:00Z,classification,"{""cohort"": ""all""}"
mlflow://experiment-5/medical-image-anomaly-detector,auc_roc,0.9433,2026-07-22T09:00:00Z,classification,"{""cohort"": ""all""}"
mlflow://experiment-5/medical-image-anomaly-detector,accuracy,0.9437,2026-07-22T21:00:00Z,classification,"{""cohort"": ""all""}"
mlflow://experiment-5/medical-image-anomaly-detector,precision,0.9472,2026-07-22T21:00:00Z,classification,"{""cohort"": ""all""}"
mlflow://experiment-5/medical-image-anomaly-detector,recall,0.9465,2026-07-22T21:00:00Z,classification,"{""cohort"": ""all""}"
mlflow://experiment-5/medical-image-anomaly-detector,f1_score,0.9463,2026-07-22T21:00:00Z,classification,"{""cohort"": ""all""}"
mlflow://experiment-5/medical-image-anomaly-detector,auc_roc,0.9477,2026-07-22T21:00:00Z,classification,"{""cohort"": ""all""}"
mlflow://experiment-5/medical-image-anomaly-detector,accuracy,0.9464,2026-07-24T07:00:00Z,classification,"{""cohort"": ""all""}"
mlflow://experiment-5/medical-image-anomaly-detector,precision,0.9475,2026-07-24T07:00:00Z,classification,"{""cohort"": ""all""}"
mlflow://experiment-5/medical-image-anomaly-detector,recall,0.9456,2026-07-24T07:00:00Z,classification,"{""cohort"": ""all""}"
mlflow://experiment-5/medical-image-anomaly-detector,f1_score,0.9531,2026-07-24T07:00:00Z,classification,"{""cohort"": ""all""}"
mlflow://experiment-5/medical-image-anomaly-detector,auc_roc,0.935,2026-07-24T07:00:00Z,classification,"{""cohort"": ""all""}"
mlflow://experiment-5/medical-image-anomaly-detector,accuracy,0.9265,2026-07-24T17:00:00Z,classification,"{""cohort"": ""all""}"
mlflow://experiment-5/medical-image-anomaly-detector,precision,0.9291,2026-07-24T17:00:00Z,classification,"{""cohort"": ""all""}"
mlflow://experiment-5/medical-image-anomaly-detector,recall,0.9361,2026-07-24T17:00:00Z,classification,"{""cohort"": ""all""}"
mlflow://experiment-5/medical-image-anomaly-detector,f1_score,0.9455,2026-07-24T17:00:00Z,classification,"{""cohort"": ""all""}"
mlflow://experiment-5/medical-image-anomaly-detector,auc_roc,0.9467,2026-07-24T17:00:00Z,classification,"{""cohort"": ""all""}"
mlflow://experiment-5/medical-image-anomaly-detector,accuracy,0.9253,2026-07-26T02:00:00Z,classification,"{""cohort"": ""all""}"
mlflow://experiment-5/medical-image-anomaly-detector,precision,0.9263,2026-07-26T02:00:00Z,classification,"{""cohort"": ""all""}"
mlflow://experiment-5/medical-image-anomaly-detector,recall,0.951,2026-07-26T02:00:00Z,classification,"{""cohort"": ""all""}"
mlflow://experiment-5/medical-image-anomaly-detector,f1_score,0.9366,2026-07-26T02:00:00Z,classification,"{""cohort"": ""all""}"
mlflow://experiment-5/medical-image-anomaly-detector,auc_roc,0.9433,2026-07-26T02:00:00Z,classification,"{""cohort"": ""all""}"
mlflow://experiment-5/medical-image-anomaly-detector,accuracy,0.9493,2026-07-27T05:00:00Z,classification,"{""cohort"": ""all""}"
mlflow://experiment-5/medical-image-anomaly-detector,precision,0.9283,2026-07-27T05:00:00Z,classification,"{""cohort"": ""all""}"
mlflow://experiment-5/medical-image-anomaly-detector,recall,0.9396,2026-07-27T05:00:00Z,classification,"{""cohort"": ""all""}"
mlflow://experiment-5/medical-image-anomaly-detector,f1_score,0.9359,2026-07-27T05:00:00Z,classification,"{""cohort"": ""all""}"
mlflow://experiment-5/medical-image-anomaly-detector,auc_roc,0.9305,2026-07-27T05:00:00Z,classification,"{""cohort"": ""all""}"
mlflow://experiment-5/medical-image-anomaly-detector,accuracy,0.9359,2026-07-28T02:00:00Z,classification,"{""cohort"": ""all""}"
mlflow://experiment-5/medical-image-anomaly-detector,precision,0.9403,2026-07-28T02:00:00Z,classification,"{""cohort"": ""all""}"
mlflow://experiment-5/medical-image-anomaly-detector,recall,0.9566,2026-07-28T02:00:00Z,classification,"{""cohort"": ""all""}"
mlflow://experiment-5/medical-image-anomaly-detector,f1_score,0.9433,2026-07-28T02:00:00Z,classification,"{""cohort"": ""all""}"
mlflow://experiment-5/medical-image-anomaly-detector,auc_roc,0.9379,2026-07-28T02:00:00Z,classification,"{""cohort"": ""all""}"
mlflow://experiment-5/medical-image-anomaly-detector,accuracy,0.9477,2026-07-29T05:00:00Z,classification,"{""cohort"": ""all""}"
mlflow://experiment-5/medical-image-anomaly-detector,precision,0.9358,2026-07-29T05:00:00Z,classification,"{""cohort"": ""all""}"
mlflow://experiment-5/medical-image-anomaly-detector,recall,0.9569,2026-07-29T05:00:00Z,classification,"{""cohort"": ""all""}"
mlflow://experiment-5/medical-image-anomaly-detector,f1_score,0.9242,2026-07-29T05:00:00Z,classification,"{""cohort"": ""all""}"
mlflow://experiment-5/medical-image-anomaly-detector,auc_roc,0.9331,2026-07-29T05:00:00Z,classification,"{""cohort"": ""all""}"
mlflow://experiment-5/medical-image-anomaly-detector,accuracy,0.9353,2026-07-30T03:00:00Z,classification,"{""cohort"": ""all""}"
mlflow://experiment-5/medical-image-anomaly-detector,precision,0.9385,2026-07-30T03:00:00Z,classification,"{""cohort"": ""all""}"
mlflow://experiment-5/medical-image-anomaly-detector,recall,0.953,2026-07-30T03:00:00Z,classification,"{""cohort"": ""all""}"
mlflow://experiment-5/medical-image-anomaly-detector,f1_score,0.9514,2026-07-30T03:00:00Z,classification,"{""cohort"": ""all""}"
mlflow://experiment-5/medical-image-anomaly-detector,auc_roc,0.9442,2026-07-30T03:00:00Z,classification,"{""cohort"": ""all""}"
mlflow://experiment-5/medical-image-anomaly-detector,accuracy,0.9314,2026-07-30T13:00:00Z,classification,"{""cohort"": ""all""}"
mlflow://experiment-5/medical-image-anomaly-detector,precision,0.9407,2026-07-30T13:00:00Z,classification,"{""cohort"": ""all""}"
mlflow://experiment-5/medical-image-anomaly-detector,recall,0.9292,2026-07-30T05:00:00Z,classification,"{""cohort"": ""all""}"
mlflow://experiment-5/medical-image-anomaly-detector,f1_score,0.9421,2026-07-30T13:00:00Z,classification,"{""cohort"": ""all""}"
mlflow://experiment-5/medical-image-anomaly-detector,auc_roc,0.9503,2026-07-30T13:00:00Z,classification,"{""cohort"": ""all""}"
mlflow://experiment-6/length-of-stay-predictor,r2_score,0.948,2026-05-03T11:00:00Z,regression,"{""cohort"": ""all""}"
mlflow://experiment-6/length-of-stay-predictor,mae,2.7077,2026-05-03T11:00:00Z,regression,"{""cohort"": ""all""}"
mlflow://experiment-6/length-of-stay-predictor,rmse,2.7746,2026-05-03T11:00:00Z,regression,"{""cohort"": ""all""}"
mlflow://experiment-6/length-of-stay-predictor,mape,6.3646,2026-05-03T11:00:00Z,regression,"{""cohort"": ""all""}"
mlflow://experiment-6/length-of-stay-predictor,r2_score,0.9384,2026-05-04T02:00:00Z,regression,"{""cohort"": ""all""}"
mlflow://experiment-6/length-of-stay-predictor,mae,3.3969,2026-05-04T02:00:00Z,regression,"{""cohort"": ""all""}"
mlflow://experiment-6/length-of-stay-predictor,rmse,3.3421,2026-05-04T02:00:00Z,regression,"{""cohort"": ""all""}"
mlflow://experiment-6/length-of-stay-predictor,mape,6.1041,2026-05-04T02:00:00Z,regression,"{""cohort"": ""all""}"
mlflow://experiment-6/length-of-stay-predictor,r2_score,0.9412,2026-05-04T15:00:00Z,regression,"{""cohort"": ""all""}"
mlflow://experiment-6/length-of-stay-predictor,mae,2.8548,2026-05-04T15:00:00Z,regression,"{""cohort"": ""all""}"
mlflow://experiment-6/length-of-stay-predictor,rmse,3.0991,2026-05-04T15:00:00Z,regression,"{""cohort"": ""all""}"
mlflow://experiment-6/length-of-stay-predictor,mape,5.8764,2026-05-04T15:00:00Z,regression,"{""cohort"": ""all""}"
mlflow://experiment-6/length-of-stay-predictor,r2_score,0.9488,2026-05-05T23:00:00Z,regression,"{""cohort"": ""all""}"
mlflow://experiment-6/length-of-stay-predictor,mae,2.7896,2026-05-05T23:00:00Z,regression,"{""cohort"": ""all""}"
mlflow://experiment-6/length-of-stay-predictor,rmse,2.7509,2026-05-05T23:00:00Z,regression,"{""cohort"": ""all""}"
mlflow://experiment-6/length-of-stay-predictor,mape,6.0604,2026-05-05T23:00:00Z,regression,"{""cohort"": ""all""}"
mlflow://experiment-6/length-of-stay-predictor,r2_score,0.947,2026-05-06T18:00:00Z,regression,"{""cohort"": ""all""}"
mlflow://experiment-6/length-of-stay-predictor,mae,2.6666,2026-05-06T18:00:00Z,regression,"{""cohort"": ""all""}"
mlflow://experiment-6/length-of-stay-predictor,rmse,2.777,2026-05-06T18:00:00Z,regression,"{""cohort"": ""all""}"
mlflow://experiment-6/length-of-stay-predictor,mape,5.9475,2026-05-06T18:00:00Z,regression,"{""cohort"": ""all""}"
mlflow://experiment-6/length-of-stay-predictor,r2_score,0.9314,2026-05-08T07:00:00Z,regression,"{""cohort"": ""all""}"
mlflow://experiment-6/length-of-stay-predictor,mae,2.9573,2026-05-08T07:00:00Z,regression,"{""cohort"": ""all""}"
mlflow://experiment-6/length-of-stay-predictor,rmse,2.9529,2026-05-08T07:00:00Z,regression,"{""cohort"": ""all""}"
mlflow://experiment-6/length-of-stay-predictor,mape,5.9208,2026-05-08T07:00:00Z,regression,"{""cohort"": ""all""}"
mlflow://experiment-6/length-of-stay-predictor,r2_score,0.9515,2026-05-08T20:00:00Z,regression,"{""cohort"": ""all""}"
mlflow://experiment-6/length-of-stay-predictor,mae,2.9292,2026-05-08T20:00:00Z,regression,"{""cohort"": ""all""}"
mlflow://experiment-6/length-of-stay-predictor,rmse,3.2975,2026-05-08T20:00:00Z,regression,"{""cohort"": ""all""}"
mlflow://experiment-6/length-of-stay-predictor,mape,5.8921,2026-05-08T20:00:00Z,regression,"{""cohort"": ""all""}"
mlflow://experiment-6/length-of-stay-predictor,r2_score,0.9571,2026-05-09T16:00:00Z,regression,"{""cohort"": ""all""}"
mlflow://experiment-6/length-of-stay-predictor,mae,2.9186,2026-05-09T16:00:00Z,regression,"{""cohort"": ""all""}"
mlflow://experiment-6/length-of-stay-predictor,rmse,3.5458,2026-05-09T16:00:00Z,regression,"{""cohort"": ""all""}"
mlflow://experiment-6/length-of-stay-predictor,mape,5.8472,2026-05-09T16:00:00Z,regression,"{""cohort"": ""all""}"
mlflow://experiment-6/length-of-stay-predictor,mae,3.2869,2026-05-11T08:00:00Z,regression,"{""cohort"": ""all""}"
mlflow://experiment-6/length-of-stay-predictor,r2_score,0.954,2026-05-11T08:00:00Z,regression,"{""cohort"": ""all""}"
mlflow://experiment-6/length-of-stay-predictor,rmse,3.0006,2026-05-11T08:00:00Z,regression,"{""cohort"": ""all""}"
mlflow://experiment-6/length-of-stay-predictor,mape,6.1577,2026-05-11T08:00:00Z,regression,"{""cohort"": ""all""}"
mlflow://experiment-6/length-of-stay-predictor,r2_score,0.9411,2026-05-11T19:00:00Z,regression,"{""cohort"": ""all""}"
mlflow://experiment-6/length-of-stay-predictor,mae,2.7004,2026-05-11T19:00:00Z,regression,"{""cohort"": ""all""}"
mlflow://experiment-6/length-of-stay-predictor,rmse,2.7381,2026-05-11T19:00:00Z,regression,"{""cohort"": ""all""}"
mlflow://experiment-6/length-of-stay-predictor,mape,6.0087,2026-05-11T19:00:00Z,regression,"{""cohort"": ""all""}"
mlflow://experiment-6/length-of-stay-predictor,r2_score,0.9333,2026-05-12T20:00:00Z,regression,"{""cohort"": ""all""}"
mlflow://experiment-6/length-of-stay-predictor,mae,2.8604,2026-05-12T20:00:00Z,regression,"{""cohort"": ""all""}"
mlflow://experiment-6/length-of-stay-predictor,rmse,3.3165,2026-05-12T20:00:00Z,regression,"{""cohort"": ""all""}"
mlflow://experiment-6/length-of-stay-predictor,mape,6.0813,2026-05-12T20:00:00Z,regression,"{""cohort"": ""all""}"
mlflow://experiment-6/length-of-stay-predictor,r2_score,0.9264,2026-05-13T14:00:00Z,regression,"{""cohort"": ""all""}"
mlflow://experiment-6/length-of-stay-predictor,mae,3.1908,2026-05-13T14:00:00Z,regression,"{""cohort"": ""all""}"
mlflow://experiment-6/length-of-stay-predictor,rmse,2.8605,2026-05-13T14:00:00Z,regression,"{""cohort"": ""all""}"
mlflow://experiment-6/length-of-stay-predictor,mape,5.8074,2026-05-13T14:00:00Z,regression,"{""cohort"": ""all""}"
mlflow://experiment-6/length-of-stay-predictor,r2_score,0.9485,2026-05-15T02:00:00Z,regression,"{""cohort"": ""all""}"
mlflow://experiment-6/length-of-stay-predictor,mae,2.9452,2026-05-15T02:00:00Z,regression,"{""cohort"": ""all""}"
mlflow://experiment-6/length-of-stay-predictor,rmse,3.345,2026-05-15T02:00:00Z,regression,"{""cohort"": ""all""}"
mlflow://experiment-6/length-of-stay-predictor,mape,6.0027,2026-05-15T02:00:00Z,regression,"{""cohort"": ""all""}"
mlflow://experiment-6/length-of-stay-predictor,r2_score,0.9623,2026-05-16T11:00:00Z,regression,"{""cohort"": ""all""}"
mlflow://experiment-6/length-of-stay-predictor,mae,3.2957,2026-05-16T11:00:00Z,regression,"{""cohort"": ""all""}"
mlflow://experiment-6/length-of-stay-predictor,rmse,2.7953,2026-05-16T11:00:00Z,regression,"{""cohort"": ""all""}"
mlflow://experiment-6/length-of-stay-predictor,mape,5.8841,2026-05-16T11:00:00Z,regression,"{""cohort"": ""all""}"
mlflow://experiment-6/length-of-stay-predictor,r2_score,0.9429,2026-05-16T14:00:00Z,regression,"{""cohort"": ""all""}"
mlflow://experiment-6/length-of-stay-predictor,mae,2.8068,2026-05-16T14:00:00Z,regression,"{""cohort"": ""all""}"
mlflow://experiment-6/length-of-stay-predictor,rmse,3.3659,2026-05-16T14:00:00Z,regression,"{""cohort"": ""all""}"
mlflow://experiment-6/length-of-stay-predictor,mape,5.9629,2026-05-16T14:00:00Z,regression,"{""cohort"": ""all""}"
mlflow://experiment-6/length-of-stay-predictor,r2_score,0.9378,2026-05-18T03:00:00Z,regression,"{""cohort"": ""all""}"
mlflow://experiment-6/length-of-stay-predictor,mae,3.3729,2026-05-18T03:00:00Z,regression,"{""cohort"": ""all""}"
mlflow://experiment-6/length-of-stay-predictor,rmse,2.8624,2026-05-18T03:00:00Z,regression,"{""cohort"": ""all""}"
mlflow://experiment-6/length-of-stay-predictor,mape,6.1119,2026-05-18T03:00:00Z,regression,"{""cohort"": ""all""}"
mlflow://experiment-6/length-of-stay-predictor,r2_score,0.9506,2026-05-19T06:00:00Z,regression,"{""cohort"": ""all""}"
mlflow://experiment-6/length-of-stay-predictor,mae,2.7181,2026-05-19T06:00:00Z,regression,"{""cohort"": ""all""}"
mlflow://experiment-6/length-of-stay-predictor,rmse,3.2668,2026-05-19T06:00:00Z,regression,"{""cohort"": ""all""}"
mlflow://experiment-6/length-of-stay-predictor,mape,5.8954,2026-05-19T06:00:00Z,regression,"{""cohort"": ""all""}"
mlflow://experiment-6/length-of-stay-predictor,r2_score,0.9542,2026-05-19T13:00:00Z,regression,"{""cohort"": ""all""}"
mlflow://experiment-6/length-of-stay-predictor,mae,3.205,2026-05-19T13:00:00Z,regression,"{""cohort"": ""all""}"
mlflow://experiment-6/length-of-stay-predictor,rmse,2.9003,2026-05-19T13:00:00Z,regression,"{""cohort"": ""all""}"
mlflow://experiment-6/length-of-stay-predictor,mape,6.0129,2026-05-19T13:00:00Z,regression,"{""cohort"": ""all""}"
mlflow://experiment-6/length-of-stay-predictor,r2_score,0.9397,2026-05-20T17:00:00Z,regression,"{""cohort"": ""all""}"
mlflow://experiment-6/length-of-stay-predictor,mae,3.0027,2026-05-20T17:00:00Z,regression,"{""cohort"": ""all""}"
mlflow://experiment-6/length-of-stay-predictor,rmse,3.1298,2026-05-20T17:00:00Z,regression,"{""cohort"": ""all""}"
mlflow://experiment-6/length-of-stay-predictor,mape,5.9825,2026-05-20T17:00:00Z,regression,"{""cohort"": ""all""}"
mlflow://experiment-6/length-of-stay-predictor,r2_score,0.9574,2026-05-22T10:00:00Z,regression,"{""cohort"": ""all""}"
mlflow://experiment-6/length-of-stay-predictor,mae,2.7771,2026-05-22T10:00:00Z,regression,"{""cohort"": ""all""}"
mlflow://experiment-6/length-of-stay-predictor,rmse,2.8696,2026-05-22T10:00:00Z,regression,"{""cohort"": ""all""}"
mlflow://experiment-6/length-of-stay-predictor,r2_score,0.9479,2026-05-22T20:00:00Z,regression,"{""cohort"": ""all""}"
mlflow://experiment-6/length-of-stay-predictor,mape,6.193,2026-05-22T10:00:00Z,regression,"{""cohort"": ""all""}"
mlflow://experiment-6/length-of-stay-predictor,mae,3.1047,2026-05-22T12:00:00Z,regression,"{""cohort"": ""all""}"
mlflow://experiment-6/length-of-stay-predictor,rmse,3.2568,2026-05-22T20:00:00Z,regression,"{""cohort"": ""all""}"
mlflow://experiment-6/length-of-stay-predictor,mape,6.0732,2026-05-22T20:00:00Z,regression,"{""cohort"": ""all""}"
mlflow://experiment-6/length-of-stay-predictor,r2_score,0.9451,2026-05-24T08:00:00Z,regression,"{""cohort"": ""all""}"
mlflow://experiment-6/length-of-stay-predictor,mae,3.1733,2026-05-24T08:00:00Z,regression,"{""cohort"": ""all""}"
mlflow://experiment-6/length-of-stay-predictor,rmse,2.894,2026-05-24T08:00:00Z,regression,"{""cohort"": ""all""}"
mlflow://experiment-6/length-of-stay-predictor,mape,6.1457,2026-05-24T08:00:00Z,regression,"{""cohort"": ""all""}"
mlflow://experiment-6/length-of-stay-predictor,r2_score,0.9361,2026-05-24T19:00:00Z,regression,"{""cohort"": ""all""}"
mlflow://experiment-6/length-of-stay-predictor,mae,3.0376,2026-05-24T19:00:00Z,regression,"{""cohort"": ""all""}"
mlflow://experiment-6/length-of-stay-predictor,rmse,3.1145,2026-05-24T19:00:00Z,regression,"{""cohort"": ""all""}"
mlflow://experiment-6/length-of-stay-predictor,mape,6.039,2026-05-24T19:00:00Z,regression,"{""cohort"": ""all""}"
mlflow://experiment-6/length-of-stay-predictor,r2_score,0.9448,2026-05-25T14:00:00Z,regression,"{""cohort"": ""all""}"
mlflow://experiment-6/length-of-stay-predictor,mae,3.1061,2026-05-25T14:00:00Z,regression,"{""cohort"": ""all""}"
mlflow://experiment-6/length-of-stay-predictor,rmse,2.9884,2026-05-25T14:00:00Z,regression,"{""cohort"": ""all""}"
mlflow://experiment-6/length-of-stay-predictor,mape,5.9876,2026-05-25T14:00:00Z,regression,"{""cohort"": ""all""}"
mlflow://experiment-6/length-of-stay-predictor,r2_score,0.9372,2026-05-27T10:00:00Z,regression,"{""cohort"": ""all""}"
mlflow://experiment-6/length-of-stay-predictor,mae,3.0844,2026-05-27T10:00:00Z,regression,"{""cohort"": ""all""}"
mlflow://experiment-6/length-of-stay-predictor,rmse,3.1967,2026-05-27T10:00:00Z,regression,"{""cohort"": ""all""}"
mlflow://experiment-6/length-of-stay-predictor,mape,5.8816,2026-05-27T10:00:00Z,regression,"{""cohort"": ""all""}"
mlflow://experiment-6/length-of-stay-predictor,r2_score,0.9489,2026-05-28T03:00:00Z,regression,"{""cohort"": ""all""}"
mlflow://experiment-6/length-of-stay-predictor,mae,3.0846,2026-05-28T03:00:00Z,regression,"{""cohort"": ""all""}"
mlflow://experiment-6/length-of-stay-predictor,rmse,2.9888,2026-05-28T03:00:00Z,regression,"{""cohort"": ""all""}"
mlflow://experiment-6/length-of-stay-predictor,mape,5.9539,2026-05-28T03:00:00Z,regression,"{""cohort"": ""all""}"
mlflow://experiment-6/length-of-stay-predictor,r2_score,0.9343,2026-05-28T22:00:00Z,regression,"{""cohort"": ""all""}"
mlflow://experiment-6/length-of-stay-predictor,mae,3.1247,2026-05-28T22:00:00Z,regression,"{""cohort"": ""all""}"
mlflow://experiment-6/length-of-stay-predictor,rmse,2.7286,2026-05-28T22:00:00Z,regression,"{""cohort"": ""all""}"
mlflow://experiment-6/length-of-stay-predictor,mape,6.1231,2026-05-28T22:00:00Z,regression,"{""cohort"": ""all""}"
mlflow://experiment-6/length-of-stay-predictor,r2_score,0.9305,2026-05-29T16:00:00Z,regression,"{""cohort"": ""all""}"
mlflow://experiment-6/length-of-stay-predictor,mae,2.7664,2026-05-29T16:00:00Z,regression,"{""cohort"": ""all""}"
mlflow://experiment-6/length-of-stay-predictor,rmse,3.234,2026-05-29T16:00:00Z,regression,"{""cohort"": ""all""}"
mlflow://experiment-6/length-of-stay-predictor,mape,6.0536,2026-05-29T16:00:00Z,regression,"{""cohort"": ""all""}"
mlflow://experiment-6/length-of-stay-predictor,r2_score,0.9337,2026-05-31T07:00:00Z,regression,"{""cohort"": ""all""}"
mlflow://experiment-6/length-of-stay-predictor,mae,2.8257,2026-05-31T07:00:00Z,regression,"{""cohort"": ""all""}"
mlflow://experiment-6/length-of-stay-predictor,rmse,2.9515,2026-05-31T07:00:00Z,regression,"{""cohort"": ""all""}"
mlflow://experiment-6/length-of-stay-predictor,mape,5.8615,2026-05-31T07:00:00Z,regression,"{""cohort"": ""all""}"
mlflow://experiment-6/length-of-stay-predictor,r2_score,0.9521,2026-05-31T16:00:00Z,regression,"{""cohort"": ""all""}"
mlflow://experiment-6/length-of-stay-predictor,mae,2.8665,2026-05-31T16:00:00Z,regression,"{""cohort"": ""all""}"
mlflow://experiment-6/length-of-stay-predictor,rmse,2.8691,2026-05-31T16:00:00Z,regression,"{""cohort"": ""all""}"
mlflow://experiment-6/length-of-stay-predictor,mape,6.0248,2026-05-31T16:00:00Z,regression,"{""cohort"": ""all""}"
mlflow://experiment-6/length-of-stay-predictor,r2_score,0.9433,2026-06-01T15:00:00Z,regression,"{""cohort"": ""all""}"
mlflow://experiment-6/length-of-stay-predictor,rmse,2.9767,2026-06-01T15:00:00Z,regression,"{""cohort"": ""all""}"
mlflow://experiment-6/length-of-stay-predictor,mae,3.079,2026-06-01T15:00:00Z,regression,"{""cohort"": ""all""}"
mlflow://experiment-6/length-of-stay-predictor,mape,5.9077,2026-06-01T15:00:00Z,regression,"{""cohort"": ""all""}"
mlflow://experiment-6/length-of-stay-predictor,r2_score,0.9378,2026-06-03T01:00:00Z,regression,"{""cohort"": ""all""}"
mlflow://experiment-6/length-of-stay-predictor,mae,3.1009,2026-06-03T01:00:00Z,regression,"{""cohort"": ""all""}"
mlflow://experiment-6/length-of-stay-predictor,rmse,2.9859,2026-06-03T01:00:00Z,regression,"{""cohort"": ""all""}"
mlflow://experiment-6/length-of-stay-predictor,mape,6.0414,2026-06-03T01:00:00Z,regression,"{""cohort"": ""all""}"
mlflow://experiment-6/length-of-stay-predictor,r2_score,0.9271,2026-06-04T05:00:00Z,regression,"{""cohort"": ""all""}"
mlflow://experiment-6/length-of-stay-predictor,mae,2.8105,2026-06-04T05:00:00Z,regression,"{""cohort"": ""all""}"
mlflow://experiment-6/length-of-stay-predictor,rmse,2.8963,2026-06-03T21:00:00Z,regression,"{""cohort"": ""all""}"
mlflow://experiment-6/length-of-stay-predictor,mape,6.2324,2026-06-04T05:00:00Z,regression,"{""cohort"": ""all""}"
mlflow://experiment-6/length-of-stay-predictor,r2_score,0.9485,2026-06-04T12:00:00Z,regression,"{""cohort"": ""all""}"
mlflow://experiment-6/length-of-stay-predictor,mae,2.7606,2026-06-04T12:00:00Z,regression,"{""cohort"": ""all""}"
mlflow://experiment-6/length-of-stay-predictor,rmse,2.923,2026-06-04T12:00:00Z,regression,"{""cohort"": ""all""}"
mlflow://experiment-6/length-of-stay-predictor,mape,6.1145,2026-06-04T12:00:00Z,regression,"{""cohort"": ""all""}"
mlflow://experiment-6/length-of-stay-predictor,r2_score,0.9437,2026-06-06T04:00:00Z,regression,"{""cohort"": ""all""}"
mlflow://experiment-6/length-of-stay-predictor,mae,3.1848,2026-06-06T04:00:00Z,regression,"{""cohort"": ""all""}"
mlflow://experiment-6/length-of-stay-predictor,mape,5.8609,2026-06-06T04:00:00Z,regression,"{""cohort"": ""all""}"
mlflow://experiment-6/length-of-stay-predictor,rmse,2.7875,2026-06-06T04:00:00Z,regression,"{""cohort"": ""all""}"
mlflow://experiment-6/length-of-stay-predictor,r2_score,0.9351,2026-06-06T19:00:00Z,regression,"{""cohort"": ""all""}"
mlflow://experiment-6/length-of-stay-predictor,mae,3.0031,2026-06-06T19:00:00Z,regression,"{""cohort"": ""all""}"
mlflow://experiment-6/length-of-stay-predictor,rmse,2.7315,2026-06-06T19:00:00Z,regression,"{""cohort"": ""all""}"
mlflow://experiment-6/length-of-stay-predictor,mape,6.0004,2026-06-06T19:00:00Z,regression,"{""cohort"": ""all""}"
mlflow://experiment-6/length-of-stay-predictor,r2_score,0.9412,2026-06-08T04:00:00Z,regression,"{""cohort"": ""all""}"
mlflow://experiment-6/length-of-stay-predictor,mae,2.9799,2026-06-08T04:00:00Z,regression,"{""cohort"": ""all""}"
mlflow://experiment-6/length-of-stay-predictor,rmse,2.8879,2026-06-08T04:00:00Z,regression,"{""cohort"": ""all""}"
mlflow://experiment-6/length-of-stay-predictor,mape,6.0668,2026-06-08T04:00:00Z,regression,"{""cohort"": ""all""}"
mlflow://experiment-6/length-of-stay-predictor,r2_score,0.9483,2026-06-09T00:00:00Z,regression,"{""cohort"": ""all""}"
mlflow://experiment-6/length-of-stay-predictor,mae,2.8011,2026-06-09T00:00:00Z,regression,"{""cohort"": ""all""}"
mlflow://experiment-6/length-of-stay-predictor,rmse,2.7989,2026-06-09T00:00:00Z,regression,"{""cohort"": ""all""}"
mlflow://experiment-6/length-of-stay-predictor,mape,6.1134,2026-06-09T00:00:00Z,regression,"{""cohort"": ""all""}"
mlflow://experiment-6/length-of-stay-predictor,r2_score,0.9565,2026-06-10T03:00:00Z,regression,"{""cohort"": ""all""}"
mlflow://experiment-6/length-of-stay-predictor,mae,2.9032,2026-06-10T03:00:00Z,regression,"{""cohort"": ""all""}"
mlflow://experiment-6/length-of-stay-predictor,rmse,3.0744,2026-06-10T03:00:00Z,regression,"{""cohort"": ""all""}"
mlflow://experiment-6/length-of-stay-predictor,mape,6.0039,2026-06-10T03:00:00Z,regression,"{""cohort"": ""all""}"
mlflow://experiment-6/length-of-stay-predictor,r2_score,0.9448,2026-06-10T20:00:00Z,regression,"{""cohort"": ""all""}"
mlflow://experiment-6/length-of-stay-predictor,mae,3.442,2026-06-10T20:00:00Z,regression,"{""cohort"": ""all""}"
mlflow://experiment-6/length-of-stay-predictor,rmse,3.1911,2026-06-10T20:00:00Z,regression,"{""cohort"": ""all""}"
mlflow://experiment-6/length-of-stay-predictor,mape,5.9681,2026-06-10T20:00:00Z,regression,"{""cohort"": ""all""}"
mlflow://experiment-6/length-of-stay-predictor,r2_score,0.9319,2026-06-11T21:00:00Z,regression,"{""cohort"": ""all""}"
mlflow://experiment-6/length-of-stay-predictor,mae,2.8295,2026-06-11T21:00:00Z,regression,"{""cohort"": ""all""}"
mlflow://experiment-6/length-of-stay-predictor,rmse,2.7318,2026-06-11T21:00:00Z,regression,"{""cohort"": ""all""}"
mlflow://experiment-6/length-of-stay-predictor,mape,6.0788,2026-06-11T21:00:00Z,regression,"{""cohort"": ""all""}"
mlflow://experiment-6/length-of-stay-predictor,r2_score,0.9321,2026-06-12T14:00:00Z,regression,"{""cohort"": ""all""}"
mlflow://experiment-6/length-of-stay-predictor,mae,2.8081,2026-06-12T14:00:00Z,regression,"{""cohort"": ""all""}"
mlflow://experiment-6/length-of-stay-predictor,mape,6.0342,2026-06-12T14:00:00Z,regression,"{""cohort"": ""all""}"
mlflow://experiment-6/length-of-stay-predictor,rmse,3.048,2026-06-12T14:00:00Z,regression,"{""cohort"": ""all""}"
mlflow://experiment-6/length-of-stay-predictor,r2_score,0.9333,2026-06-13T14:00:00Z,regression,"{""cohort"": ""all""}"
mlflow://experiment-6/length-of-stay-predictor,mae,2.9904,2026-06-13T14:00:00Z,regression,"{""cohort"": ""all""}"
mlflow://experiment-6/length-of-stay-predictor,rmse,3.0885,2026-06-13T14:00:00Z,regression,"{""cohort"": ""all""}"
mlflow://experiment-6/length-of-stay-predictor,mape,5.8842,2026-06-13T14:00:00Z,regression,"{""cohort"": ""all""}"
mlflow://experiment-6/length-of-stay-predictor,r2_score,0.9255,2026-06-15T00:00:00Z,regression,"{""cohort"": ""all""}"
mlflow://experiment-6/length-of-stay-predictor,mae,2.8246,2026-06-15T00:00:00Z,regression,"{""cohort"": ""all""}"
mlflow://experiment-6/length-of-stay-predictor,rmse,2.831,2026-06-15T00:00:00Z,regression,"{""cohort"": ""all""}"
mlflow://experiment-6/length-of-stay-predictor,mape,5.8839,2026-06-15T00:00:00Z,regression,"{""cohort"": ""all""}"
mlflow://experiment-6/length-of-stay-predictor,r2_score,0.9349,2026-06-15T21:00:00Z,regression,"{""cohort"": ""all""}"
mlflow://experiment-6/length-of-stay-predictor,mae,2.6931,2026-06-15T21:00:00Z,regression,"{""cohort"": ""all""}"
mlflow://experiment-6/length-of-stay-predictor,rmse,3.0394,2026-06-15T21:00:00Z,regression,"{""cohort"": ""all""}"
mlflow://experiment-6/length-of-stay-predictor,mape,5.9716,2026-06-15T21:00:00Z,regression,"{""cohort"": ""all""}"
mlflow://experiment-6/length-of-stay-predictor,r2_score,0.9444,2026-06-16T14:00:00Z,regression,"{""cohort"": ""all""}"
mlflow://experiment-6/length-of-stay-predictor,mae,2.9547,2026-06-16T14:00:00Z,regression,"{""cohort"": ""all""}"
mlflow://experiment-6/length-of-stay-predictor,rmse,2.9488,2026-06-16T14:00:00Z,regression,"{""cohort"": ""all""}"
mlflow://experiment-6/length-of-stay-predictor,mape,5.9782,2026-06-16T14:00:00Z,regression,"{""cohort"": ""all""}"
mlflow://experiment-6/length-of-stay-predictor,r2_score,0.9391,2026-06-18T09:00:00Z,regression,"{""cohort"": ""all""}"
mlflow://experiment-6/length-of-stay-predictor,mae,2.6719,2026-06-18T09:00:00Z,regression,"{""cohort"": ""all""}"
mlflow://experiment-6/length-of-stay-predictor,rmse,3.2295,2026-06-18T09:00:00Z,regression,"{""cohort"": ""all""}"
mlflow://experiment-6/length-of-stay-predictor,mape,6.107,2026-06-18T09:00:00Z,regression,"{""cohort"": ""all""}"
mlflow://experiment-6/length-of-stay-predictor,r2_score,0.9517,2026-06-19T10:00:00Z,regression,"{""cohort"": ""all""}"
mlflow://experiment-6/length-of-stay-predictor,mae,3.0167,2026-06-19T10:00:00Z,regression,"{""cohort"": ""all""}"
mlflow://experiment-6/length-of-stay-predictor,rmse,2.8622,2026-06-19T10:00:00Z,regression,"{""cohort"": ""all""}"
mlflow://experiment-6/length-of-stay-predictor,mape,6.0991,2026-06-19T10:00:00Z,regression,"{""cohort"": ""all""}"
mlflow://experiment-6/length-of-stay-predictor,r2_score,0.9394,2026-06-20T11:00:00Z,regression,"{""cohort"": ""all""}"
mlflow://experiment-6/length-of-stay-predictor,mae,3.1925,2026-06-20T11:00:00Z,regression,"{""cohort"": ""all""}"
mlflow://experiment-6/length-of-stay-predictor,rmse,2.9994,2026-06-20T11:00:00Z,regression,"{""cohort"": ""all""}"
mlflow://experiment-6/length-of-stay-predictor,mape,5.7967,2026-06-20T11:00:00Z,regression,"{""cohort"": ""all""}"
mlflow://experiment-6/length-of-stay-predictor,r2_score,0.953,2026-06-21T11:00:00Z,regression,"{""cohort"": ""all""}"
mlflow://experiment-6/length-of-stay-predictor,mae,2.7751,2026-06-21T11:00:00Z,regression,"{""cohort"": ""all""}"
mlflow://experiment-6/length-of-stay-predictor,rmse,3.3567,2026-06-21T11:00:00Z,regression,"{""cohort"": ""all""}"
mlflow://experiment-6/length-of-stay-predictor,mape,6.0333,2026-06-21T11:00:00Z,regression,"{""cohort"": ""all""}"
mlflow://experiment-6/length-of-stay-predictor,r2_score,0.9323,2026-06-21T20:00:00Z,regression,"{""cohort"": ""all""}"
mlflow://experiment-6/length-of-stay-predictor,mae,2.9767,2026-06-21T20:00:00Z,regression,"{""cohort"": ""all""}"
mlflow://experiment-6/length-of-stay-predictor,mape,5.9781,2026-06-21T20:00:00Z,regression,"{""cohort"": ""all""}"
mlflow://experiment-6/length-of-stay-predictor,rmse,3.2776,2026-06-21T20:00:00Z,regression,"{""cohort"": ""all""}"
mlflow://experiment-6/length-of-stay-predictor,r2_score,0.9309,2026-06-23T03:00:00Z,regression,"{""cohort"": ""all""}"
mlflow://experiment-6/length-of-stay-predictor,mae,3.0525,2026-06-23T03:00:00Z,regression,"{""cohort"": ""all""}"
mlflow://experiment-6/length-of-stay-predictor,rmse,2.7413,2026-06-23T03:00:00Z,regression,"{""cohort"": ""all""}"
mlflow://experiment-6/length-of-stay-predictor,mape,6.0003,2026-06-23T03:00:00Z,regression,"{""cohort"": ""all""}"
mlflow://experiment-6/length-of-stay-predictor,r2_score,0.9495,2026-06-23T23:00:00Z,regression,"{""cohort"": ""all""}"
mlflow://experiment-6/length-of-stay-predictor,mae,3.2878,2026-06-23T23:00:00Z,regression,"{""cohort"": ""all""}"
mlflow://experiment-6/length-of-stay-predictor,rmse,3.2358,2026-06-23T23:00:00Z,regression,"{""cohort"": ""all""}"
mlflow://experiment-6/length-of-stay-predictor,mape,5.9077,2026-06-23T23:00:00Z,regression,"{""cohort"": ""all""}"
mlflow://experiment-6/length-of-stay-predictor,r2_score,0.9416,2026-06-24T15:00:00Z,regression,"{""cohort"": ""all""}"
mlflow://experiment-6/length-of-stay-predictor,mae,3.2363,2026-06-24T15:00:00Z,regression,"{""cohort"": ""all""}"
mlflow://experiment-6/length-of-stay-predictor,rmse,3.3836,2026-06-24T15:00:00Z,regression,"{""cohort"": ""all""}"
mlflow://experiment-6/length-of-stay-predictor,mape,6.0545,2026-06-24T15:00:00Z,regression,"{""cohort"": ""all""}"
mlflow://experiment-6/length-of-stay-predictor,r2_score,0.9491,2026-06-25T19:00:00Z,regression,"{""cohort"": ""all""}"
mlflow://experiment-6/length-of-stay-predictor,mae,3.0542,2026-06-25T19:00:00Z,regression,"{""cohort"": ""all""}"
mlflow://experiment-6/length-of-stay-predictor,rmse,3.1101,2026-06-25T19:00:00Z,regression,"{""cohort"": ""all""}"
mlflow://experiment-6/length-of-stay-predictor,mape,5.9698,2026-06-25T19:00:00Z,regression,"{""cohort"": ""all""}"
mlflow://experiment-6/length-of-stay-predictor,r2_score,0.9191,2026-06-26T13:00:00Z,regression,"{""cohort"": ""all""}"
mlflow://experiment-6/length-of-stay-predictor,mae,2.8556,2026-06-26T13:00:00Z,regression,"{""cohort"": ""all""}"
mlflow://experiment-6/length-of-stay-predictor,rmse,2.9878,2026-06-26T13:00:00Z,regression,"{""cohort"": ""all""}"
mlflow://experiment-6/length-of-stay-predictor,mape,5.8959,2026-06-26T13:00:00Z,regression,"{""cohort"": ""all""}"
mlflow://experiment-6/length-of-stay-predictor,r2_score,0.9402,2026-06-27T22:00:00Z,regression,"{""cohort"": ""all""}"
mlflow://experiment-6/length-of-stay-predictor,mae,3.445,2026-06-27T22:00:00Z,regression,"{""cohort"": ""all""}"
mlflow://experiment-6/length-of-stay-predictor,rmse,2.8409,2026-06-27T22:00:00Z,regression,"{""cohort"": ""all""}"
mlflow://experiment-6/length-of-stay-predictor,mape,6.1692,2026-06-27T22:00:00Z,regression,"{""cohort"": ""all""}"
mlflow://experiment-6/length-of-stay-predictor,r2_score,0.9318,2026-06-29T06:00:00Z,regression,"{""cohort"": ""all""}"
mlflow://experiment-6/length-of-stay-predictor,mae,3.1693,2026-06-29T06:00:00Z,regression,"{""cohort"": ""all""}"
mlflow://experiment-6/length-of-stay-predictor,rmse,3.1026,2026-06-29T06:00:00Z,regression,"{""cohort"": ""all""}"
mlflow://experiment-6/length-of-stay-predictor,mape,5.9637,2026-06-29T06:00:00Z,regression,"{""cohort"": ""all""}"
mlflow://experiment-6/length-of-stay-predictor,r2_score,0.9647,2026-06-30T04:00:00Z,regression,"{""cohort"": ""all""}"
mlflow://experiment-6/length-of-stay-predictor,mae,2.9422,2026-06-30T04:00:00Z,regression,"{""cohort"": ""all""}"
mlflow://experiment-6/length-of-stay-predictor,rmse,3.2031,2026-06-30T04:00:00Z,regression,"{""cohort"": ""all""}"
mlflow://experiment-6/length-of-stay-predictor,mape,6.0469,2026-06-30T04:00:00Z,regression,"{""cohort"": ""all""}"
mlflow://experiment-6/length-of-stay-predictor,r2_score,0.9413,2026-06-30T21:00:00Z,regression,"{""cohort"": ""all""}"
mlflow://experiment-6/length-of-stay-predictor,mae,2.8294,2026-06-30T21:00:00Z,regression,"{""cohort"": ""all""}"
mlflow://experiment-6/length-of-stay-predictor,rmse,3.1892,2026-06-30T21:00:00Z,regression,"{""cohort"": ""all""}"
mlflow://experiment-6/length-of-stay-predictor,r2_score,0.9439,2026-07-01T23:00:00Z,regression,"{""cohort"": ""all""}"
mlflow://experiment-6/length-of-stay-predictor,mape,6.0571,2026-06-30T21:00:00Z,regression,"{""cohort"": ""all""}"
mlflow://experiment-6/length-of-stay-predictor,mae,3.2454,2026-07-01T23:00:00Z,regression,"{""cohort"": ""all""}"
mlflow://experiment-6/length-of-stay-predictor,rmse,2.9072,2026-07-01T23:00:00Z,regression,"{""cohort"": ""all""}"
mlflow://experiment-6/length-of-stay-predictor,mape,6.1317,2026-07-01T23:00:00Z,regression,"{""cohort"": ""all""}"
mlflow://experiment-6/length-of-stay-predictor,r2_score,0.9219,2026-07-03T02:00:00Z,regression,"{""cohort"": ""all""}"
mlflow://experiment-6/length-of-stay-predictor,mae,3.3935,2026-07-03T02:00:00Z,regression,"{""cohort"": ""all""}"
mlflow://experiment-6/length-of-stay-predictor,rmse,3.3459,2026-07-03T02:00:00Z,regression,"{""cohort"": ""all""}"
mlflow://experiment-6/length-of-stay-predictor,mape,5.9976,2026-07-03T02:00:00Z,regression,"{""cohort"": ""all""}"
mlflow://experiment-6/length-of-stay-predictor,r2_score,0.9537,2026-07-04T11:00:00Z,regression,"{""cohort"": ""all""}"
mlflow://experiment-6/length-of-stay-predictor,mae,2.802,2026-07-04T11:00:00Z,regression,"{""cohort"": ""all""}"
mlflow://experiment-6/length-of-stay-predictor,mape,6.0113,2026-07-04T11:00:00Z,regression,"{""cohort"": ""all""}"
mlflow://experiment-6/length-of-stay-predictor,rmse,3.0007,2026-07-04T11:00:00Z,regression,"{""cohort"": ""all""}"
mlflow://experiment-6/length-of-stay-predictor,r2_score,0.9523,2026-07-05T01:00:00Z,regression,"{""cohort"": ""all""}"
mlflow://experiment-6/length-of-stay-predictor,mae,3.0374,2026-07-05T01:00:00Z,regression,"{""cohort"": ""all""}"
mlflow://experiment-6/length-of-stay-predictor,rmse,2.798,2026-07-05T01:00:00Z,regression,"{""cohort"": ""all""}"
mlflow://experiment-6/length-of-stay-predictor,mape,5.884,2026-07-05T01:00:00Z,regression,"{""cohort"": ""all""}"
mlflow://experiment-6/length-of-stay-predictor,r2_score,0.9405,2026-07-05T12:00:00Z,regression,"{""cohort"": ""all""}"
mlflow://experiment-6/length-of-stay-predictor,mae,2.9967,2026-07-05T12:00:00Z,regression,"{""cohort"": ""all""}"
mlflow://experiment-6/length-of-stay-predictor,rmse,2.7861,2026-07-05T12:00:00Z,regression,"{""cohort"": ""all""}"
mlflow://experiment-6/length-of-stay-predictor,mape,5.8376,2026-07-05T12:00:00Z,regression,"{""cohort"": ""all""}"
mlflow://experiment-6/length-of-stay-predictor,r2_score,0.9376,2026-07-07T11:00:00Z,regression,"{""cohort"": ""all""}"
mlflow://experiment-6/length-of-stay-predictor,mae,3.1268,2026-07-07T11:00:00Z,regression,"{""cohort"": ""all""}"
mlflow://experiment-6/length-of-stay-predictor,rmse,3.2075,2026-07-07T11:00:00Z,regression,"{""cohort"": ""all""}"
mlflow://experiment-6/length-of-stay-predictor,mape,5.989,2026-07-07T11:00:00Z,regression,"{""cohort"": ""all""}"
mlflow://experiment-6/length-of-stay-predictor,r2_score,,2026-07-07T13:00:00Z,regression,"{""cohort"": ""all""}"
mlflow://experiment-6/length-of-stay-predictor,mae,2.981,2026-07-07T13:00:00Z,regression,"{""cohort"": ""all""}"
mlflow://experiment-6/length-of-stay-predictor,rmse,2.9888,2026-07-07T13:00:00Z,regression,"{""cohort"": ""all""}"
mlflow://experiment-6/length-of-stay-predictor,mape,6.0294,2026-07-07T13:00:00Z,regression,"{""cohort"": ""all""}"
mlflow://experiment-6/length-of-stay-predictor,r2_score,0.9497,2026-07-08T19:00:00Z,regression,"{""cohort"": ""all""}"
mlflow://experiment-6/length-of-stay-predictor,mae,2.8543,2026-07-08T19:00:00Z,regression,"{""cohort"": ""all""}"
mlflow://experiment-6/length-of-stay-predictor,rmse,2.9413,2026-07-08T19:00:00Z,regression,"{""cohort"": ""all""}"
mlflow://experiment-6/length-of-stay-predictor,mape,5.908,2026-07-08T19:00:00Z,regression,"{""cohort"": ""all""}"
mlflow://experiment-6/length-of-stay-predictor,r2_score,0.9439,2026-07-10T11:00:00Z,regression,"{""cohort"": ""all""}"
mlflow://experiment-6/length-of-stay-predictor,mae,3.0456,2026-07-10T11:00:00Z,regression,"{""cohort"": ""all""}"
mlflow://experiment-6/length-of-stay-predictor,rmse,3.2475,2026-07-10T11:00:00Z,regression,"{""cohort"": ""all""}"
mlflow://experiment-6/length-of-stay-predictor,mape,6.1378,2026-07-10T11:00:00Z,regression,"{""cohort"": ""all""}"
mlflow://experiment-6/length-of-stay-predictor,r2_score,0.937,2026-07-10T14:00:00Z,regression,"{""cohort"": ""all""}"
mlflow://experiment-6/length-of-stay-predictor,mae,2.9608,2026-07-10T14:00:00Z,regression,"{""cohort"": ""all""}"
mlflow://experiment-6/length-of-stay-predictor,rmse,2.9447,2026-07-10T14:00:00Z,regression,"{""cohort"": ""all""}"
mlflow://experiment-6/length-of-stay-predictor,mape,5.9549,2026-07-10T14:00:00Z,regression,"{""cohort"": ""all""}"
mlflow://experiment-6/length-of-stay-predictor,mae,3.1736,2026-07-11T21:00:00Z,regression,"{""cohort"": ""all""}"
mlflow://experiment-6/length-of-stay-predictor,r2_score,0.9394,2026-07-11T21:00:00Z,regression,"{""cohort"": ""all""}"
mlflow://experiment-6/length-of-stay-predictor,rmse,3.0975,2026-07-11T21:00:00Z,regression,"{""cohort"": ""all""}"
mlflow://experiment-6/length-of-stay-predictor,mape,5.8525,2026-07-11T21:00:00Z,regression,"{""cohort"": ""all""}"
mlflow://experiment-6/length-of-stay-predictor,r2_score,0.9349,2026-07-13T11:00:00Z,regression,"{""cohort"": ""all""}"
mlflow://experiment-6/length-of-stay-predictor,mae,3.1949,2026-07-13T11:00:00Z,regression,"{""cohort"": ""all""}"
mlflow://experiment-6/length-of-stay-predictor,rmse,3.0493,2026-07-13T11:00:00Z,regression,"{""cohort"": ""all""}"
mlflow://experiment-6/length-of-stay-predictor,mape,6.2385,2026-07-13T11:00:00Z,regression,"{""cohort"": ""all""}"
mlflow://experiment-6/length-of-stay-predictor,mae,2.7395,2026-07-13T16:00:00Z,regression,"{""cohort"": ""all""}"
mlflow://experiment-6/length-of-stay-predictor,r2_score,0.9425,2026-07-13T16:00:00Z,regression,"{""cohort"": ""all""}"
mlflow://experiment-6/length-of-stay-predictor,rmse,3.0671,2026-07-13T16:00:00Z,regression,"{""cohort"": ""all""}"
mlflow://experiment-6/length-of-stay-predictor,mape,6.0497,2026-07-13T16:00:00Z,regression,"{""cohort"": ""all""}"
mlflow://experiment-6/length-of-stay-predictor,r2_score,0.938,2026-07-15T02:00:00Z,regression,"{""cohort"": ""all""}"
mlflow://experiment-6/length-of-stay-predictor,mae,3.0934,2026-07-15T02:00:00Z,regression,"{""cohort"": ""all""}"
mlflow://experiment-6/length-of-stay-predictor,rmse,2.7842,2026-07-15T02:00:00Z,regression,"{""cohort"": ""all""}"
mlflow://experiment-6/length-of-stay-predictor,mape,6.1333,2026-07-15T02:00:00Z,regression,"{""cohort"": ""all""}"
mlflow://experiment-6/length-of-stay-predictor,r2_score,0.9372,2026-07-16T02:00:00Z,regression,"{""cohort"": ""all""}"
mlflow://experiment-6/length-of-stay-predictor,mae,3.1465,2026-07-16T02:00:00Z,regression,"{""cohort"": ""all""}"
mlflow://experiment-6/length-of-stay-predictor,rmse,3.0854,2026-07-16T02:00:00Z,regression,"{""cohort"": ""all""}"
mlflow://experiment-6/length-of-stay-predictor,mape,6.0401,2026-07-16T02:00:00Z,regression,"{""cohort"": ""all""}"
mlflow://experiment-6/length-of-stay-predictor,r2_score,0.9348,2026-07-17T09:00:00Z,regression,"{""cohort"": ""all""}"
mlflow://experiment-6/length-of-stay-predictor,mae,3.2944,2026-07-17T09:00:00Z,regression,"{""cohort"": ""all""}"
mlflow://experiment-6/length-of-stay-predictor,rmse,2.8891,2026-07-17T09:00:00Z,regression,"{""cohort"": ""all""}"
mlflow://experiment-6/length-of-stay-predictor,mape,5.9579,2026-07-17T09:00:00Z,regression,"{""cohort"": ""all""}"
mlflow://experiment-6/length-of-stay-predictor,r2_score,0.9494,2026-07-17T22:00:00Z,regression,"{""cohort"": ""all""}"
mlflow://experiment-6/length-of-stay-predictor,mae,3.253,2026-07-17T22:00:00Z,regression,"{""cohort"": ""all""}"
mlflow://experiment-6/length-of-stay-predictor,rmse,3.197,2026-07-17T22:00:00Z,regression,"{""cohort"": ""all""}"
mlflow://experiment-6/length-of-stay-predictor,mape,5.9802,2026-07-17T22:00:00Z,regression,"{""cohort"": ""all""}"
mlflow://experiment-6/length-of-stay-predictor,r2_score,0.9366,2026-07-18T13:00:00Z,regression,"{""cohort"": ""all""}"
mlflow://experiment-6/length-of-stay-predictor,mae,2.8607,2026-07-18T13:00:00Z,regression,"{""cohort"": ""all""}"
mlflow://experiment-6/length-of-stay-predictor,rmse,3.0502,2026-07-18T13:00:00Z,regression,"{""cohort"": ""all""}"
mlflow://experiment-6/length-of-stay-predictor,mape,5.9985,2026-07-18T13:00:00Z,regression,"{""cohort"": ""all""}"
mlflow://experiment-6/length-of-stay-predictor,r2_score,0.9478,2026-07-20T00:00:00Z,regression,"{""cohort"": ""all""}"
mlflow://experiment-6/length-of-stay-predictor,mae,2.7982,2026-07-20T00:00:00Z,regression,"{""cohort"": ""all""}"
mlflow://experiment-6/length-of-stay-predictor,rmse,2.9152,2026-07-20T00:00:00Z,regression,"{""cohort"": ""all""}"
mlflow://experiment-6/length-of-stay-predictor,mape,5.9862,2026-07-20T00:00:00Z,regression,"{""cohort"": ""all""}"
mlflow://experiment-6/length-of-stay-predictor,r2_score,0.9418,2026-07-20T15:00:00Z,regression,"{""cohort"": ""all""}"
mlflow://experiment-6/length-of-stay-predictor,mae,2.8965,2026-07-20T15:00:00Z,regression,"{""cohort"": ""all""}"
mlflow://experiment-6/length-of-stay-predictor,rmse,3.3757,2026-07-20T15:00:00Z,regression,"{""cohort"": ""all""}"
mlflow://experiment-6/length-of-stay-predictor,mape,6.0141,2026-07-20T15:00:00Z,regression,"{""cohort"": ""all""}"
mlflow://experiment-6/length-of-stay-predictor,r2_score,0.9527,2026-07-21T19:00:00Z,regression,"{""cohort"": ""all""}"
mlflow://experiment-6/length-of-stay-predictor,mae,3.2728,2026-07-21T19:00:00Z,regression,"{""cohort"": ""all""}"
mlflow://experiment-6/length-of-stay-predictor,rmse,2.804,2026-07-21T19:00:00Z,regression,"{""cohort"": ""all""}"
mlflow://experiment-6/length-of-stay-predictor,r2_score,0.9515,2026-07-23T08:00:00Z,regression,"{""cohort"": ""all""}"
mlflow://experiment-6/length-of-stay-predictor,mape,6.1015,2026-07-21T19:00:00Z,regression,"{""cohort"": ""all""}"
mlflow://experiment-6/length-of-stay-predictor,mae,3.1338,2026-07-23T08:00:00Z,regression,"{""cohort"": ""all""}"
mlflow://experiment-6/length-of-stay-predictor,rmse,3.0686,2026-07-23T08:00:00Z,regression,"{""cohort"": ""all""}"
mlflow://experiment-6/length-of-stay-predictor,mape,5.9804,2026-07-23T08:00:00Z,regression,"{""cohort"": ""all""}"
mlflow://experiment-6/length-of-stay-predictor,r2_score,0.9446,2026-07-23T14:00:00Z,regression,"{""cohort"": ""all""}"
mlflow://experiment-6/length-of-stay-predictor,mae,3.2728,2026-07-23T14:00:00Z,regression,"{""cohort"": ""all""}"
mlflow://experiment-6/length-of-stay-predictor,rmse,3.032,2026-07-23T14:00:00Z,regression,"{""cohort"": ""all""}"
mlflow://experiment-6/length-of-stay-predictor,mape,5.9591,2026-07-23T14:00:00Z,regression,"{""cohort"": ""all""}"
mlflow://experiment-6/length-of-stay-predictor,r2_score,0.9571,2026-07-24T22:00:00Z,regression,"{""cohort"": ""all""}"
mlflow://experiment-6/length-of-stay-predictor,mae,3.3325,2026-07-24T22:00:00Z,regression,"{""cohort"": ""all""}"
mlflow://experiment-6/length-of-stay-predictor,rmse,3.4314,2026-07-24T22:00:00Z,regression,"{""cohort"": ""all""}"
mlflow://experiment-6/length-of-stay-predictor,mape,6.071,2026-07-24T22:00:00Z,regression,"{""cohort"": ""all""}"
mlflow://experiment-6/length-of-stay-predictor,r2_score,0.9444,2026-07-26T01:00:00Z,regression,"{""cohort"": ""all""}"
mlflow://experiment-6/length-of-stay-predictor,mae,2.8195,2026-07-26T01:00:00Z,regression,"{""cohort"": ""all""}"
mlflow://experiment-6/length-of-stay-predictor,rmse,3.2981,2026-07-26T01:00:00Z,regression,"{""cohort"": ""all""}"
mlflow://experiment-6/length-of-stay-predictor,mape,6.0279,2026-07-26T01:00:00Z,regression,"{""cohort"": ""all""}"
mlflow://experiment-6/length-of-stay-predictor,mae,3.3472,2026-07-26T17:00:00Z,regression,"{""cohort"": ""all""}"
mlflow://experiment-6/length-of-stay-predictor,r2_score,0.9267,2026-07-26T17:00:00Z,regression,"{""cohort"": ""all""}"
mlflow://experiment-6/length-of-stay-predictor,rmse,2.966,2026-07-26T17:00:00Z,regression,"{""cohort"": ""all""}"
mlflow://experiment-6/length-of-stay-predictor,mape,6.1073,2026-07-26T17:00:00Z,regression,"{""cohort"": ""all""}"
mlflow://experiment-6/length-of-stay-predictor,r2_score,0.9536,2026-07-27T16:00:00Z,regression,"{""cohort"": ""all""}"
mlflow://experiment-6/length-of-stay-predictor,mae,3.06,2026-07-27T16:00:00Z,regression,"{""cohort"": ""all""}"
mlflow://experiment-6/length-of-stay-predictor,rmse,3.0044,2026-07-27T16:00:00Z,regression,"{""cohort"": ""all""}"
mlflow://experiment-6/length-of-stay-predictor,mape,6.0836,2026-07-27T16:00:00Z,regression,"{""cohort"": ""all""}"
mlflow://experiment-6/length-of-stay-predictor,r2_score,0.9485,2026-07-29T01:00:00Z,regression,"{""cohort"": ""all""}"
mlflow://experiment-6/length-of-stay-predictor,mae,2.8466,2026-07-29T01:00:00Z,regression,"{""cohort"": ""all""}"
mlflow://experiment-6/length-of-stay-predictor,rmse,3.1674,2026-07-29T01:00:00Z,regression,"{""cohort"": ""all""}"
mlflow://experiment-6/length-of-stay-predictor,mape,6.0515,2026-07-29T01:00:00Z,regression,"{""cohort"": ""all""}"
mlflow://experiment-6/length-of-stay-predictor,r2_score,0.9465,2026-07-30T01:00:00Z,regression,"{""cohort"": ""all""}"
mlflow://experiment-6/length-of-stay-predictor,mae,3.3949,2026-07-30T01:00:00Z,regression,"{""cohort"": ""all""}"
mlflow://experiment-6/length-of-stay-predictor,rmse,2.7214,2026-07-30T01:00:00Z,regression,"{""cohort"": ""all""}"
mlflow://experiment-6/length-of-stay-predictor,mape,5.9772,2026-07-30T01:00:00Z,regression,"{""cohort"": ""all""}"
mlflow://experiment-6/length-of-stay-predictor,r2_score,0.9484,2026-07-31T05:00:00Z,regression,"{""cohort"": ""all""}"
mlflow://experiment-6/length-of-stay-predictor,mae,2.4206,2026-07-30T21:00:00Z,regression,"{""cohort"": ""all""}"
mlflow://experiment-6/length-of-stay-predictor,rmse,3.0376,2026-07-31T05:00:00Z,regression,"{""cohort"": ""all""}"
mlflow://experiment-6/length-of-stay-predictor,mape,5.9076,2026-07-31T05:00:00Z,regression,"{""cohort"": ""all""}"
mlflow://experiment-7/claim-denial-risk-scorer,accuracy,0.9227,2026-05-03T05:00:00Z,classification,"{""cohort"": ""all""}"
mlflow://experiment-7/claim-denial-risk-scorer,precision,0.9065,2026-05-03T05:00:00Z,classification,"{""cohort"": ""all""}"
mlflow://experiment-7/claim-denial-risk-scorer,recall,0.9079,2026-05-03T05:00:00Z,classification,"{""cohort"": ""all""}"
mlflow://experiment-7/claim-denial-risk-scorer,f1_score,0.9147,2026-05-03T05:00:00Z,classification,"{""cohort"": ""all""}"
mlflow://experiment-7/claim-denial-risk-scorer,auc_roc,0.9196,2026-05-03T05:00:00Z,classification,"{""cohort"": ""all""}"
mlflow://experiment-7/claim-denial-risk-scorer,accuracy,0.9224,2026-05-04T07:00:00Z,classification,"{""cohort"": ""all""}"
mlflow://experiment-7/claim-denial-risk-scorer,precision,0.9252,2026-05-04T07:00:00Z,classification,"{""cohort"": ""all""}"
mlflow://experiment-7/claim-denial-risk-scorer,recall,0.9503,2026-05-04T07:00:00Z,classification,"{""cohort"": ""all""}"
mlflow://experiment-7/claim-denial-risk-scorer,f1_score,0.9199,2026-05-04T07:00:00Z,classification,"{""cohort"": ""all""}"
mlflow://experiment-7/claim-denial-risk-scorer,auc_roc,0.9139,2026-05-04T07:00:00Z,classification,"{""cohort"": ""all""}"
mlflow://experiment-7/claim-denial-risk-scorer,accuracy,0.8928,2026-05-05T03:00:00Z,classification,"{""cohort"": ""all""}"
mlflow://experiment-7/claim-denial-risk-scorer,precision,0.9133,2026-05-05T03:00:00Z,classification,"{""cohort"": ""all""}"
mlflow://experiment-7/claim-denial-risk-scorer,recall,,2026-05-05T03:00:00Z,classification,"{""cohort"": ""all""}"
mlflow://experiment-7/claim-denial-risk-scorer,f1_score,0.9179,2026-05-05T03:00:00Z,classification,"{""cohort"": ""all""}"
mlflow://experiment-7/claim-denial-risk-scorer,auc_roc,0.9357,2026-05-05T03:00:00Z,classification,"{""cohort"": ""all""}"
mlflow://experiment-7/claim-denial-risk-scorer,accuracy,0.9299,2026-05-05T20:00:00Z,classification,"{""cohort"": ""all""}"
mlflow://experiment-7/claim-denial-risk-scorer,precision,0.891,2026-05-05T20:00:00Z,classification,"{""cohort"": ""all""}"
mlflow://experiment-7/claim-denial-risk-scorer,recall,0.9114,2026-05-05T20:00:00Z,classification,"{""cohort"": ""all""}"
mlflow://experiment-7/claim-denial-risk-scorer,auc_roc,0.8916,2026-05-05T20:00:00Z,classification,"{""cohort"": ""all""}"
mlflow://experiment-7/claim-denial-risk-scorer,f1_score,0.9149,2026-05-05T20:00:00Z,classification,"{""cohort"": ""all""}"
mlflow://experiment-7/claim-denial-risk-scorer,accuracy,0.878,2026-05-06T19:00:00Z,classification,"{""cohort"": ""all""}"
mlflow://experiment-7/claim-denial-risk-scorer,precision,0.8964,2026-05-06T11:00:00Z,classification,"{""cohort"": ""all""}"
mlflow://experiment-7/claim-denial-risk-scorer,recall,0.8892,2026-05-06T19:00:00Z,classification,"{""cohort"": ""all""}"
mlflow://experiment-7/claim-denial-risk-scorer,f1_score,0.9386,2026-05-06T19:00:00Z,classification,"{""cohort"": ""all""}"
mlflow://experiment-7/claim-denial-risk-scorer,auc_roc,0.9253,2026-05-06T19:00:00Z,classification,"{""cohort"": ""all""}"
mlflow://experiment-7/claim-denial-risk-scorer,accuracy,0.9145,2026-05-07T19:00:00Z,classification,"{""cohort"": ""all""}"
mlflow://experiment-7/claim-denial-risk-scorer,precision,0.8923,2026-05-07T19:00:00Z,classification,"{""cohort"": ""all""}"
mlflow://experiment-7/claim-denial-risk-scorer,recall,0.9001,2026-05-07T19:00:00Z,classification,"{""cohort"": ""all""}"
mlflow://experiment-7/claim-denial-risk-scorer,f1_score,0.9043,2026-05-07T19:00:00Z,classification,"{""cohort"": ""all""}"
mlflow://experiment-7/claim-denial-risk-scorer,auc_roc,0.8836,2026-05-07T19:00:00Z,classification,"{""cohort"": ""all""}"
mlflow://experiment-7/claim-denial-risk-scorer,accuracy,0.91,2026-05-08T12:00:00Z,classification,"{""cohort"": ""all""}"
mlflow://experiment-7/claim-denial-risk-scorer,precision,0.9006,2026-05-08T12:00:00Z,classification,"{""cohort"": ""all""}"
mlflow://experiment-7/claim-denial-risk-scorer,recall,0.9064,2026-05-08T12:00:00Z,classification,"{""cohort"": ""all""}"
mlflow://experiment-7/claim-denial-risk-scorer,f1_score,0.9106,2026-05-08T12:00:00Z,classification,"{""cohort"": ""all""}"
mlflow://experiment-7/claim-denial-risk-scorer,auc_roc,0.9411,2026-05-08T12:00:00Z,classification,"{""cohort"": ""all""}"
mlflow://experiment-7/claim-denial-risk-scorer,accuracy,0.9039,2026-05-10T03:00:00Z,classification,"{""cohort"": ""all""}"
mlflow://experiment-7/claim-denial-risk-scorer,precision,0.904,2026-05-10T03:00:00Z,classification,"{""cohort"": ""all""}"
mlflow://experiment-7/claim-denial-risk-scorer,recall,0.9106,2026-05-10T03:00:00Z,classification,"{""cohort"": ""all""}"
mlflow://experiment-7/claim-denial-risk-scorer,f1_score,0.918,2026-05-10T03:00:00Z,classification,"{""cohort"": ""all""}"
mlflow://experiment-7/claim-denial-risk-scorer,auc_roc,0.9142,2026-05-10T03:00:00Z,classification,"{""cohort"": ""all""}"
mlflow://experiment-7/claim-denial-risk-scorer,accuracy,0.9156,2026-05-11T07:00:00Z,classification,"{""cohort"": ""all""}"
mlflow://experiment-7/claim-denial-risk-scorer,precision,0.93,2026-05-11T07:00:00Z,classification,"{""cohort"": ""all""}"
mlflow://experiment-7/claim-denial-risk-scorer,recall,0.9455,2026-05-11T07:00:00Z,classification,"{""cohort"": ""all""}"
mlflow://experiment-7/claim-denial-risk-scorer,f1_score,0.9121,2026-05-11T07:00:00Z,classification,"{""cohort"": ""all""}"
mlflow://experiment-7/claim-denial-risk-scorer,auc_roc,0.9144,2026-05-11T07:00:00Z,classification,"{""cohort"": ""all""}"
mlflow://experiment-7/claim-denial-risk-scorer,accuracy,0.9186,2026-05-12T10:00:00Z,classification,"{""cohort"": ""all""}"
mlflow://experiment-7/claim-denial-risk-scorer,precision,0.9229,2026-05-12T10:00:00Z,classification,"{""cohort"": ""all""}"
mlflow://experiment-7/claim-denial-risk-scorer,recall,0.9353,2026-05-12T10:00:00Z,classification,"{""cohort"": ""all""}"
mlflow://experiment-7/claim-denial-risk-scorer,f1_score,0.9146,2026-05-12T10:00:00Z,classification,"{""cohort"": ""all""}"
mlflow://experiment-7/claim-denial-risk-scorer,auc_roc,0.9071,2026-05-12T10:00:00Z,classification,"{""cohort"": ""all""}"
mlflow://experiment-7/claim-denial-risk-scorer,accuracy,0.8814,2026-05-12T16:00:00Z,classification,"{""cohort"": ""all""}"
mlflow://experiment-7/claim-denial-risk-scorer,precision,0.8927,2026-05-12T16:00:00Z,classification,"{""cohort"": ""all""}"
mlflow://experiment-7/claim-denial-risk-scorer,recall,0.9144,2026-05-12T16:00:00Z,classification,"{""cohort"": ""all""}"
mlflow://experiment-7/claim-denial-risk-scorer,f1_score,0.8813,2026-05-12T16:00:00Z,classification,"{""cohort"": ""all""}"
mlflow://experiment-7/claim-denial-risk-scorer,auc_roc,0.9344,2026-05-12T16:00:00Z,classification,"{""cohort"": ""all""}"
mlflow://experiment-7/claim-denial-risk-scorer,accuracy,0.8797,2026-05-13T23:00:00Z,classification,"{""cohort"": ""all""}"
mlflow://experiment-7/claim-denial-risk-scorer,precision,0.9028,2026-05-13T23:00:00Z,classification,"{""cohort"": ""all""}"
mlflow://experiment-7/claim-denial-risk-scorer,recall,0.8878,2026-05-13T23:00:00Z,classification,"{""cohort"": ""all""}"
mlflow://experiment-7/claim-denial-risk-scorer,f1_score,0.8973,2026-05-13T23:00:00Z,classification,"{""cohort"": ""all""}"
mlflow://experiment-7/claim-denial-risk-scorer,auc_roc,0.902,2026-05-13T23:00:00Z,classification,"{""cohort"": ""all""}"
mlflow://experiment-7/claim-denial-risk-scorer,accuracy,0.9137,2026-05-14T22:00:00Z,classification,"{""cohort"": ""all""}"
mlflow://experiment-7/claim-denial-risk-scorer,precision,0.9146,2026-05-14T22:00:00Z,classification,"{""cohort"": ""all""}"
mlflow://experiment-7/claim-denial-risk-scorer,recall,0.9332,2026-05-14T22:00:00Z,classification,"{""cohort"": ""all""}"
mlflow://experiment-7/claim-denial-risk-scorer,f1_score,0.8996,2026-05-14T22:00:00Z,classification,"{""cohort"": ""all""}"
mlflow://experiment-7/claim-denial-risk-scorer,auc_roc,0.9291,2026-05-14T22:00:00Z,classification,"{""cohort"": ""all""}"
mlflow://experiment-7/claim-denial-risk-scorer,accuracy,0.9017,2026-05-15T17:00:00Z,classification,"{""cohort"": ""all""}"
mlflow://experiment-7/claim-denial-risk-scorer,precision,0.9019,2026-05-15T17:00:00Z,classification,"{""cohort"": ""all""}"
mlflow://experiment-7/claim-denial-risk-scorer,recall,0.8884,2026-05-15T17:00:00Z,classification,"{""cohort"": ""all""}"
mlflow://experiment-7/claim-denial-risk-scorer,f1_score,0.9229,2026-05-15T17:00:00Z,classification,"{""cohort"": ""all""}"
mlflow://experiment-7/claim-denial-risk-scorer,auc_roc,0.8938,2026-05-15T17:00:00Z,classification,"{""cohort"": ""all""}"
mlflow://experiment-7/claim-denial-risk-scorer,accuracy,0.9093,2026-05-16T23:00:00Z,classification,"{""cohort"": ""all""}"
mlflow://experiment-7/claim-denial-risk-scorer,precision,0.9257,2026-05-16T23:00:00Z,classification,"{""cohort"": ""all""}"
mlflow://experiment-7/claim-denial-risk-scorer,recall,0.9118,2026-05-16T23:00:00Z,classification,"{""cohort"": ""all""}"
mlflow://experiment-7/claim-denial-risk-scorer,f1_score,0.9175,2026-05-16T23:00:00Z,classification,"{""cohort"": ""all""}"
mlflow://experiment-7/claim-denial-risk-scorer,auc_roc,0.903,2026-05-16T23:00:00Z,classification,"{""cohort"": ""all""}"
mlflow://experiment-7/claim-denial-risk-scorer,accuracy,0.8977,2026-05-18T11:00:00Z,classification,"{""cohort"": ""all""}"
mlflow://experiment-7/claim-denial-risk-scorer,precision,0.9283,2026-05-18T11:00:00Z,classification,"{""cohort"": ""all""}"
mlflow://experiment-7/claim-denial-risk-scorer,recall,0.9053,2026-05-18T11:00:00Z,classification,"{""cohort"": ""all""}"
mlflow://experiment-7/claim-denial-risk-scorer,f1_score,0.8788,2026-05-18T11:00:00Z,classification,"{""cohort"": ""all""}"
mlflow://experiment-7/claim-denial-risk-scorer,auc_roc,0.8921,2026-05-18T11:00:00Z,classification,"{""cohort"": ""all""}"
mlflow://experiment-7/claim-denial-risk-scorer,precision,0.9081,2026-05-19T06:00:00Z,classification,"{""cohort"": ""all""}"
mlflow://experiment-7/claim-denial-risk-scorer,accuracy,0.924,2026-05-19T06:00:00Z,classification,"{""cohort"": ""all""}"
mlflow://experiment-7/claim-denial-risk-scorer,recall,0.9385,2026-05-19T06:00:00Z,classification,"{""cohort"": ""all""}"
mlflow://experiment-7/claim-denial-risk-scorer,f1_score,0.8853,2026-05-19T06:00:00Z,classification,"{""cohort"": ""all""}"
mlflow://experiment-7/claim-denial-risk-scorer,auc_roc,0.9075,2026-05-19T06:00:00Z,classification,"{""cohort"": ""all""}"
mlflow://experiment-7/claim-denial-risk-scorer,accuracy,0.922,2026-05-20T03:00:00Z,classification,"{""cohort"": ""all""}"
mlflow://experiment-7/claim-denial-risk-scorer,precision,0.9187,2026-05-20T03:00:00Z,classification,"{""cohort"": ""all""}"
mlflow://experiment-7/claim-denial-risk-scorer,recall,0.9222,2026-05-20T03:00:00Z,classification,"{""cohort"": ""all""}"
mlflow://experiment-7/claim-denial-risk-scorer,f1_score,0.9062,2026-05-20T03:00:00Z,classification,"{""cohort"": ""all""}"
mlflow://experiment-7/claim-denial-risk-scorer,auc_roc,0.9455,2026-05-20T03:00:00Z,classification,"{""cohort"": ""all""}"
mlflow://experiment-7/claim-denial-risk-scorer,accuracy,0.8767,2026-05-20T17:00:00Z,classification,"{""cohort"": ""all""}"
mlflow://experiment-7/claim-denial-risk-scorer,precision,0.8729,2026-05-20T17:00:00Z,classification,"{""cohort"": ""all""}"
mlflow://experiment-7/claim-denial-risk-scorer,recall,0.9117,2026-05-20T17:00:00Z,classification,"{""cohort"": ""all""}"
mlflow://experiment-7/claim-denial-risk-scorer,f1_score,0.8819,2026-05-20T17:00:00Z,classification,"{""cohort"": ""all""}"
mlflow://experiment-7/claim-denial-risk-scorer,auc_roc,0.9002,2026-05-20T17:00:00Z,classification,"{""cohort"": ""all""}"
mlflow://experiment-7/claim-denial-risk-scorer,accuracy,0.8875,2026-05-21T12:00:00Z,classification,"{""cohort"": ""all""}"
mlflow://experiment-7/claim-denial-risk-scorer,precision,0.8999,2026-05-21T12:00:00Z,classification,"{""cohort"": ""all""}"
mlflow://experiment-7/claim-denial-risk-scorer,recall,0.9123,2026-05-21T12:00:00Z,classification,"{""cohort"": ""all""}"
mlflow://experiment-7/claim-denial-risk-scorer,f1_score,0.9115,2026-05-21T12:00:00Z,classification,"{""cohort"": ""all""}"
mlflow://experiment-7/claim-denial-risk-scorer,auc_roc,0.9058,2026-05-21T12:00:00Z,classification,"{""cohort"": ""all""}"
mlflow://experiment-7/claim-denial-risk-scorer,accuracy,0.8991,2026-05-22T15:00:00Z,classification,"{""cohort"": ""all""}"
mlflow://experiment-7/claim-denial-risk-scorer,precision,0.8954,2026-05-22T15:00:00Z,classification,"{""cohort"": ""all""}"
mlflow://experiment-7/claim-denial-risk-scorer,recall,0.8855,2026-05-22T15:00:00Z,classification,"{""cohort"": ""all""}"
mlflow://experiment-7/claim-denial-risk-scorer,f1_score,0.9059,2026-05-22T15:00:00Z,classification,"{""cohort"": ""all""}"
mlflow://experiment-7/claim-denial-risk-scorer,auc_roc,0.9078,2026-05-22T15:00:00Z,classification,"{""cohort"": ""all""}"
mlflow://experiment-7/claim-denial-risk-scorer,accuracy,0.9124,2026-05-24T00:00:00Z,classification,"{""cohort"": ""all""}"
mlflow://experiment-7/claim-denial-risk-scorer,precision,0.8904,2026-05-24T00:00:00Z,classification,"{""cohort"": ""all""}"
mlflow://experiment-7/claim-denial-risk-scorer,recall,0.9107,2026-05-24T00:00:00Z,classification,"{""cohort"": ""all""}"
mlflow://experiment-7/claim-denial-risk-scorer,f1_score,0.9116,2026-05-24T00:00:00Z,classification,"{""cohort"": ""all""}"
mlflow://experiment-7/claim-denial-risk-scorer,auc_roc,0.8757,2026-05-24T00:00:00Z,classification,"{""cohort"": ""all""}"
mlflow://experiment-7/claim-denial-risk-scorer,accuracy,0.8847,2026-05-25T06:00:00Z,classification,"{""cohort"": ""all""}"
mlflow://experiment-7/claim-denial-risk-scorer,precision,0.8794,2026-05-25T06:00:00Z,classification,"{""cohort"": ""all""}"
mlflow://experiment-7/claim-denial-risk-scorer,recall,0.9011,2026-05-25T06:00:00Z,classification,"{""cohort"": ""all""}"
mlflow://experiment-7/claim-denial-risk-scorer,f1_score,0.903,2026-05-25T06:00:00Z,classification,"{""cohort"": ""all""}"
mlflow://experiment-7/claim-denial-risk-scorer,auc_roc,0.9051,2026-05-25T06:00:00Z,classification,"{""cohort"": ""all""}"
mlflow://experiment-7/claim-denial-risk-scorer,accuracy,0.8867,2026-05-25T22:00:00Z,classification,"{""cohort"": ""all""}"
mlflow://experiment-7/claim-denial-risk-scorer,precision,0.8965,2026-05-25T22:00:00Z,classification,"{""cohort"": ""all""}"
mlflow://experiment-7/claim-denial-risk-scorer,f1_score,0.8799,2026-05-25T22:00:00Z,classification,"{""cohort"": ""all""}"
mlflow://experiment-7/claim-denial-risk-scorer,recall,0.904,2026-05-25T22:00:00Z,classification,"{""cohort"": ""all""}"
mlflow://experiment-7/claim-denial-risk-scorer,auc_roc,0.9233,2026-05-25T22:00:00Z,classification,"{""cohort"": ""all""}"
mlflow://experiment-7/claim-denial-risk-scorer,accuracy,0.8939,2026-05-26T17:00:00Z,classification,"{""cohort"": ""all""}"
mlflow://experiment-7/claim-denial-risk-scorer,precision,0.8772,2026-05-26T17:00:00Z,classification,"{""cohort"": ""all""}"
mlflow://experiment-7/claim-denial-risk-scorer,recall,0.9013,2026-05-26T17:00:00Z,classification,"{""cohort"": ""all""}"
mlflow://experiment-7/claim-denial-risk-scorer,f1_score,0.892,2026-05-26T17:00:00Z,classification,"{""cohort"": ""all""}"
mlflow://experiment-7/claim-denial-risk-scorer,auc_roc,0.8788,2026-05-26T17:00:00Z,classification,"{""cohort"": ""all""}"
mlflow://experiment-7/claim-denial-risk-scorer,accuracy,0.8835,2026-05-28T03:00:00Z,classification,"{""cohort"": ""all""}"
mlflow://experiment-7/claim-denial-risk-scorer,precision,0.8905,2026-05-28T03:00:00Z,classification,"{""cohort"": ""all""}"
mlflow://experiment-7/claim-denial-risk-scorer,recall,0.8797,2026-05-28T03:00:00Z,classification,"{""cohort"": ""all""}"
mlflow://experiment-7/claim-denial-risk-scorer,f1_score,0.8833,2026-05-28T03:00:00Z,classification,"{""cohort"": ""all""}"
mlflow://experiment-7/claim-denial-risk-scorer,auc_roc,0.8781,2026-05-28T03:00:00Z,classification,"{""cohort"": ""all""}"
mlflow://experiment-7/claim-denial-risk-scorer,accuracy,0.8978,2026-05-29T01:00:00Z,classification,"{""cohort"": ""all""}"
mlflow://experiment-7/claim-denial-risk-scorer,precision,0.8998,2026-05-29T01:00:00Z,classification,"{""cohort"": ""all""}"
mlflow://experiment-7/claim-denial-risk-scorer,recall,0.8967,2026-05-29T01:00:00Z,classification,"{""cohort"": ""all""}"
mlflow://experiment-7/claim-denial-risk-scorer,f1_score,0.9034,2026-05-29T01:00:00Z,classification,"{""cohort"": ""all""}"
mlflow://experiment-7/claim-denial-risk-scorer,auc_roc,0.8862,2026-05-29T01:00:00Z,classification,"{""cohort"": ""all""}"
mlflow://experiment-7/claim-denial-risk-scorer,accuracy,0.8703,2026-05-30T11:00:00Z,classification,"{""cohort"": ""all""}"
mlflow://experiment-7/claim-denial-risk-scorer,precision,0.8716,2026-05-30T11:00:00Z,classification,"{""cohort"": ""all""}"
mlflow://experiment-7/claim-denial-risk-scorer,recall,0.8875,2026-05-30T11:00:00Z,classification,"{""cohort"": ""all""}"
mlflow://experiment-7/claim-denial-risk-scorer,f1_score,0.891,2026-05-30T11:00:00Z,classification,"{""cohort"": ""all""}"
mlflow://experiment-7/claim-denial-risk-scorer,auc_roc,0.8994,2026-05-30T11:00:00Z,classification,"{""cohort"": ""all""}"
mlflow://experiment-7/claim-denial-risk-scorer,accuracy,0.8662,2026-05-31T00:00:00Z,classification,"{""cohort"": ""all""}"
mlflow://experiment-7/claim-denial-risk-scorer,precision,0.8795,2026-05-31T00:00:00Z,classification,"{""cohort"": ""all""}"
mlflow://experiment-7/claim-denial-risk-scorer,recall,0.9001,2026-05-31T00:00:00Z,classification,"{""cohort"": ""all""}"
mlflow://experiment-7/claim-denial-risk-scorer,f1_score,0.9037,2026-05-31T00:00:00Z,classification,"{""cohort"": ""all""}"
mlflow://experiment-7/claim-denial-risk-scorer,auc_roc,0.8807,2026-05-31T00:00:00Z,classification,"{""cohort"": ""all""}"
mlflow://experiment-7/claim-denial-risk-scorer,accuracy,0.8965,2026-06-01T09:00:00Z,classification,"{""cohort"": ""all""}"
mlflow://experiment-7/claim-denial-risk-scorer,precision,0.8789,2026-06-01T09:00:00Z,classification,"{""cohort"": ""all""}"
mlflow://experiment-7/claim-denial-risk-scorer,recall,0.8789,2026-06-01T09:00:00Z,classification,"{""cohort"": ""all""}"
mlflow://experiment-7/claim-denial-risk-scorer,f1_score,0.8994,2026-06-01T09:00:00Z,classification,"{""cohort"": ""all""}"
mlflow://experiment-7/claim-denial-risk-scorer,auc_roc,0.8968,2026-06-01T09:00:00Z,classification,"{""cohort"": ""all""}"
mlflow://experiment-7/claim-denial-risk-scorer,accuracy,0.8884,2026-06-02T08:00:00Z,classification,"{""cohort"": ""all""}"
mlflow://experiment-7/claim-denial-risk-scorer,precision,0.896,2026-06-02T08:00:00Z,classification,"{""cohort"": ""all""}"
mlflow://experiment-7/claim-denial-risk-scorer,recall,0.8972,2026-06-02T08:00:00Z,classification,"{""cohort"": ""all""}"
mlflow://experiment-7/claim-denial-risk-scorer,f1_score,0.8793,2026-06-02T08:00:00Z,classification,"{""cohort"": ""all""}"
mlflow://experiment-7/claim-denial-risk-scorer,auc_roc,0.8761,2026-06-02T08:00:00Z,classification,"{""cohort"": ""all""}"
mlflow://experiment-7/claim-denial-risk-scorer,accuracy,0.8994,2026-06-03T09:00:00Z,classification,"{""cohort"": ""all""}"
mlflow://experiment-7/claim-denial-risk-scorer,precision,0.887,2026-06-03T09:00:00Z,classification,"{""cohort"": ""all""}"
mlflow://experiment-7/claim-denial-risk-scorer,recall,0.9104,2026-06-03T09:00:00Z,classification,"{""cohort"": ""all""}"
mlflow://experiment-7/claim-denial-risk-scorer,f1_score,0.878,2026-06-03T09:00:00Z,classification,"{""cohort"": ""all""}"
mlflow://experiment-7/claim-denial-risk-scorer,auc_roc,0.8984,2026-06-03T09:00:00Z,classification,"{""cohort"": ""all""}"
mlflow://experiment-7/claim-denial-risk-scorer,accuracy,0.8769,2026-06-04T00:00:00Z,classification,"{""cohort"": ""all""}"
mlflow://experiment-7/claim-denial-risk-scorer,precision,0.8999,2026-06-04T00:00:00Z,classification,"{""cohort"": ""all""}"
mlflow://experiment-7/claim-denial-risk-scorer,recall,0.8866,2026-06-04T00:00:00Z,classification,"{""cohort"": ""all""}"
mlflow://experiment-7/claim-denial-risk-scorer,f1_score,0.9047,2026-06-04T00:00:00Z,classification,"{""cohort"": ""all""}"
mlflow://experiment-7/claim-denial-risk-scorer,auc_roc,0.8898,2026-06-04T00:00:00Z,classification,"{""cohort"": ""all""}"
mlflow://experiment-7/claim-denial-risk-scorer,accuracy,0.8987,2026-06-04T13:00:00Z,classification,"{""cohort"": ""all""}"
mlflow://experiment-7/claim-denial-risk-scorer,precision,0.9005,2026-06-04T13:00:00Z,classification,"{""cohort"": ""all""}"
mlflow://experiment-7/claim-denial-risk-scorer,recall,0.9058,2026-06-04T13:00:00Z,classification,"{""cohort"": ""all""}"
mlflow://experiment-7/claim-denial-risk-scorer,f1_score,0.9053,2026-06-04T13:00:00Z,classification,"{""cohort"": ""all""}"
mlflow://experiment-7/claim-denial-risk-scorer,auc_roc,0.8997,2026-06-04T13:00:00Z,classification,"{""cohort"": ""all""}"
mlflow://experiment-7/claim-denial-risk-scorer,accuracy,0.8644,2026-06-06T05:00:00Z,classification,"{""cohort"": ""all""}"
mlflow://experiment-7/claim-denial-risk-scorer,precision,0.899,2026-06-06T05:00:00Z,classification,"{""cohort"": ""all""}"
mlflow://experiment-7/claim-denial-risk-scorer,recall,0.8867,2026-06-06T05:00:00Z,classification,"{""cohort"": ""all""}"
mlflow://experiment-7/claim-denial-risk-scorer,f1_score,0.8913,2026-06-06T05:00:00Z,classification,"{""cohort"": ""all""}"
mlflow://experiment-7/claim-denial-risk-scorer,auc_roc,0.8722,2026-06-06T05:00:00Z,classification,"{""cohort"": ""all""}"
mlflow://experiment-7/claim-denial-risk-scorer,accuracy,0.8969,2026-06-07T05:00:00Z,classification,"{""cohort"": ""all""}"
mlflow://experiment-7/claim-denial-risk-scorer,precision,0.8714,2026-06-07T05:00:00Z,classification,"{""cohort"": ""all""}"
mlflow://experiment-7/claim-denial-risk-scorer,recall,0.8525,2026-06-07T05:00:00Z,classification,"{""cohort"": ""all""}"
mlflow://experiment-7/claim-denial-risk-scorer,f1_score,0.8751,2026-06-07T05:00:00Z,classification,"{""cohort"": ""all""}"
mlflow://experiment-7/claim-denial-risk-scorer,auc_roc,0.8801,2026-06-07T05:00:00Z,classification,"{""cohort"": ""all""}"
mlflow://experiment-7/claim-denial-risk-scorer,accuracy,0.9125,2026-06-07T21:00:00Z,classification,"{""cohort"": ""all""}"
mlflow://experiment-7/claim-denial-risk-scorer,recall,0.8801,2026-06-07T21:00:00Z,classification,"{""cohort"": ""all""}"
mlflow://experiment-7/claim-denial-risk-scorer,precision,0.8994,2026-06-07T21:00:00Z,classification,"{""cohort"": ""all""}"
mlflow://experiment-7/claim-denial-risk-scorer,f1_score,0.8667,2026-06-07T21:00:00Z,classification,"{""cohort"": ""all""}"
mlflow://experiment-7/claim-denial-risk-scorer,auc_roc,0.9058,2026-06-07T21:00:00Z,classification,"{""cohort"": ""all""}"
mlflow://experiment-7/claim-denial-risk-scorer,accuracy,0.8672,2026-06-09T09:00:00Z,classification,"{""cohort"": ""all""}"
mlflow://experiment-7/claim-denial-risk-scorer,precision,0.8914,2026-06-09T09:00:00Z,classification,"{""cohort"": ""all""}"
mlflow://experiment-7/claim-denial-risk-scorer,recall,0.8821,2026-06-09T09:00:00Z,classification,"{""cohort"": ""all""}"
mlflow://experiment-7/claim-denial-risk-scorer,f1_score,0.8986,2026-06-09T09:00:00Z,classification,"{""cohort"": ""all""}"
mlflow://experiment-7/claim-denial-risk-scorer,auc_roc,0.8779,2026-06-09T09:00:00Z,classification,"{""cohort"": ""all""}"
mlflow://experiment-7/claim-denial-risk-scorer,accuracy,0.9089,2026-06-09T17:00:00Z,classification,"{""cohort"": ""all""}"
mlflow://experiment-7/claim-denial-risk-scorer,precision,0.8773,2026-06-09T17:00:00Z,classification,"{""cohort"": ""all""}"
mlflow://experiment-7/claim-denial-risk-scorer,recall,0.893,2026-06-09T17:00:00Z,classification,"{""cohort"": ""all""}"
mlflow://experiment-7/claim-denial-risk-scorer,f1_score,0.8932,2026-06-09T09:00:00Z,classification,"{""cohort"": ""all""}"
mlflow://experiment-7/claim-denial-risk-scorer,auc_roc,0.898,2026-06-09T17:00:00Z,classification,"{""cohort"": ""all""}"
mlflow://experiment-7/claim-denial-risk-scorer,accuracy,0.8798,2026-06-11T08:00:00Z,classification,"{""cohort"": ""all""}"
mlflow://experiment-7/claim-denial-risk-scorer,precision,0.8931,2026-06-11T08:00:00Z,classification,"{""cohort"": ""all""}"
mlflow://experiment-7/claim-denial-risk-scorer,recall,0.8972,2026-06-11T08:00:00Z,classification,"{""cohort"": ""all""}"
mlflow://experiment-7/claim-denial-risk-scorer,f1_score,0.8707,2026-06-11T08:00:00Z,classification,"{""cohort"": ""all""}"
mlflow://experiment-7/claim-denial-risk-scorer,auc_roc,0.9029,2026-06-11T08:00:00Z,classification,"{""cohort"": ""all""}"
mlflow://experiment-7/claim-denial-risk-scorer,accuracy,0.8963,2026-06-11T14:00:00Z,classification,"{""cohort"": ""all""}"
mlflow://experiment-7/claim-denial-risk-scorer,precision,0.8899,2026-06-11T14:00:00Z,classification,"{""cohort"": ""all""}"
mlflow://experiment-7/claim-denial-risk-scorer,recall,0.852,2026-06-11T14:00:00Z,classification,"{""cohort"": ""all""}"
mlflow://experiment-7/claim-denial-risk-scorer,f1_score,0.8705,2026-06-11T14:00:00Z,classification,"{""cohort"": ""all""}"
mlflow://experiment-7/claim-denial-risk-scorer,auc_roc,0.8468,2026-06-11T14:00:00Z,classification,"{""cohort"": ""all""}"
mlflow://experiment-7/claim-denial-risk-scorer,accuracy,0.8749,2026-06-12T12:00:00Z,classification,"{""cohort"": ""all""}"
mlflow://experiment-7/claim-denial-risk-scorer,precision,0.8838,2026-06-12T12:00:00Z,classification,"{""cohort"": ""all""}"
mlflow://experiment-7/claim-denial-risk-scorer,recall,0.8586,2026-06-12T12:00:00Z,classification,"{""cohort"": ""all""}"
mlflow://experiment-7/claim-denial-risk-scorer,f1_score,0.8635,2026-06-12T12:00:00Z,classification,"{""cohort"": ""all""}"
mlflow://experiment-7/claim-denial-risk-scorer,auc_roc,0.8768,2026-06-12T12:00:00Z,classification,"{""cohort"": ""all""}"
mlflow://experiment-7/claim-denial-risk-scorer,accuracy,0.8894,2026-06-14T01:00:00Z,classification,"{""cohort"": ""all""}"
mlflow://experiment-7/claim-denial-risk-scorer,precision,0.8937,2026-06-14T01:00:00Z,classification,"{""cohort"": ""all""}"
mlflow://experiment-7/claim-denial-risk-scorer,recall,0.8443,2026-06-14T01:00:00Z,classification,"{""cohort"": ""all""}"
mlflow://experiment-7/claim-denial-risk-scorer,f1_score,0.8587,2026-06-14T01:00:00Z,classification,"{""cohort"": ""all""}"
mlflow://experiment-7/claim-denial-risk-scorer,auc_roc,0.8837,2026-06-14T01:00:00Z,classification,"{""cohort"": ""all""}"
mlflow://experiment-7/claim-denial-risk-scorer,accuracy,0.8812,2026-06-14T15:00:00Z,classification,"{""cohort"": ""all""}"
mlflow://experiment-7/claim-denial-risk-scorer,precision,0.8837,2026-06-14T15:00:00Z,classification,"{""cohort"": ""all""}"
mlflow://experiment-7/claim-denial-risk-scorer,recall,0.8476,2026-06-14T15:00:00Z,classification,"{""cohort"": ""all""}"
mlflow://experiment-7/claim-denial-risk-scorer,f1_score,0.8994,2026-06-14T15:00:00Z,classification,"{""cohort"": ""all""}"
mlflow://experiment-7/claim-denial-risk-scorer,auc_roc,0.856,2026-06-14T15:00:00Z,classification,"{""cohort"": ""all""}"
mlflow://experiment-7/claim-denial-risk-scorer,accuracy,0.8632,2026-06-15T20:00:00Z,classification,"{""cohort"": ""all""}"
mlflow://experiment-7/claim-denial-risk-scorer,precision,0.8876,2026-06-15T20:00:00Z,classification,"{""cohort"": ""all""}"
mlflow://experiment-7/claim-denial-risk-scorer,recall,0.8728,2026-06-15T20:00:00Z,classification,"{""cohort"": ""all""}"
mlflow://experiment-7/claim-denial-risk-scorer,f1_score,0.8734,2026-06-15T20:00:00Z,classification,"{""cohort"": ""all""}"
mlflow://experiment-7/claim-denial-risk-scorer,auc_roc,0.8747,2026-06-15T20:00:00Z,classification,"{""cohort"": ""all""}"
mlflow://experiment-7/claim-denial-risk-scorer,accuracy,0.8833,2026-06-17T07:00:00Z,classification,"{""cohort"": ""all""}"
mlflow://experiment-7/claim-denial-risk-scorer,precision,0.8686,2026-06-17T07:00:00Z,classification,"{""cohort"": ""all""}"
mlflow://experiment-7/claim-denial-risk-scorer,recall,0.8612,2026-06-17T07:00:00Z,classification,"{""cohort"": ""all""}"
mlflow://experiment-7/claim-denial-risk-scorer,f1_score,0.8505,2026-06-17T07:00:00Z,classification,"{""cohort"": ""all""}"
mlflow://experiment-7/claim-denial-risk-scorer,auc_roc,0.8938,2026-06-17T07:00:00Z,classification,"{""cohort"": ""all""}"
mlflow://experiment-7/claim-denial-risk-scorer,accuracy,0.8759,2026-06-18T10:00:00Z,classification,"{""cohort"": ""all""}"
mlflow://experiment-7/claim-denial-risk-scorer,precision,0.8987,2026-06-18T10:00:00Z,classification,"{""cohort"": ""all""}"
mlflow://experiment-7/claim-denial-risk-scorer,recall,0.9021,2026-06-18T10:00:00Z,classification,"{""cohort"": ""all""}"
mlflow://experiment-7/claim-denial-risk-scorer,f1_score,0.8587,2026-06-18T10:00:00Z,classification,"{""cohort"": ""all""}"
mlflow://experiment-7/claim-denial-risk-scorer,auc_roc,0.9014,2026-06-18T10:00:00Z,classification,"{""cohort"": ""all""}"
mlflow://experiment-7/claim-denial-risk-scorer,accuracy,0.8765,2026-06-18T21:00:00Z,classification,"{""cohort"": ""all""}"
mlflow://experiment-7/claim-denial-risk-scorer,precision,0.8622,2026-06-18T21:00:00Z,classification,"{""cohort"": ""all""}"
mlflow://experiment-7/claim-denial-risk-scorer,recall,0.8998,2026-06-18T21:00:00Z,classification,"{""cohort"": ""all""}"
mlflow://experiment-7/claim-denial-risk-scorer,f1_score,0.8873,2026-06-18T21:00:00Z,classification,"{""cohort"": ""all""}"
mlflow://experiment-7/claim-denial-risk-scorer,auc_roc,0.8553,2026-06-18T21:00:00Z,classification,"{""cohort"": ""all""}"
mlflow://experiment-7/claim-denial-risk-scorer,accuracy,0.8989,2026-06-19T11:00:00Z,classification,"{""cohort"": ""all""}"
mlflow://experiment-7/claim-denial-risk-scorer,precision,,2026-06-19T19:00:00Z,classification,"{""cohort"": ""all""}"
mlflow://experiment-7/claim-denial-risk-scorer,recall,0.8457,2026-06-19T19:00:00Z,classification,"{""cohort"": ""all""}"
mlflow://experiment-7/claim-denial-risk-scorer,f1_score,0.8818,2026-06-19T19:00:00Z,classification,"{""cohort"": ""all""}"
mlflow://experiment-7/claim-denial-risk-scorer,auc_roc,0.8701,2026-06-19T19:00:00Z,classification,"{""cohort"": ""all""}"
mlflow://experiment-7/claim-denial-risk-scorer,accuracy,0.8865,2026-06-21T08:00:00Z,classification,"{""cohort"": ""all""}"
mlflow://experiment-7/claim-denial-risk-scorer,precision,0.8847,2026-06-21T08:00:00Z,classification,"{""cohort"": ""all""}"
mlflow://experiment-7/claim-denial-risk-scorer,recall,0.8796,2026-06-21T08:00:00Z,classification,"{""cohort"": ""all""}"
mlflow://experiment-7/claim-denial-risk-scorer,f1_score,0.8841,2026-06-21T08:00:00Z,classification,"{""cohort"": ""all""}"
mlflow://experiment-7/claim-denial-risk-scorer,auc_roc,0.8631,2026-06-21T08:00:00Z,classification,"{""cohort"": ""all""}"
mlflow://experiment-7/claim-denial-risk-scorer,accuracy,0.8718,2026-06-22T03:00:00Z,classification,"{""cohort"": ""all""}"
mlflow://experiment-7/claim-denial-risk-scorer,precision,0.8399,2026-06-22T03:00:00Z,classification,"{""cohort"": ""all""}"
mlflow://experiment-7/claim-denial-risk-scorer,recall,0.8778,2026-06-22T03:00:00Z,classification,"{""cohort"": ""all""}"
mlflow://experiment-7/claim-denial-risk-scorer,f1_score,0.8537,2026-06-22T03:00:00Z,classification,"{""cohort"": ""all""}"
mlflow://experiment-7/claim-denial-risk-scorer,auc_roc,0.877,2026-06-22T03:00:00Z,classification,"{""cohort"": ""all""}"
mlflow://experiment-7/claim-denial-risk-scorer,accuracy,0.8799,2026-06-23T04:00:00Z,classification,"{""cohort"": ""all""}"
mlflow://experiment-7/claim-denial-risk-scorer,precision,0.8475,2026-06-23T04:00:00Z,classification,"{""cohort"": ""all""}"
mlflow://experiment-7/claim-denial-risk-scorer,recall,0.8839,2026-06-23T04:00:00Z,classification,"{""cohort"": ""all""}"
mlflow://experiment-7/claim-denial-risk-scorer,f1_score,0.8498,2026-06-23T04:00:00Z,classification,"{""cohort"": ""all""}"
mlflow://experiment-7/claim-denial-risk-scorer,auc_roc,0.866,2026-06-23T04:00:00Z,classification,"{""cohort"": ""all""}"
mlflow://experiment-7/claim-denial-risk-scorer,accuracy,0.878,2026-06-23T17:00:00Z,classification,"{""cohort"": ""all""}"
mlflow://experiment-7/claim-denial-risk-scorer,precision,0.8946,2026-06-23T17:00:00Z,classification,"{""cohort"": ""all""}"
mlflow://experiment-7/claim-denial-risk-scorer,recall,0.8739,2026-06-23T17:00:00Z,classification,"{""cohort"": ""all""}"
mlflow://experiment-7/claim-denial-risk-scorer,f1_score,0.8583,2026-06-23T17:00:00Z,classification,"{""cohort"": ""all""}"
mlflow://experiment-7/claim-denial-risk-scorer,auc_roc,0.8357,2026-06-23T17:00:00Z,classification,"{""cohort"": ""all""}"
mlflow://experiment-7/claim-denial-risk-scorer,accuracy,0.8761,2026-06-25T10:00:00Z,classification,"{""cohort"": ""all""}"
mlflow://experiment-7/claim-denial-risk-scorer,precision,0.8715,2026-06-25T10:00:00Z,classification,"{""cohort"": ""all""}"
mlflow://experiment-7/claim-denial-risk-scorer,recall,0.8806,2026-06-25T10:00:00Z,classification,"{""cohort"": ""all""}"
mlflow://experiment-7/claim-denial-risk-scorer,f1_score,0.8523,2026-06-25T10:00:00Z,classification,"{""cohort"": ""all""}"
mlflow://experiment-7/claim-denial-risk-scorer,auc_roc,0.8704,2026-06-25T10:00:00Z,classification,"{""cohort"": ""all""}"
mlflow://experiment-7/claim-denial-risk-scorer,accuracy,0.8613,2026-06-25T15:00:00Z,classification,"{""cohort"": ""all""}"
mlflow://experiment-7/claim-denial-risk-scorer,precision,0.8559,2026-06-25T15:00:00Z,classification,"{""cohort"": ""all""}"
mlflow://experiment-7/claim-denial-risk-scorer,recall,0.8497,2026-06-25T15:00:00Z,classification,"{""cohort"": ""all""}"
mlflow://experiment-7/claim-denial-risk-scorer,f1_score,0.8671,2026-06-25T15:00:00Z,classification,"{""cohort"": ""all""}"
mlflow://experiment-7/claim-denial-risk-scorer,auc_roc,0.8825,2026-06-25T15:00:00Z,classification,"{""cohort"": ""all""}"
mlflow://experiment-7/claim-denial-risk-scorer,accuracy,0.8608,2026-06-27T05:00:00Z,classification,"{""cohort"": ""all""}"
mlflow://experiment-7/claim-denial-risk-scorer,precision,0.8597,2026-06-27T05:00:00Z,classification,"{""cohort"": ""all""}"
mlflow://experiment-7/claim-denial-risk-scorer,recall,0.8723,2026-06-27T05:00:00Z,classification,"{""cohort"": ""all""}"
mlflow://experiment-7/claim-denial-risk-scorer,f1_score,0.8847,2026-06-27T05:00:00Z,classification,"{""cohort"": ""all""}"
mlflow://experiment-7/claim-denial-risk-scorer,auc_roc,0.8497,2026-06-27T05:00:00Z,classification,"{""cohort"": ""all""}"
mlflow://experiment-7/claim-denial-risk-scorer,accuracy,0.867,2026-06-28T10:00:00Z,classification,"{""cohort"": ""all""}"
mlflow://experiment-7/claim-denial-risk-scorer,precision,0.8659,2026-06-28T10:00:00Z,classification,"{""cohort"": ""all""}"
mlflow://experiment-7/claim-denial-risk-scorer,recall,0.892,2026-06-28T10:00:00Z,classification,"{""cohort"": ""all""}"
mlflow://experiment-7/claim-denial-risk-scorer,f1_score,0.873,2026-06-28T10:00:00Z,classification,"{""cohort"": ""all""}"
mlflow://experiment-7/claim-denial-risk-scorer,auc_roc,0.8659,2026-06-28T10:00:00Z,classification,"{""cohort"": ""all""}"
mlflow://experiment-7/claim-denial-risk-scorer,accuracy,0.8528,2026-06-28T19:00:00Z,classification,"{""cohort"": ""all""}"
mlflow://experiment-7/claim-denial-risk-scorer,precision,0.8494,2026-06-28T19:00:00Z,classification,"{""cohort"": ""all""}"
mlflow://experiment-7/claim-denial-risk-scorer,recall,0.845,2026-06-28T19:00:00Z,classification,"{""cohort"": ""all""}"
mlflow://experiment-7/claim-denial-risk-scorer,f1_score,0.8612,2026-06-28T19:00:00Z,classification,"{""cohort"": ""all""}"
mlflow://experiment-7/claim-denial-risk-scorer,auc_roc,0.8783,2026-06-28T19:00:00Z,classification,"{""cohort"": ""all""}"
mlflow://experiment-7/claim-denial-risk-scorer,accuracy,0.8879,2026-06-29T12:00:00Z,classification,"{""cohort"": ""all""}"
mlflow://experiment-7/claim-denial-risk-scorer,precision,0.8325,2026-06-29T12:00:00Z,classification,"{""cohort"": ""all""}"
mlflow://experiment-7/claim-denial-risk-scorer,recall,0.855,2026-06-29T12:00:00Z,classification,"{""cohort"": ""all""}"
mlflow://experiment-7/claim-denial-risk-scorer,f1_score,0.8465,2026-06-29T12:00:00Z,classification,"{""cohort"": ""all""}"
mlflow://experiment-7/claim-denial-risk-scorer,auc_roc,0.8682,2026-06-29T12:00:00Z,classification,"{""cohort"": ""all""}"
mlflow://experiment-7/claim-denial-risk-scorer,accuracy,0.8678,2026-06-30T12:00:00Z,classification,"{""cohort"": ""all""}"
mlflow://experiment-7/claim-denial-risk-scorer,precision,0.8644,2026-06-30T12:00:00Z,classification,"{""cohort"": ""all""}"
mlflow://experiment-7/claim-denial-risk-scorer,recall,0.8813,2026-06-30T12:00:00Z,classification,"{""cohort"": ""all""}"
mlflow://experiment-7/claim-denial-risk-scorer,f1_score,0.8832,2026-06-30T12:00:00Z,classification,"{""cohort"": ""all""}"
mlflow://experiment-7/claim-denial-risk-scorer,auc_roc,0.8527,2026-06-30T12:00:00Z,classification,"{""cohort"": ""all""}"
mlflow://experiment-7/claim-denial-risk-scorer,accuracy,0.8502,2026-07-02T10:00:00Z,classification,"{""cohort"": ""all""}"
mlflow://experiment-7/claim-denial-risk-scorer,precision,0.8477,2026-07-02T10:00:00Z,classification,"{""cohort"": ""all""}"
mlflow://experiment-7/claim-denial-risk-scorer,recall,0.8501,2026-07-02T10:00:00Z,classification,"{""cohort"": ""all""}"
mlflow://experiment-7/claim-denial-risk-scorer,f1_score,0.8697,2026-07-02T10:00:00Z,classification,"{""cohort"": ""all""}"
mlflow://experiment-7/claim-denial-risk-scorer,auc_roc,0.8598,2026-07-02T10:00:00Z,classification,"{""cohort"": ""all""}"
mlflow://experiment-7/claim-denial-risk-scorer,accuracy,0.8758,2026-07-03T09:00:00Z,classification,"{""cohort"": ""all""}"
mlflow://experiment-7/claim-denial-risk-scorer,precision,0.8382,2026-07-03T09:00:00Z,classification,"{""cohort"": ""all""}"
mlflow://experiment-7/claim-denial-risk-scorer,recall,0.8563,2026-07-03T09:00:00Z,classification,"{""cohort"": ""all""}"
mlflow://experiment-7/claim-denial-risk-scorer,f1_score,0.8574,2026-07-03T09:00:00Z,classification,"{""cohort"": ""all""}"
mlflow://experiment-7/claim-denial-risk-scorer,auc_roc,0.8581,2026-07-03T09:00:00Z,classification,"{""cohort"": ""all""}"
mlflow://experiment-7/claim-denial-risk-scorer,accuracy,0.8861,2026-07-04T09:00:00Z,classification,"{""cohort"": ""all""}"
mlflow://experiment-7/claim-denial-risk-scorer,precision,0.852,2026-07-04T09:00:00Z,classification,"{""cohort"": ""all""}"
mlflow://experiment-7/claim-denial-risk-scorer,recall,0.8393,2026-07-04T09:00:00Z,classification,"{""cohort"": ""all""}"
mlflow://experiment-7/claim-denial-risk-scorer,f1_score,0.8504,2026-07-04T09:00:00Z,classification,"{""cohort"": ""all""}"
mlflow://experiment-7/claim-denial-risk-scorer,auc_roc,0.8534,2026-07-04T09:00:00Z,classification,"{""cohort"": ""all""}"
mlflow://experiment-7/claim-denial-risk-scorer,accuracy,0.8793,2026-07-05T03:00:00Z,classification,"{""cohort"": ""all""}"
mlflow://experiment-7/claim-denial-risk-scorer,precision,0.8982,2026-07-05T03:00:00Z,classification,"{""cohort"": ""all""}"
mlflow://experiment-7/claim-denial-risk-scorer,recall,0.8745,2026-07-05T03:00:00Z,classification,"{""cohort"": ""all""}"
mlflow://experiment-7/claim-denial-risk-scorer,f1_score,0.8381,2026-07-05T03:00:00Z,classification,"{""cohort"": ""all""}"
mlflow://experiment-7/claim-denial-risk-scorer,auc_roc,0.8339,2026-07-05T03:00:00Z,classification,"{""cohort"": ""all""}"
mlflow://experiment-7/claim-denial-risk-scorer,precision,0.8253,2026-07-05T20:00:00Z,classification,"{""cohort"": ""all""}"
mlflow://experiment-7/claim-denial-risk-scorer,accuracy,0.8354,2026-07-05T20:00:00Z,classification,"{""cohort"": ""all""}"
mlflow://experiment-7/claim-denial-risk-scorer,recall,0.8504,2026-07-05T20:00:00Z,classification,"{""cohort"": ""all""}"
mlflow://experiment-7/claim-denial-risk-scorer,f1_score,0.8481,2026-07-05T20:00:00Z,classification,"{""cohort"": ""all""}"
mlflow://experiment-7/claim-denial-risk-scorer,auc_roc,0.8449,2026-07-05T20:00:00Z,classification,"{""cohort"": ""all""}"
mlflow://experiment-7/claim-denial-risk-scorer,accuracy,0.8538,2026-07-06T13:00:00Z,classification,"{""cohort"": ""all""}"
mlflow://experiment-7/claim-denial-risk-scorer,precision,0.8642,2026-07-06T13:00:00Z,classification,"{""cohort"": ""all""}"
mlflow://experiment-7/claim-denial-risk-scorer,recall,0.8296,2026-07-06T13:00:00Z,classification,"{""cohort"": ""all""}"
mlflow://experiment-7/claim-denial-risk-scorer,f1_score,0.8372,2026-07-06T13:00:00Z,classification,"{""cohort"": ""all""}"
mlflow://experiment-7/claim-denial-risk-scorer,auc_roc,0.842,2026-07-06T13:00:00Z,classification,"{""cohort"": ""all""}"
mlflow://experiment-7/claim-denial-risk-scorer,accuracy,0.8562,2026-07-08T09:00:00Z,classification,"{""cohort"": ""all""}"
mlflow://experiment-7/claim-denial-risk-scorer,precision,0.8566,2026-07-08T09:00:00Z,classification,"{""cohort"": ""all""}"
mlflow://experiment-7/claim-denial-risk-scorer,recall,0.8414,2026-07-08T09:00:00Z,classification,"{""cohort"": ""all""}"
mlflow://experiment-7/claim-denial-risk-scorer,f1_score,0.8542,2026-07-08T09:00:00Z,classification,"{""cohort"": ""all""}"
mlflow://experiment-7/claim-denial-risk-scorer,auc_roc,0.8667,2026-07-08T09:00:00Z,classification,"{""cohort"": ""all""}"
mlflow://experiment-7/claim-denial-risk-scorer,accuracy,0.8446,2026-07-09T11:00:00Z,classification,"{""cohort"": ""all""}"
mlflow://experiment-7/claim-denial-risk-scorer,precision,0.876,2026-07-09T11:00:00Z,classification,"{""cohort"": ""all""}"
mlflow://experiment-7/claim-denial-risk-scorer,recall,0.8582,2026-07-09T11:00:00Z,classification,"{""cohort"": ""all""}"
mlflow://experiment-7/claim-denial-risk-scorer,f1_score,0.8442,2026-07-09T11:00:00Z,classification,"{""cohort"": ""all""}"
mlflow://experiment-7/claim-denial-risk-scorer,auc_roc,0.8487,2026-07-09T11:00:00Z,classification,"{""cohort"": ""all""}"
mlflow://experiment-7/claim-denial-risk-scorer,accuracy,0.8468,2026-07-10T11:00:00Z,classification,"{""cohort"": ""all""}"
mlflow://experiment-7/claim-denial-risk-scorer,precision,0.8298,2026-07-10T11:00:00Z,classification,"{""cohort"": ""all""}"
mlflow://experiment-7/claim-denial-risk-scorer,recall,0.841,2026-07-10T11:00:00Z,classification,"{""cohort"": ""all""}"
mlflow://experiment-7/claim-denial-risk-scorer,f1_score,0.839,2026-07-10T11:00:00Z,classification,"{""cohort"": ""all""}"
mlflow://experiment-7/claim-denial-risk-scorer,auc_roc,NOT_A_NUMBER,2026-07-10T03:00:00Z,classification,"{""cohort"": ""all""}"
mlflow://experiment-7/claim-denial-risk-scorer,accuracy,0.8459,2026-07-10T21:00:00Z,classification,"{""cohort"": ""all""}"
mlflow://experiment-7/claim-denial-risk-scorer,precision,0.8672,2026-07-10T21:00:00Z,classification,"{""cohort"": ""all""}"
mlflow://experiment-7/claim-denial-risk-scorer,recall,0.8273,2026-07-10T21:00:00Z,classification,"{""cohort"": ""all""}"
mlflow://experiment-7/claim-denial-risk-scorer,f1_score,0.8578,2026-07-10T21:00:00Z,classification,"{""cohort"": ""all""}"
mlflow://experiment-7/claim-denial-risk-scorer,auc_roc,0.8444,2026-07-10T21:00:00Z,classification,"{""cohort"": ""all""}"
mlflow://experiment-7/claim-denial-risk-scorer,accuracy,0.8258,2026-07-11T15:00:00Z,classification,"{""cohort"": ""all""}"
mlflow://experiment-7/claim-denial-risk-scorer,precision,0.8545,2026-07-11T15:00:00Z,classification,"{""cohort"": ""all""}"
mlflow://experiment-7/claim-denial-risk-scorer,recall,0.847,2026-07-11T15:00:00Z,classification,"{""cohort"": ""all""}"
mlflow://experiment-7/claim-denial-risk-scorer,f1_score,0.831,2026-07-11T15:00:00Z,classification,"{""cohort"": ""all""}"
mlflow://experiment-7/claim-denial-risk-scorer,auc_roc,0.881,2026-07-11T15:00:00Z,classification,"{""cohort"": ""all""}"
mlflow://experiment-7/claim-denial-risk-scorer,accuracy,0.83,2026-07-12T22:00:00Z,classification,"{""cohort"": ""all""}"
mlflow://experiment-7/claim-denial-risk-scorer,precision,0.843,2026-07-12T22:00:00Z,classification,"{""cohort"": ""all""}"
mlflow://experiment-7/claim-denial-risk-scorer,recall,0.8402,2026-07-12T22:00:00Z,classification,"{""cohort"": ""all""}"
mlflow://experiment-7/claim-denial-risk-scorer,f1_score,0.8541,2026-07-12T22:00:00Z,classification,"{""cohort"": ""all""}"
mlflow://experiment-7/claim-denial-risk-scorer,auc_roc,0.879,2026-07-12T22:00:00Z,classification,"{""cohort"": ""all""}"
mlflow://experiment-7/claim-denial-risk-scorer,accuracy,0.8512,2026-07-14T01:00:00Z,classification,"{""cohort"": ""all""}"
mlflow://experiment-7/claim-denial-risk-scorer,precision,0.8349,2026-07-14T01:00:00Z,classification,"{""cohort"": ""all""}"
mlflow://experiment-7/claim-denial-risk-scorer,recall,0.8472,2026-07-14T01:00:00Z,classification,"{""cohort"": ""all""}"
mlflow://experiment-7/claim-denial-risk-scorer,f1_score,0.8605,2026-07-14T01:00:00Z,classification,"{""cohort"": ""all""}"
mlflow://experiment-7/claim-denial-risk-scorer,auc_roc,0.858,2026-07-14T01:00:00Z,classification,"{""cohort"": ""all""}"
mlflow://experiment-7/claim-denial-risk-scorer,accuracy,0.8334,2026-07-15T08:00:00Z,classification,"{""cohort"": ""all""}"
mlflow://experiment-7/claim-denial-risk-scorer,precision,0.8158,2026-07-15T08:00:00Z,classification,"{""cohort"": ""all""}"
mlflow://experiment-7/claim-denial-risk-scorer,recall,0.8289,2026-07-15T08:00:00Z,classification,"{""cohort"": ""all""}"
mlflow://experiment-7/claim-denial-risk-scorer,f1_score,0.8754,2026-07-15T08:00:00Z,classification,"{""cohort"": ""all""}"
mlflow://experiment-7/claim-denial-risk-scorer,auc_roc,0.8606,2026-07-15T08:00:00Z,classification,"{""cohort"": ""all""}"
mlflow://experiment-7/claim-denial-risk-scorer,accuracy,0.8625,2026-07-16T04:00:00Z,classification,"{""cohort"": ""all""}"
mlflow://experiment-7/claim-denial-risk-scorer,precision,0.8615,2026-07-16T04:00:00Z,classification,"{""cohort"": ""all""}"
mlflow://experiment-7/claim-denial-risk-scorer,recall,0.8308,2026-07-16T04:00:00Z,classification,"{""cohort"": ""all""}"
mlflow://experiment-7/claim-denial-risk-scorer,f1_score,0.8431,2026-07-16T04:00:00Z,classification,"{""cohort"": ""all""}"
mlflow://experiment-7/claim-denial-risk-scorer,auc_roc,0.8519,2026-07-16T04:00:00Z,classification,"{""cohort"": ""all""}"
mlflow://experiment-7/claim-denial-risk-scorer,accuracy,0.8388,2026-07-16T18:00:00Z,classification,"{""cohort"": ""all""}"
mlflow://experiment-7/claim-denial-risk-scorer,precision,0.8206,2026-07-16T18:00:00Z,classification,"{""cohort"": ""all""}"
mlflow://experiment-7/claim-denial-risk-scorer,recall,0.882,2026-07-16T18:00:00Z,classification,"{""cohort"": ""all""}"
mlflow://experiment-7/claim-denial-risk-scorer,f1_score,0.8795,2026-07-16T18:00:00Z,classification,"{""cohort"": ""all""}"
mlflow://experiment-7/claim-denial-risk-scorer,auc_roc,0.8175,2026-07-16T18:00:00Z,classification,"{""cohort"": ""all""}"
mlflow://experiment-7/claim-denial-risk-scorer,precision,0.8657,2026-07-17T16:00:00Z,classification,"{""cohort"": ""all""}"
mlflow://experiment-7/claim-denial-risk-scorer,accuracy,0.8344,2026-07-17T16:00:00Z,classification,"{""cohort"": ""all""}"
mlflow://experiment-7/claim-denial-risk-scorer,recall,0.8471,2026-07-17T16:00:00Z,classification,"{""cohort"": ""all""}"
mlflow://experiment-7/claim-denial-risk-scorer,f1_score,0.8269,2026-07-17T16:00:00Z,classification,"{""cohort"": ""all""}"
mlflow://experiment-7/claim-denial-risk-scorer,auc_roc,0.8376,2026-07-17T16:00:00Z,classification,"{""cohort"": ""all""}"
mlflow://experiment-7/claim-denial-risk-scorer,accuracy,0.8361,2026-07-19T08:00:00Z,classification,"{""cohort"": ""all""}"
mlflow://experiment-7/claim-denial-risk-scorer,precision,0.8584,2026-07-19T08:00:00Z,classification,"{""cohort"": ""all""}"
mlflow://experiment-7/claim-denial-risk-scorer,recall,0.8489,2026-07-19T08:00:00Z,classification,"{""cohort"": ""all""}"
mlflow://experiment-7/claim-denial-risk-scorer,f1_score,0.8495,2026-07-19T08:00:00Z,classification,"{""cohort"": ""all""}"
mlflow://experiment-7/claim-denial-risk-scorer,auc_roc,0.868,2026-07-19T08:00:00Z,classification,"{""cohort"": ""all""}"
mlflow://experiment-7/claim-denial-risk-scorer,accuracy,0.8436,2026-07-20T06:00:00Z,classification,"{""cohort"": ""all""}"
mlflow://experiment-7/claim-denial-risk-scorer,recall,0.8425,2026-07-20T06:00:00Z,classification,"{""cohort"": ""all""}"
mlflow://experiment-7/claim-denial-risk-scorer,precision,0.8247,2026-07-20T06:00:00Z,classification,"{""cohort"": ""all""}"
mlflow://experiment-7/claim-denial-risk-scorer,f1_score,0.8356,2026-07-20T06:00:00Z,classification,"{""cohort"": ""all""}"
mlflow://experiment-7/claim-denial-risk-scorer,auc_roc,0.826,2026-07-20T06:00:00Z,classification,"{""cohort"": ""all""}"
mlflow://experiment-7/claim-denial-risk-scorer,accuracy,0.827,2026-07-21T00:00:00Z,classification,"{""cohort"": ""all""}"
mlflow://experiment-7/claim-denial-risk-scorer,precision,0.8256,2026-07-21T00:00:00Z,classification,"{""cohort"": ""all""}"
mlflow://experiment-7/claim-denial-risk-scorer,recall,0.8484,2026-07-21T00:00:00Z,classification,"{""cohort"": ""all""}"
mlflow://experiment-7/claim-denial-risk-scorer,f1_score,0.8595,2026-07-21T00:00:00Z,classification,"{""cohort"": ""all""}"
mlflow://experiment-7/claim-denial-risk-scorer,auc_roc,0.8415,2026-07-21T00:00:00Z,classification,"{""cohort"": ""all""}"
mlflow://experiment-7/claim-denial-risk-scorer,accuracy,0.8382,2026-07-22T11:00:00Z,classification,"{""cohort"": ""all""}"
mlflow://experiment-7/claim-denial-risk-scorer,precision,0.8418,2026-07-22T11:00:00Z,classification,"{""cohort"": ""all""}"
mlflow://experiment-7/claim-denial-risk-scorer,recall,0.8276,2026-07-22T11:00:00Z,classification,"{""cohort"": ""all""}"
mlflow://experiment-7/claim-denial-risk-scorer,f1_score,0.8655,2026-07-22T11:00:00Z,classification,"{""cohort"": ""all""}"
mlflow://experiment-7/claim-denial-risk-scorer,auc_roc,0.8482,2026-07-22T11:00:00Z,classification,"{""cohort"": ""all""}"
mlflow://experiment-7/claim-denial-risk-scorer,accuracy,0.86,2026-07-23T08:00:00Z,classification,"{""cohort"": ""all""}"
mlflow://experiment-7/claim-denial-risk-scorer,precision,0.8379,2026-07-23T08:00:00Z,classification,"{""cohort"": ""all""}"
mlflow://experiment-7/claim-denial-risk-scorer,recall,0.8283,2026-07-23T08:00:00Z,classification,"{""cohort"": ""all""}"
mlflow://experiment-7/claim-denial-risk-scorer,f1_score,0.8483,2026-07-23T08:00:00Z,classification,"{""cohort"": ""all""}"
mlflow://experiment-7/claim-denial-risk-scorer,auc_roc,0.8299,2026-07-23T08:00:00Z,classification,"{""cohort"": ""all""}"
mlflow://experiment-7/claim-denial-risk-scorer,accuracy,0.8231,2026-07-23T15:00:00Z,classification,"{""cohort"": ""all""}"
mlflow://experiment-7/claim-denial-risk-scorer,precision,0.8514,2026-07-23T15:00:00Z,classification,"{""cohort"": ""all""}"
mlflow://experiment-7/claim-denial-risk-scorer,recall,0.8519,2026-07-23T15:00:00Z,classification,"{""cohort"": ""all""}"
mlflow://experiment-7/claim-denial-risk-scorer,f1_score,0.8622,2026-07-23T15:00:00Z,classification,"{""cohort"": ""all""}"
mlflow://experiment-7/claim-denial-risk-scorer,auc_roc,0.8343,2026-07-23T15:00:00Z,classification,"{""cohort"": ""all""}"
mlflow://experiment-7/claim-denial-risk-scorer,accuracy,0.8489,2026-07-25T11:00:00Z,classification,"{""cohort"": ""all""}"
mlflow://experiment-7/claim-denial-risk-scorer,precision,0.8189,2026-07-25T11:00:00Z,classification,"{""cohort"": ""all""}"
mlflow://experiment-7/claim-denial-risk-scorer,recall,0.8347,2026-07-25T11:00:00Z,classification,"{""cohort"": ""all""}"
mlflow://experiment-7/claim-denial-risk-scorer,f1_score,0.8161,2026-07-25T11:00:00Z,classification,"{""cohort"": ""all""}"
mlflow://experiment-7/claim-denial-risk-scorer,auc_roc,0.8463,2026-07-25T11:00:00Z,classification,"{""cohort"": ""all""}"
mlflow://experiment-7/claim-denial-risk-scorer,accuracy,0.8182,2026-07-25T16:00:00Z,classification,"{""cohort"": ""all""}"
mlflow://experiment-7/claim-denial-risk-scorer,precision,0.863,2026-07-25T16:00:00Z,classification,"{""cohort"": ""all""}"
mlflow://experiment-7/claim-denial-risk-scorer,recall,0.8299,2026-07-25T16:00:00Z,classification,"{""cohort"": ""all""}"
mlflow://experiment-7/claim-denial-risk-scorer,f1_score,0.8435,2026-07-25T16:00:00Z,classification,"{""cohort"": ""all""}"
mlflow://experiment-7/claim-denial-risk-scorer,auc_roc,0.8678,2026-07-25T16:00:00Z,classification,"{""cohort"": ""all""}"
mlflow://experiment-7/claim-denial-risk-scorer,accuracy,0.8242,2026-07-27T00:00:00Z,classification,"{""cohort"": ""all""}"
mlflow://experiment-7/claim-denial-risk-scorer,precision,0.8456,2026-07-27T00:00:00Z,classification,"{""cohort"": ""all""}"
mlflow://experiment-7/claim-denial-risk-scorer,recall,0.8363,2026-07-27T00:00:00Z,classification,"{""cohort"": ""all""}"
mlflow://experiment-7/claim-denial-risk-scorer,f1_score,0.8453,2026-07-27T00:00:00Z,classification,"{""cohort"": ""all""}"
mlflow://experiment-7/claim-denial-risk-scorer,auc_roc,0.834,2026-07-27T00:00:00Z,classification,"{""cohort"": ""all""}"
mlflow://experiment-7/claim-denial-risk-scorer,accuracy,0.8263,2026-07-27T12:00:00Z,classification,"{""cohort"": ""all""}"
mlflow://experiment-7/claim-denial-risk-scorer,precision,0.8291,2026-07-27T12:00:00Z,classification,"{""cohort"": ""all""}"
mlflow://experiment-7/claim-denial-risk-scorer,recall,0.8195,2026-07-27T12:00:00Z,classification,"{""cohort"": ""all""}"
mlflow://experiment-7/claim-denial-risk-scorer,f1_score,0.8502,2026-07-27T12:00:00Z,classification,"{""cohort"": ""all""}"
mlflow://experiment-7/claim-denial-risk-scorer,auc_roc,0.8638,2026-07-27T12:00:00Z,classification,"{""cohort"": ""all""}"
mlflow://experiment-7/claim-denial-risk-scorer,accuracy,0.8401,2026-07-28T20:00:00Z,classification,"{""cohort"": ""all""}"
mlflow://experiment-7/claim-denial-risk-scorer,precision,0.8358,2026-07-28T20:00:00Z,classification,"{""cohort"": ""all""}"
mlflow://experiment-7/claim-denial-risk-scorer,recall,0.8122,2026-07-28T20:00:00Z,classification,"{""cohort"": ""all""}"
mlflow://experiment-7/claim-denial-risk-scorer,f1_score,0.8291,2026-07-28T20:00:00Z,classification,"{""cohort"": ""all""}"
mlflow://experiment-7/claim-denial-risk-scorer,auc_roc,0.8304,2026-07-28T20:00:00Z,classification,"{""cohort"": ""all""}"
mlflow://experiment-7/claim-denial-risk-scorer,accuracy,0.8303,2026-07-29T15:00:00Z,classification,"{""cohort"": ""all""}"
mlflow://experiment-7/claim-denial-risk-scorer,precision,0.8295,2026-07-29T15:00:00Z,classification,"{""cohort"": ""all""}"
mlflow://experiment-7/claim-denial-risk-scorer,recall,0.8262,2026-07-29T15:00:00Z,classification,"{""cohort"": ""all""}"
mlflow://experiment-7/claim-denial-risk-scorer,f1_score,0.8175,2026-07-29T15:00:00Z,classification,"{""cohort"": ""all""}"
mlflow://experiment-7/claim-denial-risk-scorer,auc_roc,0.8182,2026-07-29T15:00:00Z,classification,"{""cohort"": ""all""}"
mlflow://experiment-7/claim-denial-risk-scorer,accuracy,0.8439,2026-07-31T03:00:00Z,classification,"{""cohort"": ""all""}"
mlflow://experiment-7/claim-denial-risk-scorer,precision,0.828,2026-07-31T03:00:00Z,classification,"{""cohort"": ""all""}"
mlflow://experiment-7/claim-denial-risk-scorer,recall,0.8213,2026-07-31T03:00:00Z,classification,"{""cohort"": ""all""}"
mlflow://experiment-7/claim-denial-risk-scorer,f1_score,0.8302,2026-07-31T03:00:00Z,classification,"{""cohort"": ""all""}"
mlflow://experiment-7/claim-denial-risk-scorer,auc_roc,0.8291,2026-07-31T03:00:00Z,classification,"{""cohort"": ""all""}"
mlflow://experiment-8/drug-efficacy-predictor,r2_score,0.9322,2026-05-03T01:00:00Z,regression,"{""cohort"": ""all""}"
mlflow://experiment-8/drug-efficacy-predictor,mae,2.7495,2026-05-03T01:00:00Z,regression,"{""cohort"": ""all""}"
mlflow://experiment-8/drug-efficacy-predictor,rmse,2.9658,2026-05-03T01:00:00Z,regression,"{""cohort"": ""all""}"
mlflow://experiment-8/drug-efficacy-predictor,mape,6.1353,2026-05-03T01:00:00Z,regression,"{""cohort"": ""all""}"
mlflow://experiment-8/drug-efficacy-predictor,r2_score,0.9213,2026-05-03T08:00:00Z,regression,"{""cohort"": ""all""}"
mlflow://experiment-8/drug-efficacy-predictor,mae,3.2089,2026-05-03T16:00:00Z,regression,"{""cohort"": ""all""}"
mlflow://experiment-8/drug-efficacy-predictor,rmse,2.7234,2026-05-03T16:00:00Z,regression,"{""cohort"": ""all""}"
mlflow://experiment-8/drug-efficacy-predictor,mape,5.9899,2026-05-03T16:00:00Z,regression,"{""cohort"": ""all""}"
mlflow://experiment-8/drug-efficacy-predictor,r2_score,0.9436,2026-05-04T21:00:00Z,regression,"{""cohort"": ""all""}"
mlflow://experiment-8/drug-efficacy-predictor,mae,3.0623,2026-05-04T21:00:00Z,regression,"{""cohort"": ""all""}"
mlflow://experiment-8/drug-efficacy-predictor,rmse,3.0423,2026-05-04T21:00:00Z,regression,"{""cohort"": ""all""}"
mlflow://experiment-8/drug-efficacy-predictor,mape,6.0633,2026-05-04T21:00:00Z,regression,"{""cohort"": ""all""}"
mlflow://experiment-8/drug-efficacy-predictor,r2_score,0.9532,2026-05-05T20:00:00Z,regression,"{""cohort"": ""all""}"
mlflow://experiment-8/drug-efficacy-predictor,mae,2.5311,2026-05-05T20:00:00Z,regression,"{""cohort"": ""all""}"
mlflow://experiment-8/drug-efficacy-predictor,rmse,2.8712,2026-05-05T20:00:00Z,regression,"{""cohort"": ""all""}"
mlflow://experiment-8/drug-efficacy-predictor,mape,6.08,2026-05-05T20:00:00Z,regression,"{""cohort"": ""all""}"
mlflow://experiment-8/drug-efficacy-predictor,r2_score,0.9514,2026-05-06T17:00:00Z,regression,"{""cohort"": ""all""}"
mlflow://experiment-8/drug-efficacy-predictor,mae,3.0574,2026-05-06T17:00:00Z,regression,"{""cohort"": ""all""}"
mlflow://experiment-8/drug-efficacy-predictor,rmse,3.1222,2026-05-06T17:00:00Z,regression,"{""cohort"": ""all""}"
mlflow://experiment-8/drug-efficacy-predictor,mape,6.2244,2026-05-06T17:00:00Z,regression,"{""cohort"": ""all""}"
mlflow://experiment-8/drug-efficacy-predictor,r2_score,0.9402,2026-05-07T22:00:00Z,regression,"{""cohort"": ""all""}"
mlflow://experiment-8/drug-efficacy-predictor,mae,3.0319,2026-05-07T22:00:00Z,regression,"{""cohort"": ""all""}"
mlflow://experiment-8/drug-efficacy-predictor,rmse,3.082,2026-05-07T22:00:00Z,regression,"{""cohort"": ""all""}"
mlflow://experiment-8/drug-efficacy-predictor,mape,6.0257,2026-05-07T22:00:00Z,regression,"{""cohort"": ""all""}"
mlflow://experiment-8/drug-efficacy-predictor,r2_score,0.9372,2026-05-09T06:00:00Z,regression,"{""cohort"": ""all""}"
mlflow://experiment-8/drug-efficacy-predictor,mae,2.9007,2026-05-09T06:00:00Z,regression,"{""cohort"": ""all""}"
mlflow://experiment-8/drug-efficacy-predictor,rmse,3.2021,2026-05-09T06:00:00Z,regression,"{""cohort"": ""all""}"
mlflow://experiment-8/drug-efficacy-predictor,mape,6.0642,2026-05-09T06:00:00Z,regression,"{""cohort"": ""all""}"
mlflow://experiment-8/drug-efficacy-predictor,r2_score,0.9364,2026-05-10T11:00:00Z,regression,"{""cohort"": ""all""}"
mlflow://experiment-8/drug-efficacy-predictor,mae,2.5722,2026-05-10T11:00:00Z,regression,"{""cohort"": ""all""}"
mlflow://experiment-8/drug-efficacy-predictor,rmse,2.8639,2026-05-10T11:00:00Z,regression,"{""cohort"": ""all""}"
mlflow://experiment-8/drug-efficacy-predictor,mape,5.913,2026-05-10T11:00:00Z,regression,"{""cohort"": ""all""}"
mlflow://experiment-8/drug-efficacy-predictor,r2_score,0.9397,2026-05-10T21:00:00Z,regression,"{""cohort"": ""all""}"
mlflow://experiment-8/drug-efficacy-predictor,mae,3.0639,2026-05-10T21:00:00Z,regression,"{""cohort"": ""all""}"
mlflow://experiment-8/drug-efficacy-predictor,rmse,3.1574,2026-05-10T21:00:00Z,regression,"{""cohort"": ""all""}"
mlflow://experiment-8/drug-efficacy-predictor,mape,5.8122,2026-05-10T21:00:00Z,regression,"{""cohort"": ""all""}"
mlflow://experiment-8/drug-efficacy-predictor,r2_score,0.9304,2026-05-11T21:00:00Z,regression,"{""cohort"": ""all""}"
mlflow://experiment-8/drug-efficacy-predictor,mae,3.2313,2026-05-11T21:00:00Z,regression,"{""cohort"": ""all""}"
mlflow://experiment-8/drug-efficacy-predictor,rmse,2.9113,2026-05-11T21:00:00Z,regression,"{""cohort"": ""all""}"
mlflow://experiment-8/drug-efficacy-predictor,mape,6.0223,2026-05-11T21:00:00Z,regression,"{""cohort"": ""all""}"
mlflow://experiment-8/drug-efficacy-predictor,r2_score,0.9454,2026-05-12T13:00:00Z,regression,"{""cohort"": ""all""}"
mlflow://experiment-8/drug-efficacy-predictor,mae,3.0066,2026-05-12T13:00:00Z,regression,"{""cohort"": ""all""}"
mlflow://experiment-8/drug-efficacy-predictor,rmse,2.8925,2026-05-12T13:00:00Z,regression,"{""cohort"": ""all""}"
mlflow://experiment-8/drug-efficacy-predictor,mape,5.9287,2026-05-12T13:00:00Z,regression,"{""cohort"": ""all""}"
mlflow://experiment-8/drug-efficacy-predictor,r2_score,0.9476,2026-05-14T02:00:00Z,regression,"{""cohort"": ""all""}"
mlflow://experiment-8/drug-efficacy-predictor,mae,2.956,2026-05-14T02:00:00Z,regression,"{""cohort"": ""all""}"
mlflow://experiment-8/drug-efficacy-predictor,rmse,2.9795,2026-05-14T02:00:00Z,regression,"{""cohort"": ""all""}"
mlflow://experiment-8/drug-efficacy-predictor,r2_score,0.9441,2026-05-14T22:00:00Z,regression,"{""cohort"": ""all""}"
mlflow://experiment-8/drug-efficacy-predictor,mape,5.904,2026-05-14T02:00:00Z,regression,"{""cohort"": ""all""}"
mlflow://experiment-8/drug-efficacy-predictor,mae,3.1847,2026-05-14T22:00:00Z,regression,"{""cohort"": ""all""}"
mlflow://experiment-8/drug-efficacy-predictor,rmse,3.1549,2026-05-14T22:00:00Z,regression,"{""cohort"": ""all""}"
mlflow://experiment-8/drug-efficacy-predictor,mape,5.9813,2026-05-14T22:00:00Z,regression,"{""cohort"": ""all""}"
mlflow://experiment-8/drug-efficacy-predictor,r2_score,0.9358,2026-05-16T00:00:00Z,regression,"{""cohort"": ""all""}"
mlflow://experiment-8/drug-efficacy-predictor,mae,2.7879,2026-05-16T00:00:00Z,regression,"{""cohort"": ""all""}"
mlflow://experiment-8/drug-efficacy-predictor,rmse,2.6325,2026-05-16T00:00:00Z,regression,"{""cohort"": ""all""}"
mlflow://experiment-8/drug-efficacy-predictor,mape,6.0984,2026-05-16T00:00:00Z,regression,"{""cohort"": ""all""}"
mlflow://experiment-8/drug-efficacy-predictor,r2_score,0.9517,2026-05-16T17:00:00Z,regression,"{""cohort"": ""all""}"
mlflow://experiment-8/drug-efficacy-predictor,mae,3.2013,2026-05-16T17:00:00Z,regression,"{""cohort"": ""all""}"
mlflow://experiment-8/drug-efficacy-predictor,rmse,3.4459,2026-05-16T17:00:00Z,regression,"{""cohort"": ""all""}"
mlflow://experiment-8/drug-efficacy-predictor,mape,6.0861,2026-05-16T17:00:00Z,regression,"{""cohort"": ""all""}"
mlflow://experiment-8/drug-efficacy-predictor,r2_score,0.9575,2026-05-17T17:00:00Z,regression,"{""cohort"": ""all""}"
mlflow://experiment-8/drug-efficacy-predictor,mae,3.267,2026-05-17T17:00:00Z,regression,"{""cohort"": ""all""}"
mlflow://experiment-8/drug-efficacy-predictor,rmse,2.7421,2026-05-17T17:00:00Z,regression,"{""cohort"": ""all""}"
mlflow://experiment-8/drug-efficacy-predictor,mape,6.0141,2026-05-17T17:00:00Z,regression,"{""cohort"": ""all""}"
mlflow://experiment-8/drug-efficacy-predictor,r2_score,0.9441,2026-05-19T02:00:00Z,regression,"{""cohort"": ""all""}"
mlflow://experiment-8/drug-efficacy-predictor,mae,3.1775,2026-05-19T02:00:00Z,regression,"{""cohort"": ""all""}"
mlflow://experiment-8/drug-efficacy-predictor,rmse,2.9695,2026-05-19T02:00:00Z,regression,"{""cohort"": ""all""}"
mlflow://experiment-8/drug-efficacy-predictor,mape,6.0188,2026-05-19T02:00:00Z,regression,"{""cohort"": ""all""}"
mlflow://experiment-8/drug-efficacy-predictor,r2_score,0.9517,2026-05-20T09:00:00Z,regression,"{""cohort"": ""all""}"
mlflow://experiment-8/drug-efficacy-predictor,mae,2.7792,2026-05-20T09:00:00Z,regression,"{""cohort"": ""all""}"
mlflow://experiment-8/drug-efficacy-predictor,rmse,3.1786,2026-05-20T09:00:00Z,regression,"{""cohort"": ""all""}"
mlflow://experiment-8/drug-efficacy-predictor,mape,5.9278,2026-05-20T09:00:00Z,regression,"{""cohort"": ""all""}"
mlflow://experiment-8/drug-efficacy-predictor,r2_score,0.9478,2026-05-21T03:00:00Z,regression,"{""cohort"": ""all""}"
mlflow://experiment-8/drug-efficacy-predictor,mae,3.1341,2026-05-21T03:00:00Z,regression,"{""cohort"": ""all""}"
mlflow://experiment-8/drug-efficacy-predictor,rmse,3.1493,2026-05-21T03:00:00Z,regression,"{""cohort"": ""all""}"
mlflow://experiment-8/drug-efficacy-predictor,mape,6.0222,2026-05-21T03:00:00Z,regression,"{""cohort"": ""all""}"
mlflow://experiment-8/drug-efficacy-predictor,r2_score,0.9601,2026-05-21T22:00:00Z,regression,"{""cohort"": ""all""}"
mlflow://experiment-8/drug-efficacy-predictor,mae,3.0312,2026-05-21T22:00:00Z,regression,"{""cohort"": ""all""}"
mlflow://experiment-8/drug-efficacy-predictor,rmse,2.674,2026-05-21T22:00:00Z,regression,"{""cohort"": ""all""}"
mlflow://experiment-8/drug-efficacy-predictor,mape,5.9744,2026-05-21T22:00:00Z,regression,"{""cohort"": ""all""}"
mlflow://experiment-8/drug-efficacy-predictor,r2_score,0.9147,2026-05-23T11:00:00Z,regression,"{""cohort"": ""all""}"
mlflow://experiment-8/drug-efficacy-predictor,mae,2.7806,2026-05-23T11:00:00Z,regression,"{""cohort"": ""all""}"
mlflow://experiment-8/drug-efficacy-predictor,rmse,2.9123,2026-05-23T11:00:00Z,regression,"{""cohort"": ""all""}"
mlflow://experiment-8/drug-efficacy-predictor,mape,5.9204,2026-05-23T11:00:00Z,regression,"{""cohort"": ""all""}"
mlflow://experiment-8/drug-efficacy-predictor,r2_score,0.9347,2026-05-24T04:00:00Z,regression,"{""cohort"": ""all""}"
mlflow://experiment-8/drug-efficacy-predictor,mae,2.7431,2026-05-24T04:00:00Z,regression,"{""cohort"": ""all""}"
mlflow://experiment-8/drug-efficacy-predictor,rmse,2.7061,2026-05-24T04:00:00Z,regression,"{""cohort"": ""all""}"
mlflow://experiment-8/drug-efficacy-predictor,mape,6.066,2026-05-24T04:00:00Z,regression,"{""cohort"": ""all""}"
mlflow://experiment-8/drug-efficacy-predictor,r2_score,0.9315,2026-05-25T03:00:00Z,regression,"{""cohort"": ""all""}"
mlflow://experiment-8/drug-efficacy-predictor,mae,3.2476,2026-05-25T03:00:00Z,regression,"{""cohort"": ""all""}"
mlflow://experiment-8/drug-efficacy-predictor,rmse,2.7135,2026-05-25T03:00:00Z,regression,"{""cohort"": ""all""}"
mlflow://experiment-8/drug-efficacy-predictor,mape,6.1265,2026-05-25T03:00:00Z,regression,"{""cohort"": ""all""}"
mlflow://experiment-8/drug-efficacy-predictor,r2_score,0.9507,2026-05-26T05:00:00Z,regression,"{""cohort"": ""all""}"
mlflow://experiment-8/drug-efficacy-predictor,mae,2.8271,2026-05-26T05:00:00Z,regression,"{""cohort"": ""all""}"
mlflow://experiment-8/drug-efficacy-predictor,rmse,3.4655,2026-05-26T05:00:00Z,regression,"{""cohort"": ""all""}"
mlflow://experiment-8/drug-efficacy-predictor,mape,6.0171,2026-05-26T05:00:00Z,regression,"{""cohort"": ""all""}"
mlflow://experiment-8/drug-efficacy-predictor,r2_score,0.9514,2026-05-27T04:00:00Z,regression,"{""cohort"": ""all""}"
mlflow://experiment-8/drug-efficacy-predictor,mae,2.6821,2026-05-27T04:00:00Z,regression,"{""cohort"": ""all""}"
mlflow://experiment-8/drug-efficacy-predictor,rmse,3.0538,2026-05-27T04:00:00Z,regression,"{""cohort"": ""all""}"
mlflow://experiment-8/drug-efficacy-predictor,mape,5.9711,2026-05-27T04:00:00Z,regression,"{""cohort"": ""all""}"
mlflow://experiment-8/drug-efficacy-predictor,r2_score,0.9362,2026-05-28T03:00:00Z,regression,"{""cohort"": ""all""}"
mlflow://experiment-8/drug-efficacy-predictor,mae,3.1619,2026-05-28T03:00:00Z,regression,"{""cohort"": ""all""}"
mlflow://experiment-8/drug-efficacy-predictor,rmse,2.9581,2026-05-28T03:00:00Z,regression,"{""cohort"": ""all""}"
mlflow://experiment-8/drug-efficacy-predictor,mape,6.1171,2026-05-28T03:00:00Z,regression,"{""cohort"": ""all""}"
mlflow://experiment-8/drug-efficacy-predictor,r2_score,0.9337,2026-05-29T05:00:00Z,regression,"{""cohort"": ""all""}"
mlflow://experiment-8/drug-efficacy-predictor,mae,2.8407,2026-05-29T05:00:00Z,regression,"{""cohort"": ""all""}"
mlflow://experiment-8/drug-efficacy-predictor,rmse,3.0209,2026-05-29T05:00:00Z,regression,"{""cohort"": ""all""}"
mlflow://experiment-8/drug-efficacy-predictor,mape,6.1104,2026-05-29T05:00:00Z,regression,"{""cohort"": ""all""}"
mlflow://experiment-8/drug-efficacy-predictor,r2_score,0.9213,2026-05-30T06:00:00Z,regression,"{""cohort"": ""all""}"
mlflow://experiment-8/drug-efficacy-predictor,mae,3.1263,2026-05-30T06:00:00Z,regression,"{""cohort"": ""all""}"
mlflow://experiment-8/drug-efficacy-predictor,rmse,2.905,2026-05-30T06:00:00Z,regression,"{""cohort"": ""all""}"
mlflow://experiment-8/drug-efficacy-predictor,mape,6.0164,2026-05-30T06:00:00Z,regression,"{""cohort"": ""all""}"
mlflow://experiment-8/drug-efficacy-predictor,r2_score,0.9399,2026-05-31T03:00:00Z,regression,"{""cohort"": ""all""}"
mlflow://experiment-8/drug-efficacy-predictor,mae,2.9621,2026-05-31T03:00:00Z,regression,"{""cohort"": ""all""}"
mlflow://experiment-8/drug-efficacy-predictor,rmse,2.9556,2026-05-31T03:00:00Z,regression,"{""cohort"": ""all""}"
mlflow://experiment-8/drug-efficacy-predictor,mape,6.0154,2026-05-31T03:00:00Z,regression,"{""cohort"": ""all""}"
mlflow://experiment-8/drug-efficacy-predictor,r2_score,0.9444,2026-06-01T05:00:00Z,regression,"{""cohort"": ""all""}"
mlflow://experiment-8/drug-efficacy-predictor,mae,3.0001,2026-06-01T05:00:00Z,regression,"{""cohort"": ""all""}"
mlflow://experiment-8/drug-efficacy-predictor,rmse,2.7796,2026-06-01T05:00:00Z,regression,"{""cohort"": ""all""}"
mlflow://experiment-8/drug-efficacy-predictor,mape,5.9154,2026-06-01T05:00:00Z,regression,"{""cohort"": ""all""}"
mlflow://experiment-8/drug-efficacy-predictor,r2_score,0.9499,2026-06-01T21:00:00Z,regression,"{""cohort"": ""all""}"
mlflow://experiment-8/drug-efficacy-predictor,mae,2.8363,2026-06-01T21:00:00Z,regression,"{""cohort"": ""all""}"
mlflow://experiment-8/drug-efficacy-predictor,rmse,2.8755,2026-06-01T21:00:00Z,regression,"{""cohort"": ""all""}"
mlflow://experiment-8/drug-efficacy-predictor,mape,5.9089,2026-06-01T21:00:00Z,regression,"{""cohort"": ""all""}"
mlflow://experiment-8/drug-efficacy-predictor,r2_score,0.9378,2026-06-02T14:00:00Z,regression,"{""cohort"": ""all""}"
mlflow://experiment-8/drug-efficacy-predictor,mae,3.0506,2026-06-02T22:00:00Z,regression,"{""cohort"": ""all""}"
mlflow://experiment-8/drug-efficacy-predictor,rmse,3.0373,2026-06-02T22:00:00Z,regression,"{""cohort"": ""all""}"
mlflow://experiment-8/drug-efficacy-predictor,mape,6.1085,2026-06-02T22:00:00Z,regression,"{""cohort"": ""all""}"
mlflow://experiment-8/drug-efficacy-predictor,r2_score,0.9415,2026-06-04T05:00:00Z,regression,"{""cohort"": ""all""}"
mlflow://experiment-8/drug-efficacy-predictor,mae,2.7309,2026-06-04T05:00:00Z,regression,"{""cohort"": ""all""}"
mlflow://experiment-8/drug-efficacy-predictor,rmse,2.9605,2026-06-04T05:00:00Z,regression,"{""cohort"": ""all""}"
mlflow://experiment-8/drug-efficacy-predictor,mape,5.9071,2026-06-04T05:00:00Z,regression,"{""cohort"": ""all""}"
mlflow://experiment-8/drug-efficacy-predictor,r2_score,0.9527,2026-06-05T02:00:00Z,regression,"{""cohort"": ""all""}"
mlflow://experiment-8/drug-efficacy-predictor,mae,3.2217,2026-06-05T02:00:00Z,regression,"{""cohort"": ""all""}"
mlflow://experiment-8/drug-efficacy-predictor,rmse,3.0323,2026-06-05T02:00:00Z,regression,"{""cohort"": ""all""}"
mlflow://experiment-8/drug-efficacy-predictor,mape,6.09,2026-06-05T02:00:00Z,regression,"{""cohort"": ""all""}"
mlflow://experiment-8/drug-efficacy-predictor,r2_score,0.9481,2026-06-06T08:00:00Z,regression,"{""cohort"": ""all""}"
mlflow://experiment-8/drug-efficacy-predictor,mae,2.9632,2026-06-06T08:00:00Z,regression,"{""cohort"": ""all""}"
mlflow://experiment-8/drug-efficacy-predictor,rmse,2.6917,2026-06-06T08:00:00Z,regression,"{""cohort"": ""all""}"
mlflow://experiment-8/drug-efficacy-predictor,mape,5.9786,2026-06-06T08:00:00Z,regression,"{""cohort"": ""all""}"
mlflow://experiment-8/drug-efficacy-predictor,r2_score,0.9493,2026-06-06T13:00:00Z,regression,"{""cohort"": ""all""}"
mlflow://experiment-8/drug-efficacy-predictor,mae,2.8594,2026-06-06T13:00:00Z,regression,"{""cohort"": ""all""}"
mlflow://experiment-8/drug-efficacy-predictor,rmse,3.1437,2026-06-06T13:00:00Z,regression,"{""cohort"": ""all""}"
mlflow://experiment-8/drug-efficacy-predictor,mape,5.8518,2026-06-06T13:00:00Z,regression,"{""cohort"": ""all""}"
mlflow://experiment-8/drug-efficacy-predictor,r2_score,0.9508,2026-06-08T01:00:00Z,regression,"{""cohort"": ""all""}"
mlflow://experiment-8/drug-efficacy-predictor,mae,3.1711,2026-06-08T01:00:00Z,regression,"{""cohort"": ""all""}"
mlflow://experiment-8/drug-efficacy-predictor,rmse,3.1765,2026-06-08T01:00:00Z,regression,"{""cohort"": ""all""}"
mlflow://experiment-8/drug-efficacy-predictor,mape,6.2132,2026-06-08T01:00:00Z,regression,"{""cohort"": ""all""}"
mlflow://experiment-8/drug-efficacy-predictor,r2_score,0.944,2026-06-09T00:00:00Z,regression,"{""cohort"": ""all""}"
mlflow://experiment-8/drug-efficacy-predictor,mae,3.3645,2026-06-09T00:00:00Z,regression,"{""cohort"": ""all""}"
mlflow://experiment-8/drug-efficacy-predictor,rmse,3.0662,2026-06-09T00:00:00Z,regression,"{""cohort"": ""all""}"
mlflow://experiment-8/drug-efficacy-predictor,mape,6.0846,2026-06-09T00:00:00Z,regression,"{""cohort"": ""all""}"
mlflow://experiment-8/drug-efficacy-predictor,r2_score,0.9536,2026-06-10T01:00:00Z,regression,"{""cohort"": ""all""}"
mlflow://experiment-8/drug-efficacy-predictor,mae,3.0816,2026-06-10T01:00:00Z,regression,"{""cohort"": ""all""}"
mlflow://experiment-8/drug-efficacy-predictor,rmse,2.9518,2026-06-10T01:00:00Z,regression,"{""cohort"": ""all""}"
mlflow://experiment-8/drug-efficacy-predictor,mape,5.9547,2026-06-10T01:00:00Z,regression,"{""cohort"": ""all""}"
mlflow://experiment-8/drug-efficacy-predictor,r2_score,0.9271,2026-06-11T02:00:00Z,regression,"{""cohort"": ""all""}"
mlflow://experiment-8/drug-efficacy-predictor,mae,3.0706,2026-06-11T02:00:00Z,regression,"{""cohort"": ""all""}"
mlflow://experiment-8/drug-efficacy-predictor,rmse,2.4848,2026-06-11T02:00:00Z,regression,"{""cohort"": ""all""}"
mlflow://experiment-8/drug-efficacy-predictor,mape,5.9932,2026-06-11T02:00:00Z,regression,"{""cohort"": ""all""}"
mlflow://experiment-8/drug-efficacy-predictor,r2_score,0.9369,2026-06-11T12:00:00Z,regression,"{""cohort"": ""all""}"
mlflow://experiment-8/drug-efficacy-predictor,mae,2.988,2026-06-11T12:00:00Z,regression,"{""cohort"": ""all""}"
mlflow://experiment-8/drug-efficacy-predictor,rmse,3.351,2026-06-11T12:00:00Z,regression,"{""cohort"": ""all""}"
mlflow://experiment-8/drug-efficacy-predictor,mape,5.9245,2026-06-11T12:00:00Z,regression,"{""cohort"": ""all""}"
mlflow://experiment-8/drug-efficacy-predictor,r2_score,0.9555,2026-06-13T03:00:00Z,regression,"{""cohort"": ""all""}"
mlflow://experiment-8/drug-efficacy-predictor,mae,2.8405,2026-06-13T03:00:00Z,regression,"{""cohort"": ""all""}"
mlflow://experiment-8/drug-efficacy-predictor,rmse,3.2593,2026-06-13T03:00:00Z,regression,"{""cohort"": ""all""}"
mlflow://experiment-8/drug-efficacy-predictor,mape,5.9179,2026-06-13T03:00:00Z,regression,"{""cohort"": ""all""}"
mlflow://experiment-8/drug-efficacy-predictor,r2_score,0.9394,2026-06-13T17:00:00Z,regression,"{""cohort"": ""all""}"
mlflow://experiment-8/drug-efficacy-predictor,mae,2.8959,2026-06-13T17:00:00Z,regression,"{""cohort"": ""all""}"
mlflow://experiment-8/drug-efficacy-predictor,rmse,2.7941,2026-06-13T17:00:00Z,regression,"{""cohort"": ""all""}"
mlflow://experiment-8/drug-efficacy-predictor,mape,6.088,2026-06-13T17:00:00Z,regression,"{""cohort"": ""all""}"
mlflow://experiment-8/drug-efficacy-predictor,r2_score,0.9301,2026-06-14T22:00:00Z,regression,"{""cohort"": ""all""}"
mlflow://experiment-8/drug-efficacy-predictor,mae,2.9949,2026-06-14T22:00:00Z,regression,"{""cohort"": ""all""}"
mlflow://experiment-8/drug-efficacy-predictor,rmse,3.4414,2026-06-14T22:00:00Z,regression,"{""cohort"": ""all""}"
mlflow://experiment-8/drug-efficacy-predictor,mape,5.9714,2026-06-14T22:00:00Z,regression,"{""cohort"": ""all""}"
mlflow://experiment-8/drug-efficacy-predictor,r2_score,0.9362,2026-06-15T19:00:00Z,regression,"{""cohort"": ""all""}"
mlflow://experiment-8/drug-efficacy-predictor,mae,3.5092,2026-06-15T19:00:00Z,regression,"{""cohort"": ""all""}"
mlflow://experiment-8/drug-efficacy-predictor,rmse,3.2159,2026-06-15T19:00:00Z,regression,"{""cohort"": ""all""}"
mlflow://experiment-8/drug-efficacy-predictor,mape,5.9798,2026-06-15T19:00:00Z,regression,"{""cohort"": ""all""}"
mlflow://experiment-8/drug-efficacy-predictor,r2_score,0.9488,2026-06-16T16:00:00Z,regression,"{""cohort"": ""all""}"
mlflow://experiment-8/drug-efficacy-predictor,rmse,3.1812,2026-06-16T16:00:00Z,regression,"{""cohort"": ""all""}"
mlflow://experiment-8/drug-efficacy-predictor,mae,3.2073,2026-06-16T16:00:00Z,regression,"{""cohort"": ""all""}"
mlflow://experiment-8/drug-efficacy-predictor,mape,5.9216,2026-06-16T16:00:00Z,regression,"{""cohort"": ""all""}"
mlflow://experiment-8/drug-efficacy-predictor,r2_score,0.9317,2026-06-18T10:00:00Z,regression,"{""cohort"": ""all""}"
mlflow://experiment-8/drug-efficacy-predictor,mae,2.9486,2026-06-18T10:00:00Z,regression,"{""cohort"": ""all""}"
mlflow://experiment-8/drug-efficacy-predictor,rmse,2.979,2026-06-18T10:00:00Z,regression,"{""cohort"": ""all""}"
mlflow://experiment-8/drug-efficacy-predictor,mape,5.8734,2026-06-18T10:00:00Z,regression,"{""cohort"": ""all""}"
mlflow://experiment-8/drug-efficacy-predictor,r2_score,0.9442,2026-06-18T18:00:00Z,regression,"{""cohort"": ""all""}"
mlflow://experiment-8/drug-efficacy-predictor,mae,3.2666,2026-06-18T18:00:00Z,regression,"{""cohort"": ""all""}"
mlflow://experiment-8/drug-efficacy-predictor,rmse,2.9536,2026-06-18T18:00:00Z,regression,"{""cohort"": ""all""}"
mlflow://experiment-8/drug-efficacy-predictor,mape,6.0891,2026-06-18T18:00:00Z,regression,"{""cohort"": ""all""}"
mlflow://experiment-8/drug-efficacy-predictor,r2_score,0.9506,2026-06-20T09:00:00Z,regression,"{""cohort"": ""all""}"
mlflow://experiment-8/drug-efficacy-predictor,mae,3.2331,2026-06-20T09:00:00Z,regression,"{""cohort"": ""all""}"
mlflow://experiment-8/drug-efficacy-predictor,rmse,3.1236,2026-06-20T09:00:00Z,regression,"{""cohort"": ""all""}"
mlflow://experiment-8/drug-efficacy-predictor,mape,5.9903,2026-06-20T09:00:00Z,regression,"{""cohort"": ""all""}"
mlflow://experiment-8/drug-efficacy-predictor,r2_score,0.937,2026-06-21T05:00:00Z,regression,"{""cohort"": ""all""}"
mlflow://experiment-8/drug-efficacy-predictor,mae,2.8342,2026-06-21T05:00:00Z,regression,"{""cohort"": ""all""}"
mlflow://experiment-8/drug-efficacy-predictor,rmse,3.1395,2026-06-21T05:00:00Z,regression,"{""cohort"": ""all""}"
mlflow://experiment-8/drug-efficacy-predictor,mape,6.0618,2026-06-21T05:00:00Z,regression,"{""cohort"": ""all""}"
mlflow://experiment-8/drug-efficacy-predictor,r2_score,0.9193,2026-06-22T03:00:00Z,regression,"{""cohort"": ""all""}"
mlflow://experiment-8/drug-efficacy-predictor,mae,2.7622,2026-06-22T03:00:00Z,regression,"{""cohort"": ""all""}"
mlflow://experiment-8/drug-efficacy-predictor,rmse,2.9257,2026-06-22T03:00:00Z,regression,"{""cohort"": ""all""}"
mlflow://experiment-8/drug-efficacy-predictor,mape,5.8549,2026-06-22T03:00:00Z,regression,"{""cohort"": ""all""}"
mlflow://experiment-8/drug-efficacy-predictor,r2_score,0.9357,2026-06-23T05:00:00Z,regression,"{""cohort"": ""all""}"
mlflow://experiment-8/drug-efficacy-predictor,mae,3.3779,2026-06-23T05:00:00Z,regression,"{""cohort"": ""all""}"
mlflow://experiment-8/drug-efficacy-predictor,rmse,3.0871,2026-06-23T05:00:00Z,regression,"{""cohort"": ""all""}"
mlflow://experiment-8/drug-efficacy-predictor,mape,5.8864,2026-06-23T05:00:00Z,regression,"{""cohort"": ""all""}"
mlflow://experiment-8/drug-efficacy-predictor,r2_score,0.9376,2026-06-23T12:00:00Z,regression,"{""cohort"": ""all""}"
mlflow://experiment-8/drug-efficacy-predictor,mae,3.0449,2026-06-23T12:00:00Z,regression,"{""cohort"": ""all""}"
mlflow://experiment-8/drug-efficacy-predictor,rmse,3.1478,2026-06-23T12:00:00Z,regression,"{""cohort"": ""all""}"
mlflow://experiment-8/drug-efficacy-predictor,r2_score,0.9551,2026-06-24T17:00:00Z,regression,"{""cohort"": ""all""}"
mlflow://experiment-8/drug-efficacy-predictor,mape,6.0274,2026-06-23T12:00:00Z,regression,"{""cohort"": ""all""}"
mlflow://experiment-8/drug-efficacy-predictor,mae,2.9687,2026-06-24T17:00:00Z,regression,"{""cohort"": ""all""}"
mlflow://experiment-8/drug-efficacy-predictor,rmse,3.0434,2026-06-24T17:00:00Z,regression,"{""cohort"": ""all""}"
mlflow://experiment-8/drug-efficacy-predictor,mape,6.0285,2026-06-24T17:00:00Z,regression,"{""cohort"": ""all""}"
mlflow://experiment-8/drug-efficacy-predictor,r2_score,0.9436,2026-06-25T21:00:00Z,regression,"{""cohort"": ""all""}"
mlflow://experiment-8/drug-efficacy-predictor,mae,3.2393,2026-06-25T21:00:00Z,regression,"{""cohort"": ""all""}"
mlflow://experiment-8/drug-efficacy-predictor,rmse,2.8615,2026-06-25T21:00:00Z,regression,"{""cohort"": ""all""}"
mlflow://experiment-8/drug-efficacy-predictor,mape,6.0852,2026-06-25T21:00:00Z,regression,"{""cohort"": ""all""}"
mlflow://experiment-8/drug-efficacy-predictor,r2_score,0.9511,2026-06-27T07:00:00Z,regression,"{""cohort"": ""all""}"
mlflow://experiment-8/drug-efficacy-predictor,mae,2.7581,2026-06-27T07:00:00Z,regression,"{""cohort"": ""all""}"
mlflow://experiment-8/drug-efficacy-predictor,rmse,3.2176,2026-06-27T07:00:00Z,regression,"{""cohort"": ""all""}"
mlflow://experiment-8/drug-efficacy-predictor,mape,5.8763,2026-06-27T07:00:00Z,regression,"{""cohort"": ""all""}"
mlflow://experiment-8/drug-efficacy-predictor,r2_score,0.9308,2026-06-28T05:00:00Z,regression,"{""cohort"": ""all""}"
mlflow://experiment-8/drug-efficacy-predictor,mae,3.1538,2026-06-28T05:00:00Z,regression,"{""cohort"": ""all""}"
mlflow://experiment-8/drug-efficacy-predictor,rmse,3.0895,2026-06-28T05:00:00Z,regression,"{""cohort"": ""all""}"
mlflow://experiment-8/drug-efficacy-predictor,mape,5.8523,2026-06-28T05:00:00Z,regression,"{""cohort"": ""all""}"
mlflow://experiment-8/drug-efficacy-predictor,r2_score,0.9283,2026-06-29T10:00:00Z,regression,"{""cohort"": ""all""}"
mlflow://experiment-8/drug-efficacy-predictor,mae,2.6074,2026-06-29T10:00:00Z,regression,"{""cohort"": ""all""}"
mlflow://experiment-8/drug-efficacy-predictor,rmse,2.6188,2026-06-29T10:00:00Z,regression,"{""cohort"": ""all""}"
mlflow://experiment-8/drug-efficacy-predictor,mape,6.1627,2026-06-29T10:00:00Z,regression,"{""cohort"": ""all""}"
mlflow://experiment-8/drug-efficacy-predictor,r2_score,0.9351,2026-06-30T09:00:00Z,regression,"{""cohort"": ""all""}"
mlflow://experiment-8/drug-efficacy-predictor,mae,3.2341,2026-06-30T09:00:00Z,regression,"{""cohort"": ""all""}"
mlflow://experiment-8/drug-efficacy-predictor,rmse,3.1517,2026-06-30T09:00:00Z,regression,"{""cohort"": ""all""}"
mlflow://experiment-8/drug-efficacy-predictor,mape,6.0062,2026-06-30T09:00:00Z,regression,"{""cohort"": ""all""}"
mlflow://experiment-8/drug-efficacy-predictor,r2_score,0.9535,2026-07-01T07:00:00Z,regression,"{""cohort"": ""all""}"
mlflow://experiment-8/drug-efficacy-predictor,mae,2.7087,2026-07-01T07:00:00Z,regression,"{""cohort"": ""all""}"
mlflow://experiment-8/drug-efficacy-predictor,rmse,2.8661,2026-07-01T07:00:00Z,regression,"{""cohort"": ""all""}"
mlflow://experiment-8/drug-efficacy-predictor,mape,6.025,2026-07-01T07:00:00Z,regression,"{""cohort"": ""all""}"
mlflow://experiment-8/drug-efficacy-predictor,r2_score,0.9359,2026-07-02T08:00:00Z,regression,"{""cohort"": ""all""}"
mlflow://experiment-8/drug-efficacy-predictor,mae,2.7228,2026-07-02T08:00:00Z,regression,"{""cohort"": ""all""}"
mlflow://experiment-8/drug-efficacy-predictor,rmse,3.0081,2026-07-02T08:00:00Z,regression,"{""cohort"": ""all""}"
mlflow://experiment-8/drug-efficacy-predictor,mape,5.8743,2026-07-02T08:00:00Z,regression,"{""cohort"": ""all""}"
mlflow://experiment-8/drug-efficacy-predictor,r2_score,0.9453,2026-07-03T07:00:00Z,regression,"{""cohort"": ""all""}"
mlflow://experiment-8/drug-efficacy-predictor,mae,3.3033,2026-07-03T07:00:00Z,regression,"{""cohort"": ""all""}"
mlflow://experiment-8/drug-efficacy-predictor,rmse,3.0759,2026-07-03T07:00:00Z,regression,"{""cohort"": ""all""}"
mlflow://experiment-8/drug-efficacy-predictor,mape,6.1023,2026-07-03T07:00:00Z,regression,"{""cohort"": ""all""}"
mlflow://experiment-8/drug-efficacy-predictor,r2_score,0.9629,2026-07-04T09:00:00Z,regression,"{""cohort"": ""all""}"
mlflow://experiment-8/drug-efficacy-predictor,mae,3.2311,2026-07-04T09:00:00Z,regression,"{""cohort"": ""all""}"
mlflow://experiment-8/drug-efficacy-predictor,rmse,2.9906,2026-07-04T09:00:00Z,regression,"{""cohort"": ""all""}"
mlflow://experiment-8/drug-efficacy-predictor,r2_score,0.9285,2026-07-04T13:00:00Z,regression,"{""cohort"": ""all""}"
mlflow://experiment-8/drug-efficacy-predictor,mape,5.9498,2026-07-04T09:00:00Z,regression,"{""cohort"": ""all""}"
mlflow://experiment-8/drug-efficacy-predictor,mae,3.1108,2026-07-04T13:00:00Z,regression,"{""cohort"": ""all""}"
mlflow://experiment-8/drug-efficacy-predictor,rmse,3.1812,2026-07-04T13:00:00Z,regression,"{""cohort"": ""all""}"
mlflow://experiment-8/drug-efficacy-predictor,mape,6.0966,2026-07-04T13:00:00Z,regression,"{""cohort"": ""all""}"
mlflow://experiment-8/drug-efficacy-predictor,r2_score,0.9512,2026-07-05T20:00:00Z,regression,"{""cohort"": ""all""}"
mlflow://experiment-8/drug-efficacy-predictor,mae,3.0079,2026-07-05T20:00:00Z,regression,"{""cohort"": ""all""}"
mlflow://experiment-8/drug-efficacy-predictor,rmse,3.0528,2026-07-05T20:00:00Z,regression,"{""cohort"": ""all""}"
mlflow://experiment-8/drug-efficacy-predictor,mape,5.9891,2026-07-05T20:00:00Z,regression,"{""cohort"": ""all""}"
mlflow://experiment-8/drug-efficacy-predictor,r2_score,0.9259,2026-07-06T22:00:00Z,regression,"{""cohort"": ""all""}"
mlflow://experiment-8/drug-efficacy-predictor,mae,2.8029,2026-07-06T22:00:00Z,regression,"{""cohort"": ""all""}"
mlflow://experiment-8/drug-efficacy-predictor,rmse,2.7284,2026-07-06T22:00:00Z,regression,"{""cohort"": ""all""}"
mlflow://experiment-8/drug-efficacy-predictor,mape,5.8636,2026-07-06T22:00:00Z,regression,"{""cohort"": ""all""}"
mlflow://experiment-8/drug-efficacy-predictor,r2_score,0.927,2026-07-07T21:00:00Z,regression,"{""cohort"": ""all""}"
mlflow://experiment-8/drug-efficacy-predictor,mae,3.0155,2026-07-07T21:00:00Z,regression,"{""cohort"": ""all""}"
mlflow://experiment-8/drug-efficacy-predictor,rmse,2.7801,2026-07-07T21:00:00Z,regression,"{""cohort"": ""all""}"
mlflow://experiment-8/drug-efficacy-predictor,mape,6.1362,2026-07-07T21:00:00Z,regression,"{""cohort"": ""all""}"
mlflow://experiment-8/drug-efficacy-predictor,r2_score,0.9152,2026-07-08T22:00:00Z,regression,"{""cohort"": ""all""}"
mlflow://experiment-8/drug-efficacy-predictor,mae,2.9203,2026-07-08T22:00:00Z,regression,"{""cohort"": ""all""}"
mlflow://experiment-8/drug-efficacy-predictor,rmse,2.6516,2026-07-08T22:00:00Z,regression,"{""cohort"": ""all""}"
mlflow://experiment-8/drug-efficacy-predictor,mape,5.9773,2026-07-08T22:00:00Z,regression,"{""cohort"": ""all""}"
mlflow://experiment-8/drug-efficacy-predictor,r2_score,0.9293,2026-07-09T17:00:00Z,regression,"{""cohort"": ""all""}"
mlflow://experiment-8/drug-efficacy-predictor,mae,3.1251,2026-07-09T17:00:00Z,regression,"{""cohort"": ""all""}"
mlflow://experiment-8/drug-efficacy-predictor,rmse,3.1185,2026-07-09T17:00:00Z,regression,"{""cohort"": ""all""}"
mlflow://experiment-8/drug-efficacy-predictor,mape,6.0386,2026-07-09T17:00:00Z,regression,"{""cohort"": ""all""}"
mlflow://experiment-8/drug-efficacy-predictor,r2_score,0.9354,2026-07-10T18:00:00Z,regression,"{""cohort"": ""all""}"
mlflow://experiment-8/drug-efficacy-predictor,mae,2.8466,2026-07-10T18:00:00Z,regression,"{""cohort"": ""all""}"
mlflow://experiment-8/drug-efficacy-predictor,rmse,2.8675,2026-07-10T18:00:00Z,regression,"{""cohort"": ""all""}"
mlflow://experiment-8/drug-efficacy-predictor,mape,6.2359,2026-07-10T18:00:00Z,regression,"{""cohort"": ""all""}"
mlflow://experiment-8/drug-efficacy-predictor,r2_score,0.9069,2026-07-12T07:00:00Z,regression,"{""cohort"": ""all""}"
mlflow://experiment-8/drug-efficacy-predictor,mae,2.8715,2026-07-12T07:00:00Z,regression,"{""cohort"": ""all""}"
mlflow://experiment-8/drug-efficacy-predictor,rmse,3.2517,2026-07-12T07:00:00Z,regression,"{""cohort"": ""all""}"
mlflow://experiment-8/drug-efficacy-predictor,mape,5.7479,2026-07-12T07:00:00Z,regression,"{""cohort"": ""all""}"
mlflow://experiment-8/drug-efficacy-predictor,r2_score,0.9469,2026-07-12T12:00:00Z,regression,"{""cohort"": ""all""}"
mlflow://experiment-8/drug-efficacy-predictor,mae,3.1216,2026-07-12T12:00:00Z,regression,"{""cohort"": ""all""}"
mlflow://experiment-8/drug-efficacy-predictor,rmse,3.0174,2026-07-12T12:00:00Z,regression,"{""cohort"": ""all""}"
mlflow://experiment-8/drug-efficacy-predictor,mape,6.1431,2026-07-12T12:00:00Z,regression,"{""cohort"": ""all""}"
mlflow://experiment-8/drug-efficacy-predictor,r2_score,0.9401,2026-07-14T07:00:00Z,regression,"{""cohort"": ""all""}"
mlflow://experiment-8/drug-efficacy-predictor,mae,3.057,2026-07-14T07:00:00Z,regression,"{""cohort"": ""all""}"
mlflow://experiment-8/drug-efficacy-predictor,rmse,3.1476,2026-07-14T07:00:00Z,regression,"{""cohort"": ""all""}"
mlflow://experiment-8/drug-efficacy-predictor,mape,5.9355,2026-07-14T07:00:00Z,regression,"{""cohort"": ""all""}"
mlflow://experiment-8/drug-efficacy-predictor,r2_score,0.9306,2026-07-14T15:00:00Z,regression,"{""cohort"": ""all""}"
mlflow://experiment-8/drug-efficacy-predictor,mae,3.1639,2026-07-14T15:00:00Z,regression,"{""cohort"": ""all""}"
mlflow://experiment-8/drug-efficacy-predictor,rmse,2.9098,2026-07-14T15:00:00Z,regression,"{""cohort"": ""all""}"
mlflow://experiment-8/drug-efficacy-predictor,mape,6.2155,2026-07-14T15:00:00Z,regression,"{""cohort"": ""all""}"
mlflow://experiment-8/drug-efficacy-predictor,r2_score,0.9281,2026-07-15T23:00:00Z,regression,"{""cohort"": ""all""}"
mlflow://experiment-8/drug-efficacy-predictor,mae,2.9786,2026-07-15T23:00:00Z,regression,"{""cohort"": ""all""}"
mlflow://experiment-8/drug-efficacy-predictor,rmse,2.8329,2026-07-15T23:00:00Z,regression,"{""cohort"": ""all""}"
mlflow://experiment-8/drug-efficacy-predictor,mape,6.0069,2026-07-15T23:00:00Z,regression,"{""cohort"": ""all""}"
mlflow://experiment-8/drug-efficacy-predictor,r2_score,0.9442,2026-07-17T08:00:00Z,regression,"{""cohort"": ""all""}"
mlflow://experiment-8/drug-efficacy-predictor,mae,3.2247,2026-07-17T08:00:00Z,regression,"{""cohort"": ""all""}"
mlflow://experiment-8/drug-efficacy-predictor,rmse,3.1147,2026-07-17T08:00:00Z,regression,"{""cohort"": ""all""}"
mlflow://experiment-8/drug-efficacy-predictor,mape,5.9806,2026-07-17T08:00:00Z,regression,"{""cohort"": ""all""}"
mlflow://experiment-8/drug-efficacy-predictor,r2_score,0.9263,2026-07-18T05:00:00Z,regression,"{""cohort"": ""all""}"
mlflow://experiment-8/drug-efficacy-predictor,mae,2.9418,2026-07-18T05:00:00Z,regression,"{""cohort"": ""all""}"
mlflow://experiment-8/drug-efficacy-predictor,rmse,3.0688,2026-07-18T05:00:00Z,regression,"{""cohort"": ""all""}"
mlflow://experiment-8/drug-efficacy-predictor,mape,6.1367,2026-07-18T05:00:00Z,regression,"{""cohort"": ""all""}"
mlflow://experiment-8/drug-efficacy-predictor,r2_score,0.9469,2026-07-18T18:00:00Z,regression,"{""cohort"": ""all""}"
mlflow://experiment-8/drug-efficacy-predictor,mae,2.8423,2026-07-18T18:00:00Z,regression,"{""cohort"": ""all""}"
mlflow://experiment-8/drug-efficacy-predictor,rmse,3.1973,2026-07-18T18:00:00Z,regression,"{""cohort"": ""all""}"
mlflow://experiment-8/drug-efficacy-predictor,mape,6.0755,2026-07-18T18:00:00Z,regression,"{""cohort"": ""all""}"
mlflow://experiment-8/drug-efficacy-predictor,r2_score,0.9519,2026-07-20T10:00:00Z,regression,"{""cohort"": ""all""}"
mlflow://experiment-8/drug-efficacy-predictor,mae,2.7728,2026-07-20T10:00:00Z,regression,"{""cohort"": ""all""}"
mlflow://experiment-8/drug-efficacy-predictor,rmse,2.6616,2026-07-20T10:00:00Z,regression,"{""cohort"": ""all""}"
mlflow://experiment-8/drug-efficacy-predictor,mape,6.0729,2026-07-20T10:00:00Z,regression,"{""cohort"": ""all""}"
mlflow://experiment-8/drug-efficacy-predictor,r2_score,0.9399,2026-07-20T14:00:00Z,regression,"{""cohort"": ""all""}"
mlflow://experiment-8/drug-efficacy-predictor,mae,2.8845,2026-07-20T14:00:00Z,regression,"{""cohort"": ""all""}"
mlflow://experiment-8/drug-efficacy-predictor,rmse,2.8263,2026-07-20T14:00:00Z,regression,"{""cohort"": ""all""}"
mlflow://experiment-8/drug-efficacy-predictor,mape,6.0228,2026-07-20T14:00:00Z,regression,"{""cohort"": ""all""}"
mlflow://experiment-8/drug-efficacy-predictor,r2_score,0.9456,2026-07-21T14:00:00Z,regression,"{""cohort"": ""all""}"
mlflow://experiment-8/drug-efficacy-predictor,mae,3.0556,2026-07-21T14:00:00Z,regression,"{""cohort"": ""all""}"
mlflow://experiment-8/drug-efficacy-predictor,rmse,2.9991,2026-07-21T14:00:00Z,regression,"{""cohort"": ""all""}"
mlflow://experiment-8/drug-efficacy-predictor,mape,6.0382,2026-07-21T14:00:00Z,regression,"{""cohort"": ""all""}"
mlflow://experiment-8/drug-efficacy-predictor,r2_score,0.9487,2026-07-22T19:00:00Z,regression,"{""cohort"": ""all""}"
mlflow://experiment-8/drug-efficacy-predictor,mae,2.8914,2026-07-22T19:00:00Z,regression,"{""cohort"": ""all""}"
mlflow://experiment-8/drug-efficacy-predictor,rmse,2.8059,2026-07-22T19:00:00Z,regression,"{""cohort"": ""all""}"
mlflow://experiment-8/drug-efficacy-predictor,mape,6.0308,2026-07-22T19:00:00Z,regression,"{""cohort"": ""all""}"
mlflow://experiment-8/drug-efficacy-predictor,r2_score,0.9549,2026-07-23T22:00:00Z,regression,"{""cohort"": ""all""}"
mlflow://experiment-8/drug-efficacy-predictor,mae,3.0317,2026-07-23T22:00:00Z,regression,"{""cohort"": ""all""}"
mlflow://experiment-8/drug-efficacy-predictor,rmse,2.7204,2026-07-23T22:00:00Z,regression,"{""cohort"": ""all""}"
mlflow://experiment-8/drug-efficacy-predictor,mape,5.9689,2026-07-23T22:00:00Z,regression,"{""cohort"": ""all""}"
mlflow://experiment-8/drug-efficacy-predictor,r2_score,0.9553,2026-07-25T07:00:00Z,regression,"{""cohort"": ""all""}"
mlflow://experiment-8/drug-efficacy-predictor,mae,3.1281,2026-07-25T07:00:00Z,regression,"{""cohort"": ""all""}"
mlflow://experiment-8/drug-efficacy-predictor,rmse,3.3726,2026-07-25T07:00:00Z,regression,"{""cohort"": ""all""}"
mlflow://experiment-8/drug-efficacy-predictor,mape,6.0548,2026-07-25T07:00:00Z,regression,"{""cohort"": ""all""}"
mlflow://experiment-8/drug-efficacy-predictor,r2_score,0.9443,2026-07-25T23:00:00Z,regression,"{""cohort"": ""all""}"
mlflow://experiment-8/drug-efficacy-predictor,mae,2.9586,2026-07-25T23:00:00Z,regression,"{""cohort"": ""all""}"
mlflow://experiment-8/drug-efficacy-predictor,rmse,3.0389,2026-07-25T23:00:00Z,regression,"{""cohort"": ""all""}"
mlflow://experiment-8/drug-efficacy-predictor,mape,5.9176,2026-07-25T23:00:00Z,regression,"{""cohort"": ""all""}"
mlflow://experiment-8/drug-efficacy-predictor,r2_score,0.9355,2026-07-26T14:00:00Z,regression,"{""cohort"": ""all""}"
mlflow://experiment-8/drug-efficacy-predictor,mae,3.4483,2026-07-26T14:00:00Z,regression,"{""cohort"": ""all""}"
mlflow://experiment-8/drug-efficacy-predictor,rmse,2.7268,2026-07-26T14:00:00Z,regression,"{""cohort"": ""all""}"
mlflow://experiment-8/drug-efficacy-predictor,mape,6.126,2026-07-26T14:00:00Z,regression,"{""cohort"": ""all""}"
mlflow://experiment-8/drug-efficacy-predictor,r2_score,0.9278,2026-07-27T12:00:00Z,regression,"{""cohort"": ""all""}"
mlflow://experiment-8/drug-efficacy-predictor,mae,3.0402,2026-07-27T12:00:00Z,regression,"{""cohort"": ""all""}"
mlflow://experiment-8/drug-efficacy-predictor,rmse,3.1304,2026-07-27T12:00:00Z,regression,"{""cohort"": ""all""}"
mlflow://experiment-8/drug-efficacy-predictor,mape,6.0753,2026-07-27T12:00:00Z,regression,"{""cohort"": ""all""}"
mlflow://experiment-8/drug-efficacy-predictor,r2_score,0.936,2026-07-29T05:00:00Z,regression,"{""cohort"": ""all""}"
mlflow://experiment-8/drug-efficacy-predictor,mae,3.2723,2026-07-29T05:00:00Z,regression,"{""cohort"": ""all""}"
mlflow://experiment-8/drug-efficacy-predictor,rmse,2.8758,2026-07-29T05:00:00Z,regression,"{""cohort"": ""all""}"
mlflow://experiment-8/drug-efficacy-predictor,mape,6.1994,2026-07-29T05:00:00Z,regression,"{""cohort"": ""all""}"
mlflow://experiment-8/drug-efficacy-predictor,r2_score,0.925,2026-07-30T11:00:00Z,regression,"{""cohort"": ""all""}"
mlflow://experiment-8/drug-efficacy-predictor,mae,2.5974,2026-07-30T11:00:00Z,regression,"{""cohort"": ""all""}"
mlflow://experiment-8/drug-efficacy-predictor,rmse,3.4067,2026-07-30T11:00:00Z,regression,"{""cohort"": ""all""}"
mlflow://experiment-8/drug-efficacy-predictor,mape,6.0143,2026-07-30T11:00:00Z,regression,"{""cohort"": ""all""}"
mlflow://experiment-8/drug-efficacy-predictor,r2_score,0.9407,2026-07-30T16:00:00Z,regression,"{""cohort"": ""all""}"
mlflow://experiment-8/drug-efficacy-predictor,mae,3.014,2026-07-30T16:00:00Z,regression,"{""cohort"": ""all""}"
mlflow://experiment-8/drug-efficacy-predictor,rmse,2.7961,2026-07-30T16:00:00Z,regression,"{""cohort"": ""all""}"
mlflow://experiment-8/drug-efficacy-predictor,mape,5.9292,2026-07-30T16:00:00Z,regression,"{""cohort"": ""all""}"
mlflow://experiment-8/drug-efficacy-predictor,mape,6.0257,2026-05-07T22:00:00Z,regression,"{""cohort"": ""all""}"
mlflow://experiment-4/disease-progression-forecaster,r2_score,0.8785,2026-05-12T08:00:00Z,regression,"{""cohort"": ""all""}"
mlflow://experiment-8/drug-efficacy-predictor,rmse,3.1549,2026-05-14T22:00:00Z,regression,"{""cohort"": ""all""}"
mlflow://experiment-4/disease-progression-forecaster,mape,7.948,2026-06-18T16:00:00Z,regression,"{""cohort"": ""all""}"
mlflow://experiment-1/patient-readmission-risk,accuracy,0.9309,2026-05-21T21:00:00Z,classification,"{""cohort"": ""all""}"
mlflow://experiment-6/length-of-stay-predictor,mae,3.1338,2026-07-23T08:00:00Z,regression,"{""cohort"": ""all""}"
mlflow://experiment-1/patient-readmission-risk,f1_score,0.9354,2026-07-30T02:00:00Z,classification,"{""cohort"": ""all""}"
mlflow://experiment-4/disease-progression-forecaster,mape,15.0042,2026-05-03T07:00:00Z,regression,"{""cohort"": ""all""}"
mlflow://experiment-5/medical-image-anomaly-detector,f1_score,0.9345,2026-06-12T19:00:00Z,classification,"{""cohort"": ""all""}"
mlflow://experiment-8/drug-efficacy-predictor,r2_score,0.9514,2026-05-06T17:00:00Z,regression,"{""cohort"": ""all""}"
mlflow://experiment-7/claim-denial-risk-scorer,recall,0.8501,2026-07-02T10:00:00Z,classification,"{""cohort"": ""all""}"
mlflow://experiment-4/disease-progression-forecaster,mape,9.2525,2026-06-10T06:00:00Z,regression,"{""cohort"": ""all""}"
mlflow://experiment-3/clinical-trial-enrollment-pred,recall,0.8145,2026-06-17T21:00:00Z,classification,"{""cohort"": ""all""}"
mlflow://experiment-1/patient-readmission-risk,f1_score,0.95,2026-07-26T21:00:00Z,classification,"{""cohort"": ""all""}"
mlflow://experiment-4/disease-progression-forecaster,mape,8.4187,2026-06-15T19:00:00Z,regression,"{""cohort"": ""all""}"
